Decimal_Value,Bit_9,Bit_8,Bit_7,Bit_6,Bit_5,Bit_4,Bit_3,Bit_2,Bit_1,Bit_0
273,0,1,0,0,0,1,0,0,0,1
46,0,0,0,0,1,0,1,1,1,0
767,1,0,1,1,1,1,1,1,1,1
232,0,0,1,1,1,0,1,0,0,0
251,0,0,1,1,1,1,1,0,1,1
344,0,1,0,1,0,1,1,0,0,0
27,0,0,0,0,0,1,1,0,1,1
861,1,1,0,1,0,1,1,1,0,1
331,0,1,0,1,0,0,1,0,1,1
1022,1,1,1,1,1,1,1,1,1,0
510,0,1,1,1,1,1,1,1,1,0
726,1,0,1,1,0,1,0,1,1,0
667,1,0,1,0,0,1,1,0,1,1
512,1,0,0,0,0,0,0,0,0,0
737,1,0,1,1,1,0,0,0,0,1
21,0,0,0,0,0,1,0,1,0,1
233,0,0,1,1,1,0,1,0,0,1
624,1,0,0,1,1,1,0,0,0,0
137,0,0,1,0,0,0,1,0,0,1
28,0,0,0,0,0,1,1,1,0,0
302,0,1,0,0,1,0,1,1,1,0
10,0,0,0,0,0,0,1,0,1,0
244,0,0,1,1,1,1,0,1,0,0
1021,1,1,1,1,1,1,1,1,0,1
656,1,0,1,0,0,1,0,0,0,0
646,1,0,1,0,0,0,0,1,1,0
284,0,1,0,0,0,1,1,1,0,0
981,1,1,1,1,0,1,0,1,0,1
929,1,1,1,0,1,0,0,0,0,1
121,0,0,0,1,1,1,1,0,0,1
111,0,0,0,1,1,0,1,1,1,1
657,1,0,1,0,0,1,0,0,0,1
755,1,0,1,1,1,1,0,0,1,1
179,0,0,1,0,1,1,0,0,1,1
326,0,1,0,1,0,0,0,1,1,0
620,1,0,0,1,1,0,1,1,0,0
588,1,0,0,1,0,0,1,1,0,0
986,1,1,1,1,0,1,1,0,1,0
912,1,1,1,0,0,1,0,0,0,0
222,0,0,1,1,0,1,1,1,1,0
831,1,1,0,0,1,1,1,1,1,1
391,0,1,1,0,0,0,0,1,1,1
933,1,1,1,0,1,0,0,1,0,1
380,0,1,0,1,1,1,1,1,0,0
357,0,1,0,1,1,0,0,1,0,1
972,1,1,1,1,0,0,1,1,0,0
681,1,0,1,0,1,0,1,0,0,1
341,0,1,0,1,0,1,0,1,0,1
852,1,1,0,1,0,1,0,1,0,0
581,1,0,0,1,0,0,0,1,0,1
75,0,0,0,1,0,0,1,0,1,1
367,0,1,0,1,1,0,1,1,1,1
679,1,0,1,0,1,0,0,1,1,1
281,0,1,0,0,0,1,1,0,0,1
342,0,1,0,1,0,1,0,1,1,0
351,0,1,0,1,0,1,1,1,1,1
572,1,0,0,0,1,1,1,1,0,0
599,1,0,0,1,0,1,0,1,1,1
746,1,0,1,1,1,0,1,0,1,0
371,0,1,0,1,1,1,0,0,1,1
455,0,1,1,1,0,0,0,1,1,1
484,0,1,1,1,1,0,0,1,0,0
852,1,1,0,1,0,1,0,1,0,0
307,0,1,0,0,1,1,0,0,1,1
930,1,1,1,0,1,0,0,0,1,0
291,0,1,0,0,1,0,0,0,1,1
588,1,0,0,1,0,0,1,1,0,0
495,0,1,1,1,1,0,1,1,1,1
601,1,0,0,1,0,1,1,0,0,1
886,1,1,0,1,1,1,0,1,1,0
847,1,1,0,1,0,0,1,1,1,1
375,0,1,0,1,1,1,0,1,1,1
641,1,0,1,0,0,0,0,0,0,1
105,0,0,0,1,1,0,1,0,0,1
401,0,1,1,0,0,1,0,0,0,1
760,1,0,1,1,1,1,1,0,0,0
838,1,1,0,1,0,0,0,1,1,0
102,0,0,0,1,1,0,0,1,1,0
230,0,0,1,1,1,0,0,1,1,0
832,1,1,0,1,0,0,0,0,0,0
314,0,1,0,0,1,1,1,0,1,0
98,0,0,0,1,1,0,0,0,1,0
437,0,1,1,0,1,1,0,1,0,1
82,0,0,0,1,0,1,0,0,1,0
269,0,1,0,0,0,0,1,1,0,1
258,0,1,0,0,0,0,0,0,1,0
741,1,0,1,1,1,0,0,1,0,1
428,0,1,1,0,1,0,1,1,0,0
358,0,1,0,1,1,0,0,1,1,0
60,0,0,0,0,1,1,1,1,0,0
409,0,1,1,0,0,1,1,0,0,1
127,0,0,0,1,1,1,1,1,1,1
6,0,0,0,0,0,0,0,1,1,0
299,0,1,0,0,1,0,1,0,1,1
646,1,0,1,0,0,0,0,1,1,0
330,0,1,0,1,0,0,1,0,1,0
134,0,0,1,0,0,0,0,1,1,0
575,1,0,0,0,1,1,1,1,1,1
959,1,1,1,0,1,1,1,1,1,1
998,1,1,1,1,1,0,0,1,1,0
523,1,0,0,0,0,0,1,0,1,1
154,0,0,1,0,0,1,1,0,1,0
248,0,0,1,1,1,1,1,0,0,0
344,0,1,0,1,0,1,1,0,0,0
288,0,1,0,0,1,0,0,0,0,0
523,1,0,0,0,0,0,1,0,1,1
32,0,0,0,0,1,0,0,0,0,0
394,0,1,1,0,0,0,1,0,1,0
103,0,0,0,1,1,0,0,1,1,1
702,1,0,1,0,1,1,1,1,1,0
438,0,1,1,0,1,1,0,1,1,0
129,0,0,1,0,0,0,0,0,0,1
575,1,0,0,0,1,1,1,1,1,1
902,1,1,1,0,0,0,0,1,1,0
692,1,0,1,0,1,1,0,1,0,0
235,0,0,1,1,1,0,1,0,1,1
724,1,0,1,1,0,1,0,1,0,0
516,1,0,0,0,0,0,0,1,0,0
1017,1,1,1,1,1,1,1,0,0,1
104,0,0,0,1,1,0,1,0,0,0
468,0,1,1,1,0,1,0,1,0,0
492,0,1,1,1,1,0,1,1,0,0
278,0,1,0,0,0,1,0,1,1,0
308,0,1,0,0,1,1,0,1,0,0
287,0,1,0,0,0,1,1,1,1,1
474,0,1,1,1,0,1,1,0,1,0
37,0,0,0,0,1,0,0,1,0,1
785,1,1,0,0,0,1,0,0,0,1
542,1,0,0,0,0,1,1,1,1,0
177,0,0,1,0,1,1,0,0,0,1
365,0,1,0,1,1,0,1,1,0,1
318,0,1,0,0,1,1,1,1,1,0
578,1,0,0,1,0,0,0,0,1,0
887,1,1,0,1,1,1,0,1,1,1
258,0,1,0,0,0,0,0,0,1,0
890,1,1,0,1,1,1,1,0,1,0
885,1,1,0,1,1,1,0,1,0,1
203,0,0,1,1,0,0,1,0,1,1
852,1,1,0,1,0,1,0,1,0,0
978,1,1,1,1,0,1,0,0,1,0
121,0,0,0,1,1,1,1,0,0,1
880,1,1,0,1,1,1,0,0,0,0
50,0,0,0,0,1,1,0,0,1,0
250,0,0,1,1,1,1,1,0,1,0
399,0,1,1,0,0,0,1,1,1,1
654,1,0,1,0,0,0,1,1,1,0
30,0,0,0,0,0,1,1,1,1,0
375,0,1,0,1,1,1,0,1,1,1
128,0,0,1,0,0,0,0,0,0,0
108,0,0,0,1,1,0,1,1,0,0
399,0,1,1,0,0,0,1,1,1,1
50,0,0,0,0,1,1,0,0,1,0
515,1,0,0,0,0,0,0,0,1,1
918,1,1,1,0,0,1,0,1,1,0
185,0,0,1,0,1,1,1,0,0,1
104,0,0,0,1,1,0,1,0,0,0
453,0,1,1,1,0,0,0,1,0,1
998,1,1,1,1,1,0,0,1,1,0
881,1,1,0,1,1,1,0,0,0,1
762,1,0,1,1,1,1,1,0,1,0
682,1,0,1,0,1,0,1,0,1,0
418,0,1,1,0,1,0,0,0,1,0
481,0,1,1,1,1,0,0,0,0,1
129,0,0,1,0,0,0,0,0,0,1
581,1,0,0,1,0,0,0,1,0,1
425,0,1,1,0,1,0,1,0,0,1
153,0,0,1,0,0,1,1,0,0,1
643,1,0,1,0,0,0,0,0,1,1
777,1,1,0,0,0,0,1,0,0,1
913,1,1,1,0,0,1,0,0,0,1
279,0,1,0,0,0,1,0,1,1,1
58,0,0,0,0,1,1,1,0,1,0
635,1,0,0,1,1,1,1,0,1,1
592,1,0,0,1,0,1,0,0,0,0
952,1,1,1,0,1,1,1,0,0,0
912,1,1,1,0,0,1,0,0,0,0
536,1,0,0,0,0,1,1,0,0,0
91,0,0,0,1,0,1,1,0,1,1
989,1,1,1,1,0,1,1,1,0,1
308,0,1,0,0,1,1,0,1,0,0
75,0,0,0,1,0,0,1,0,1,1
554,1,0,0,0,1,0,1,0,1,0
206,0,0,1,1,0,0,1,1,1,0
702,1,0,1,0,1,1,1,1,1,0
941,1,1,1,0,1,0,1,1,0,1
176,0,0,1,0,1,1,0,0,0,0
889,1,1,0,1,1,1,1,0,0,1
118,0,0,0,1,1,1,0,1,1,0
796,1,1,0,0,0,1,1,1,0,0
779,1,1,0,0,0,0,1,0,1,1
530,1,0,0,0,0,1,0,0,1,0
1020,1,1,1,1,1,1,1,1,0,0
162,0,0,1,0,1,0,0,0,1,0
790,1,1,0,0,0,1,0,1,1,0
470,0,1,1,1,0,1,0,1,1,0
584,1,0,0,1,0,0,1,0,0,0
708,1,0,1,1,0,0,0,1,0,0
97,0,0,0,1,1,0,0,0,0,1
444,0,1,1,0,1,1,1,1,0,0
520,1,0,0,0,0,0,1,0,0,0
488,0,1,1,1,1,0,1,0,0,0
245,0,0,1,1,1,1,0,1,0,1
151,0,0,1,0,0,1,0,1,1,1
90,0,0,0,1,0,1,1,0,1,0
56,0,0,0,0,1,1,1,0,0,0
714,1,0,1,1,0,0,1,0,1,0
346,0,1,0,1,0,1,1,0,1,0
201,0,0,1,1,0,0,1,0,0,1
330,0,1,0,1,0,0,1,0,1,0
974,1,1,1,1,0,0,1,1,1,0
113,0,0,0,1,1,1,0,0,0,1
661,1,0,1,0,0,1,0,1,0,1
817,1,1,0,0,1,1,0,0,0,1
143,0,0,1,0,0,0,1,1,1,1
914,1,1,1,0,0,1,0,0,1,0
58,0,0,0,0,1,1,1,0,1,0
107,0,0,0,1,1,0,1,0,1,1
333,0,1,0,1,0,0,1,1,0,1
582,1,0,0,1,0,0,0,1,1,0
662,1,0,1,0,0,1,0,1,1,0
262,0,1,0,0,0,0,0,1,1,0
186,0,0,1,0,1,1,1,0,1,0
673,1,0,1,0,1,0,0,0,0,1
658,1,0,1,0,0,1,0,0,1,0
114,0,0,0,1,1,1,0,0,1,0
118,0,0,0,1,1,1,0,1,1,0
493,0,1,1,1,1,0,1,1,0,1
108,0,0,0,1,1,0,1,1,0,0
752,1,0,1,1,1,1,0,0,0,0
881,1,1,0,1,1,1,0,0,0,1
12,0,0,0,0,0,0,1,1,0,0
776,1,1,0,0,0,0,1,0,0,0
457,0,1,1,1,0,0,1,0,0,1
918,1,1,1,0,0,1,0,1,1,0
535,1,0,0,0,0,1,0,1,1,1
618,1,0,0,1,1,0,1,0,1,0
873,1,1,0,1,1,0,1,0,0,1
1013,1,1,1,1,1,1,0,1,0,1
733,1,0,1,1,0,1,1,1,0,1
921,1,1,1,0,0,1,1,0,0,1
265,0,1,0,0,0,0,1,0,0,1
189,0,0,1,0,1,1,1,1,0,1
0,0,0,0,0,0,0,0,0,0,0
952,1,1,1,0,1,1,1,0,0,0
482,0,1,1,1,1,0,0,0,1,0
385,0,1,1,0,0,0,0,0,0,1
841,1,1,0,1,0,0,1,0,0,1
878,1,1,0,1,1,0,1,1,1,0
78,0,0,0,1,0,0,1,1,1,0
221,0,0,1,1,0,1,1,1,0,1
615,1,0,0,1,1,0,0,1,1,1
726,1,0,1,1,0,1,0,1,1,0
466,0,1,1,1,0,1,0,0,1,0
998,1,1,1,1,1,0,0,1,1,0
106,0,0,0,1,1,0,1,0,1,0
603,1,0,0,1,0,1,1,0,1,1
958,1,1,1,0,1,1,1,1,1,0
531,1,0,0,0,0,1,0,0,1,1
734,1,0,1,1,0,1,1,1,1,0
848,1,1,0,1,0,1,0,0,0,0
651,1,0,1,0,0,0,1,0,1,1
1016,1,1,1,1,1,1,1,0,0,0
254,0,0,1,1,1,1,1,1,1,0
119,0,0,0,1,1,1,0,1,1,1
265,0,1,0,0,0,0,1,0,0,1
645,1,0,1,0,0,0,0,1,0,1
940,1,1,1,0,1,0,1,1,0,0
388,0,1,1,0,0,0,0,1,0,0
165,0,0,1,0,1,0,0,1,0,1
767,1,0,1,1,1,1,1,1,1,1
183,0,0,1,0,1,1,0,1,1,1
745,1,0,1,1,1,0,1,0,0,1
664,1,0,1,0,0,1,1,0,0,0
503,0,1,1,1,1,1,0,1,1,1
787,1,1,0,0,0,1,0,0,1,1
614,1,0,0,1,1,0,0,1,1,0
536,1,0,0,0,0,1,1,0,0,0
240,0,0,1,1,1,1,0,0,0,0
379,0,1,0,1,1,1,1,0,1,1
564,1,0,0,0,1,1,0,1,0,0
961,1,1,1,1,0,0,0,0,0,1
121,0,0,0,1,1,1,1,0,0,1
632,1,0,0,1,1,1,1,0,0,0
776,1,1,0,0,0,0,1,0,0,0
61,0,0,0,0,1,1,1,1,0,1
616,1,0,0,1,1,0,1,0,0,0
302,0,1,0,0,1,0,1,1,1,0
893,1,1,0,1,1,1,1,1,0,1
556,1,0,0,0,1,0,1,1,0,0
651,1,0,1,0,0,0,1,0,1,1
874,1,1,0,1,1,0,1,0,1,0
707,1,0,1,1,0,0,0,0,1,1
319,0,1,0,0,1,1,1,1,1,1
520,1,0,0,0,0,0,1,0,0,0
55,0,0,0,0,1,1,0,1,1,1
736,1,0,1,1,1,0,0,0,0,0
224,0,0,1,1,1,0,0,0,0,0
776,1,1,0,0,0,0,1,0,0,0
313,0,1,0,0,1,1,1,0,0,1
995,1,1,1,1,1,0,0,0,1,1
970,1,1,1,1,0,0,1,0,1,0
818,1,1,0,0,1,1,0,0,1,0
960,1,1,1,1,0,0,0,0,0,0
292,0,1,0,0,1,0,0,1,0,0
301,0,1,0,0,1,0,1,1,0,1
709,1,0,1,1,0,0,0,1,0,1
1011,1,1,1,1,1,1,0,0,1,1
280,0,1,0,0,0,1,1,0,0,0
175,0,0,1,0,1,0,1,1,1,1
858,1,1,0,1,0,1,1,0,1,0
109,0,0,0,1,1,0,1,1,0,1
231,0,0,1,1,1,0,0,1,1,1
669,1,0,1,0,0,1,1,1,0,1
684,1,0,1,0,1,0,1,1,0,0
536,1,0,0,0,0,1,1,0,0,0
394,0,1,1,0,0,0,1,0,1,0
651,1,0,1,0,0,0,1,0,1,1
88,0,0,0,1,0,1,1,0,0,0
119,0,0,0,1,1,1,0,1,1,1
825,1,1,0,0,1,1,1,0,0,1
146,0,0,1,0,0,1,0,0,1,0
469,0,1,1,1,0,1,0,1,0,1
949,1,1,1,0,1,1,0,1,0,1
882,1,1,0,1,1,1,0,0,1,0
1016,1,1,1,1,1,1,1,0,0,0
60,0,0,0,0,1,1,1,1,0,0
891,1,1,0,1,1,1,1,0,1,1
183,0,0,1,0,1,1,0,1,1,1
607,1,0,0,1,0,1,1,1,1,1
318,0,1,0,0,1,1,1,1,1,0
809,1,1,0,0,1,0,1,0,0,1
13,0,0,0,0,0,0,1,1,0,1
851,1,1,0,1,0,1,0,0,1,1
462,0,1,1,1,0,0,1,1,1,0
506,0,1,1,1,1,1,1,0,1,0
778,1,1,0,0,0,0,1,0,1,0
1012,1,1,1,1,1,1,0,1,0,0
687,1,0,1,0,1,0,1,1,1,1
273,0,1,0,0,0,1,0,0,0,1
715,1,0,1,1,0,0,1,0,1,1
974,1,1,1,1,0,0,1,1,1,0
718,1,0,1,1,0,0,1,1,1,0
27,0,0,0,0,0,1,1,0,1,1
288,0,1,0,0,1,0,0,0,0,0
115,0,0,0,1,1,1,0,0,1,1
721,1,0,1,1,0,1,0,0,0,1
756,1,0,1,1,1,1,0,1,0,0
707,1,0,1,1,0,0,0,0,1,1
555,1,0,0,0,1,0,1,0,1,1
203,0,0,1,1,0,0,1,0,1,1
24,0,0,0,0,0,1,1,0,0,0
610,1,0,0,1,1,0,0,0,1,0
207,0,0,1,1,0,0,1,1,1,1
994,1,1,1,1,1,0,0,0,1,0
837,1,1,0,1,0,0,0,1,0,1
115,0,0,0,1,1,1,0,0,1,1
979,1,1,1,1,0,1,0,0,1,1
394,0,1,1,0,0,0,1,0,1,0
197,0,0,1,1,0,0,0,1,0,1
10,0,0,0,0,0,0,1,0,1,0
365,0,1,0,1,1,0,1,1,0,1
36,0,0,0,0,1,0,0,1,0,0
1019,1,1,1,1,1,1,1,0,1,1
626,1,0,0,1,1,1,0,0,1,0
632,1,0,0,1,1,1,1,0,0,0
694,1,0,1,0,1,1,0,1,1,0
919,1,1,1,0,0,1,0,1,1,1
844,1,1,0,1,0,0,1,1,0,0
375,0,1,0,1,1,1,0,1,1,1
874,1,1,0,1,1,0,1,0,1,0
452,0,1,1,1,0,0,0,1,0,0
607,1,0,0,1,0,1,1,1,1,1
220,0,0,1,1,0,1,1,1,0,0
817,1,1,0,0,1,1,0,0,0,1
269,0,1,0,0,0,0,1,1,0,1
36,0,0,0,0,1,0,0,1,0,0
329,0,1,0,1,0,0,1,0,0,1
977,1,1,1,1,0,1,0,0,0,1
754,1,0,1,1,1,1,0,0,1,0
788,1,1,0,0,0,1,0,1,0,0
1021,1,1,1,1,1,1,1,1,0,1
660,1,0,1,0,0,1,0,1,0,0
409,0,1,1,0,0,1,1,0,0,1
981,1,1,1,1,0,1,0,1,0,1
636,1,0,0,1,1,1,1,1,0,0
554,1,0,0,0,1,0,1,0,1,0
895,1,1,0,1,1,1,1,1,1,1
610,1,0,0,1,1,0,0,0,1,0
889,1,1,0,1,1,1,1,0,0,1
688,1,0,1,0,1,1,0,0,0,0
656,1,0,1,0,0,1,0,0,0,0
798,1,1,0,0,0,1,1,1,1,0
177,0,0,1,0,1,1,0,0,0,1
600,1,0,0,1,0,1,1,0,0,0
464,0,1,1,1,0,1,0,0,0,0
177,0,0,1,0,1,1,0,0,0,1
311,0,1,0,0,1,1,0,1,1,1
805,1,1,0,0,1,0,0,1,0,1
761,1,0,1,1,1,1,1,0,0,1
703,1,0,1,0,1,1,1,1,1,1
575,1,0,0,0,1,1,1,1,1,1
665,1,0,1,0,0,1,1,0,0,1
739,1,0,1,1,1,0,0,0,1,1
78,0,0,0,1,0,0,1,1,1,0
847,1,1,0,1,0,0,1,1,1,1
808,1,1,0,0,1,0,1,0,0,0
643,1,0,1,0,0,0,0,0,1,1
42,0,0,0,0,1,0,1,0,1,0
275,0,1,0,0,0,1,0,0,1,1
551,1,0,0,0,1,0,0,1,1,1
846,1,1,0,1,0,0,1,1,1,0
995,1,1,1,1,1,0,0,0,1,1
746,1,0,1,1,1,0,1,0,1,0
205,0,0,1,1,0,0,1,1,0,1
947,1,1,1,0,1,1,0,0,1,1
798,1,1,0,0,0,1,1,1,1,0
365,0,1,0,1,1,0,1,1,0,1
674,1,0,1,0,1,0,0,0,1,0
63,0,0,0,0,1,1,1,1,1,1
656,1,0,1,0,0,1,0,0,0,0
1023,1,1,1,1,1,1,1,1,1,1
267,0,1,0,0,0,0,1,0,1,1
311,0,1,0,0,1,1,0,1,1,1
250,0,0,1,1,1,1,1,0,1,0
672,1,0,1,0,1,0,0,0,0,0
380,0,1,0,1,1,1,1,1,0,0
261,0,1,0,0,0,0,0,1,0,1
964,1,1,1,1,0,0,0,1,0,0
985,1,1,1,1,0,1,1,0,0,1
413,0,1,1,0,0,1,1,1,0,1
990,1,1,1,1,0,1,1,1,1,0
198,0,0,1,1,0,0,0,1,1,0
229,0,0,1,1,1,0,0,1,0,1
46,0,0,0,0,1,0,1,1,1,0
918,1,1,1,0,0,1,0,1,1,0
588,1,0,0,1,0,0,1,1,0,0
515,1,0,0,0,0,0,0,0,1,1
900,1,1,1,0,0,0,0,1,0,0
577,1,0,0,1,0,0,0,0,0,1
1004,1,1,1,1,1,0,1,1,0,0
679,1,0,1,0,1,0,0,1,1,1
868,1,1,0,1,1,0,0,1,0,0
612,1,0,0,1,1,0,0,1,0,0
295,0,1,0,0,1,0,0,1,1,1
618,1,0,0,1,1,0,1,0,1,0
833,1,1,0,1,0,0,0,0,0,1
700,1,0,1,0,1,1,1,1,0,0
837,1,1,0,1,0,0,0,1,0,1
462,0,1,1,1,0,0,1,1,1,0
100,0,0,0,1,1,0,0,1,0,0
39,0,0,0,0,1,0,0,1,1,1
287,0,1,0,0,0,1,1,1,1,1
54,0,0,0,0,1,1,0,1,1,0
393,0,1,1,0,0,0,1,0,0,1
975,1,1,1,1,0,0,1,1,1,1
535,1,0,0,0,0,1,0,1,1,1
314,0,1,0,0,1,1,1,0,1,0
771,1,1,0,0,0,0,0,0,1,1
354,0,1,0,1,1,0,0,0,1,0
730,1,0,1,1,0,1,1,0,1,0
118,0,0,0,1,1,1,0,1,1,0
264,0,1,0,0,0,0,1,0,0,0
20,0,0,0,0,0,1,0,1,0,0
155,0,0,1,0,0,1,1,0,1,1
553,1,0,0,0,1,0,1,0,0,1
421,0,1,1,0,1,0,0,1,0,1
31,0,0,0,0,0,1,1,1,1,1
611,1,0,0,1,1,0,0,0,1,1
609,1,0,0,1,1,0,0,0,0,1
99,0,0,0,1,1,0,0,0,1,1
651,1,0,1,0,0,0,1,0,1,1
175,0,0,1,0,1,0,1,1,1,1
192,0,0,1,1,0,0,0,0,0,0
577,1,0,0,1,0,0,0,0,0,1
428,0,1,1,0,1,0,1,1,0,0
127,0,0,0,1,1,1,1,1,1,1
194,0,0,1,1,0,0,0,0,1,0
925,1,1,1,0,0,1,1,1,0,1
458,0,1,1,1,0,0,1,0,1,0
158,0,0,1,0,0,1,1,1,1,0
35,0,0,0,0,1,0,0,0,1,1
508,0,1,1,1,1,1,1,1,0,0
604,1,0,0,1,0,1,1,1,0,0
218,0,0,1,1,0,1,1,0,1,0
707,1,0,1,1,0,0,0,0,1,1
305,0,1,0,0,1,1,0,0,0,1
897,1,1,1,0,0,0,0,0,0,1
632,1,0,0,1,1,1,1,0,0,0
160,0,0,1,0,1,0,0,0,0,0
914,1,1,1,0,0,1,0,0,1,0
658,1,0,1,0,0,1,0,0,1,0
532,1,0,0,0,0,1,0,1,0,0
246,0,0,1,1,1,1,0,1,1,0
99,0,0,0,1,1,0,0,0,1,1
148,0,0,1,0,0,1,0,1,0,0
841,1,1,0,1,0,0,1,0,0,1
753,1,0,1,1,1,1,0,0,0,1
1011,1,1,1,1,1,1,0,0,1,1
609,1,0,0,1,1,0,0,0,0,1
139,0,0,1,0,0,0,1,0,1,1
34,0,0,0,0,1,0,0,0,1,0
387,0,1,1,0,0,0,0,0,1,1
130,0,0,1,0,0,0,0,0,1,0
244,0,0,1,1,1,1,0,1,0,0
1006,1,1,1,1,1,0,1,1,1,0
721,1,0,1,1,0,1,0,0,0,1
849,1,1,0,1,0,1,0,0,0,1
13,0,0,0,0,0,0,1,1,0,1
554,1,0,0,0,1,0,1,0,1,0
506,0,1,1,1,1,1,1,0,1,0
358,0,1,0,1,1,0,0,1,1,0
121,0,0,0,1,1,1,1,0,0,1
1021,1,1,1,1,1,1,1,1,0,1
203,0,0,1,1,0,0,1,0,1,1
576,1,0,0,1,0,0,0,0,0,0
256,0,1,0,0,0,0,0,0,0,0
543,1,0,0,0,0,1,1,1,1,1
1023,1,1,1,1,1,1,1,1,1,1
692,1,0,1,0,1,1,0,1,0,0
463,0,1,1,1,0,0,1,1,1,1
544,1,0,0,0,1,0,0,0,0,0
761,1,0,1,1,1,1,1,0,0,1
853,1,1,0,1,0,1,0,1,0,1
7,0,0,0,0,0,0,0,1,1,1
775,1,1,0,0,0,0,0,1,1,1
553,1,0,0,0,1,0,1,0,0,1
160,0,0,1,0,1,0,0,0,0,0
100,0,0,0,1,1,0,0,1,0,0
586,1,0,0,1,0,0,1,0,1,0
433,0,1,1,0,1,1,0,0,0,1
936,1,1,1,0,1,0,1,0,0,0
601,1,0,0,1,0,1,1,0,0,1
464,0,1,1,1,0,1,0,0,0,0
731,1,0,1,1,0,1,1,0,1,1
890,1,1,0,1,1,1,1,0,1,0
526,1,0,0,0,0,0,1,1,1,0
615,1,0,0,1,1,0,0,1,1,1
737,1,0,1,1,1,0,0,0,0,1
483,0,1,1,1,1,0,0,0,1,1
940,1,1,1,0,1,0,1,1,0,0
980,1,1,1,1,0,1,0,1,0,0
684,1,0,1,0,1,0,1,1,0,0
175,0,0,1,0,1,0,1,1,1,1
145,0,0,1,0,0,1,0,0,0,1
282,0,1,0,0,0,1,1,0,1,0
782,1,1,0,0,0,0,1,1,1,0
380,0,1,0,1,1,1,1,1,0,0
487,0,1,1,1,1,0,0,1,1,1
106,0,0,0,1,1,0,1,0,1,0
519,1,0,0,0,0,0,0,1,1,1
131,0,0,1,0,0,0,0,0,1,1
903,1,1,1,0,0,0,0,1,1,1
358,0,1,0,1,1,0,0,1,1,0
853,1,1,0,1,0,1,0,1,0,1
511,0,1,1,1,1,1,1,1,1,1
182,0,0,1,0,1,1,0,1,1,0
292,0,1,0,0,1,0,0,1,0,0
951,1,1,1,0,1,1,0,1,1,1
721,1,0,1,1,0,1,0,0,0,1
127,0,0,0,1,1,1,1,1,1,1
33,0,0,0,0,1,0,0,0,0,1
863,1,1,0,1,0,1,1,1,1,1
263,0,1,0,0,0,0,0,1,1,1
717,1,0,1,1,0,0,1,1,0,1
911,1,1,1,0,0,0,1,1,1,1
720,1,0,1,1,0,1,0,0,0,0
310,0,1,0,0,1,1,0,1,1,0
288,0,1,0,0,1,0,0,0,0,0
833,1,1,0,1,0,0,0,0,0,1
681,1,0,1,0,1,0,1,0,0,1
694,1,0,1,0,1,1,0,1,1,0
521,1,0,0,0,0,0,1,0,0,1
789,1,1,0,0,0,1,0,1,0,1
98,0,0,0,1,1,0,0,0,1,0
102,0,0,0,1,1,0,0,1,1,0
869,1,1,0,1,1,0,0,1,0,1
371,0,1,0,1,1,1,0,0,1,1
10,0,0,0,0,0,0,1,0,1,0
445,0,1,1,0,1,1,1,1,0,1
48,0,0,0,0,1,1,0,0,0,0
647,1,0,1,0,0,0,0,1,1,1
201,0,0,1,1,0,0,1,0,0,1
350,0,1,0,1,0,1,1,1,1,0
263,0,1,0,0,0,0,0,1,1,1
587,1,0,0,1,0,0,1,0,1,1
221,0,0,1,1,0,1,1,1,0,1
327,0,1,0,1,0,0,0,1,1,1
327,0,1,0,1,0,0,0,1,1,1
224,0,0,1,1,1,0,0,0,0,0
520,1,0,0,0,0,0,1,0,0,0
932,1,1,1,0,1,0,0,1,0,0
292,0,1,0,0,1,0,0,1,0,0
120,0,0,0,1,1,1,1,0,0,0
196,0,0,1,1,0,0,0,1,0,0
382,0,1,0,1,1,1,1,1,1,0
187,0,0,1,0,1,1,1,0,1,1
196,0,0,1,1,0,0,0,1,0,0
263,0,1,0,0,0,0,0,1,1,1
460,0,1,1,1,0,0,1,1,0,0
695,1,0,1,0,1,1,0,1,1,1
89,0,0,0,1,0,1,1,0,0,1
574,1,0,0,0,1,1,1,1,1,0
389,0,1,1,0,0,0,0,1,0,1
108,0,0,0,1,1,0,1,1,0,0
915,1,1,1,0,0,1,0,0,1,1
152,0,0,1,0,0,1,1,0,0,0
621,1,0,0,1,1,0,1,1,0,1
669,1,0,1,0,0,1,1,1,0,1
473,0,1,1,1,0,1,1,0,0,1
776,1,1,0,0,0,0,1,0,0,0
831,1,1,0,0,1,1,1,1,1,1
771,1,1,0,0,0,0,0,0,1,1
233,0,0,1,1,1,0,1,0,0,1
722,1,0,1,1,0,1,0,0,1,0
459,0,1,1,1,0,0,1,0,1,1
296,0,1,0,0,1,0,1,0,0,0
671,1,0,1,0,0,1,1,1,1,1
136,0,0,1,0,0,0,1,0,0,0
615,1,0,0,1,1,0,0,1,1,1
987,1,1,1,1,0,1,1,0,1,1
265,0,1,0,0,0,0,1,0,0,1
44,0,0,0,0,1,0,1,1,0,0
232,0,0,1,1,1,0,1,0,0,0
209,0,0,1,1,0,1,0,0,0,1
229,0,0,1,1,1,0,0,1,0,1
635,1,0,0,1,1,1,1,0,1,1
582,1,0,0,1,0,0,0,1,1,0
813,1,1,0,0,1,0,1,1,0,1
545,1,0,0,0,1,0,0,0,0,1
665,1,0,1,0,0,1,1,0,0,1
319,0,1,0,0,1,1,1,1,1,1
571,1,0,0,0,1,1,1,0,1,1
312,0,1,0,0,1,1,1,0,0,0
963,1,1,1,1,0,0,0,0,1,1
616,1,0,0,1,1,0,1,0,0,0
834,1,1,0,1,0,0,0,0,1,0
315,0,1,0,0,1,1,1,0,1,1
28,0,0,0,0,0,1,1,1,0,0
430,0,1,1,0,1,0,1,1,1,0
833,1,1,0,1,0,0,0,0,0,1
42,0,0,0,0,1,0,1,0,1,0
338,0,1,0,1,0,1,0,0,1,0
29,0,0,0,0,0,1,1,1,0,1
43,0,0,0,0,1,0,1,0,1,1
981,1,1,1,1,0,1,0,1,0,1
747,1,0,1,1,1,0,1,0,1,1
418,0,1,1,0,1,0,0,0,1,0
376,0,1,0,1,1,1,1,0,0,0
141,0,0,1,0,0,0,1,1,0,1
202,0,0,1,1,0,0,1,0,1,0
584,1,0,0,1,0,0,1,0,0,0
900,1,1,1,0,0,0,0,1,0,0
260,0,1,0,0,0,0,0,1,0,0
3,0,0,0,0,0,0,0,0,1,1
876,1,1,0,1,1,0,1,1,0,0
404,0,1,1,0,0,1,0,1,0,0
544,1,0,0,0,1,0,0,0,0,0
439,0,1,1,0,1,1,0,1,1,1
998,1,1,1,1,1,0,0,1,1,0
793,1,1,0,0,0,1,1,0,0,1
400,0,1,1,0,0,1,0,0,0,0
973,1,1,1,1,0,0,1,1,0,1
661,1,0,1,0,0,1,0,1,0,1
813,1,1,0,0,1,0,1,1,0,1
365,0,1,0,1,1,0,1,1,0,1
368,0,1,0,1,1,1,0,0,0,0
787,1,1,0,0,0,1,0,0,1,1
323,0,1,0,1,0,0,0,0,1,1
830,1,1,0,0,1,1,1,1,1,0
242,0,0,1,1,1,1,0,0,1,0
505,0,1,1,1,1,1,1,0,0,1
491,0,1,1,1,1,0,1,0,1,1
738,1,0,1,1,1,0,0,0,1,0
603,1,0,0,1,0,1,1,0,1,1
176,0,0,1,0,1,1,0,0,0,0
829,1,1,0,0,1,1,1,1,0,1
710,1,0,1,1,0,0,0,1,1,0
287,0,1,0,0,0,1,1,1,1,1
728,1,0,1,1,0,1,1,0,0,0
754,1,0,1,1,1,1,0,0,1,0
944,1,1,1,0,1,1,0,0,0,0
641,1,0,1,0,0,0,0,0,0,1
33,0,0,0,0,1,0,0,0,0,1
358,0,1,0,1,1,0,0,1,1,0
953,1,1,1,0,1,1,1,0,0,1
290,0,1,0,0,1,0,0,0,1,0
262,0,1,0,0,0,0,0,1,1,0
203,0,0,1,1,0,0,1,0,1,1
259,0,1,0,0,0,0,0,0,1,1
885,1,1,0,1,1,1,0,1,0,1
156,0,0,1,0,0,1,1,1,0,0
257,0,1,0,0,0,0,0,0,0,1
809,1,1,0,0,1,0,1,0,0,1
967,1,1,1,1,0,0,0,1,1,1
899,1,1,1,0,0,0,0,0,1,1
990,1,1,1,1,0,1,1,1,1,0
318,0,1,0,0,1,1,1,1,1,0
955,1,1,1,0,1,1,1,0,1,1
750,1,0,1,1,1,0,1,1,1,0
280,0,1,0,0,0,1,1,0,0,0
778,1,1,0,0,0,0,1,0,1,0
35,0,0,0,0,1,0,0,0,1,1
787,1,1,0,0,0,1,0,0,1,1
603,1,0,0,1,0,1,1,0,1,1
766,1,0,1,1,1,1,1,1,1,0
303,0,1,0,0,1,0,1,1,1,1
699,1,0,1,0,1,1,1,0,1,1
851,1,1,0,1,0,1,0,0,1,1
477,0,1,1,1,0,1,1,1,0,1
355,0,1,0,1,1,0,0,0,1,1
895,1,1,0,1,1,1,1,1,1,1
480,0,1,1,1,1,0,0,0,0,0
301,0,1,0,0,1,0,1,1,0,1
217,0,0,1,1,0,1,1,0,0,1
5,0,0,0,0,0,0,0,1,0,1
809,1,1,0,0,1,0,1,0,0,1
839,1,1,0,1,0,0,0,1,1,1
156,0,0,1,0,0,1,1,1,0,0
71,0,0,0,1,0,0,0,1,1,1
466,0,1,1,1,0,1,0,0,1,0
746,1,0,1,1,1,0,1,0,1,0
502,0,1,1,1,1,1,0,1,1,0
885,1,1,0,1,1,1,0,1,0,1
259,0,1,0,0,0,0,0,0,1,1
44,0,0,0,0,1,0,1,1,0,0
795,1,1,0,0,0,1,1,0,1,1
193,0,0,1,1,0,0,0,0,0,1
910,1,1,1,0,0,0,1,1,1,0
516,1,0,0,0,0,0,0,1,0,0
740,1,0,1,1,1,0,0,1,0,0
881,1,1,0,1,1,1,0,0,0,1
297,0,1,0,0,1,0,1,0,0,1
796,1,1,0,0,0,1,1,1,0,0
659,1,0,1,0,0,1,0,0,1,1
329,0,1,0,1,0,0,1,0,0,1
718,1,0,1,1,0,0,1,1,1,0
12,0,0,0,0,0,0,1,1,0,0
380,0,1,0,1,1,1,1,1,0,0
705,1,0,1,1,0,0,0,0,0,1
82,0,0,0,1,0,1,0,0,1,0
380,0,1,0,1,1,1,1,1,0,0
486,0,1,1,1,1,0,0,1,1,0
918,1,1,1,0,0,1,0,1,1,0
885,1,1,0,1,1,1,0,1,0,1
927,1,1,1,0,0,1,1,1,1,1
910,1,1,1,0,0,0,1,1,1,0
651,1,0,1,0,0,0,1,0,1,1
958,1,1,1,0,1,1,1,1,1,0
296,0,1,0,0,1,0,1,0,0,0
617,1,0,0,1,1,0,1,0,0,1
853,1,1,0,1,0,1,0,1,0,1
421,0,1,1,0,1,0,0,1,0,1
665,1,0,1,0,0,1,1,0,0,1
933,1,1,1,0,1,0,0,1,0,1
306,0,1,0,0,1,1,0,0,1,0
693,1,0,1,0,1,1,0,1,0,1
849,1,1,0,1,0,1,0,0,0,1
265,0,1,0,0,0,0,1,0,0,1
54,0,0,0,0,1,1,0,1,1,0
745,1,0,1,1,1,0,1,0,0,1
316,0,1,0,0,1,1,1,1,0,0
338,0,1,0,1,0,1,0,0,1,0
608,1,0,0,1,1,0,0,0,0,0
454,0,1,1,1,0,0,0,1,1,0
454,0,1,1,1,0,0,0,1,1,0
363,0,1,0,1,1,0,1,0,1,1
288,0,1,0,0,1,0,0,0,0,0
364,0,1,0,1,1,0,1,1,0,0
414,0,1,1,0,0,1,1,1,1,0
972,1,1,1,1,0,0,1,1,0,0
770,1,1,0,0,0,0,0,0,1,0
111,0,0,0,1,1,0,1,1,1,1
772,1,1,0,0,0,0,0,1,0,0
890,1,1,0,1,1,1,1,0,1,0
479,0,1,1,1,0,1,1,1,1,1
467,0,1,1,1,0,1,0,0,1,1
518,1,0,0,0,0,0,0,1,1,0
805,1,1,0,0,1,0,0,1,0,1
963,1,1,1,1,0,0,0,0,1,1
286,0,1,0,0,0,1,1,1,1,0
926,1,1,1,0,0,1,1,1,1,0
927,1,1,1,0,0,1,1,1,1,1
70,0,0,0,1,0,0,0,1,1,0
542,1,0,0,0,0,1,1,1,1,0
737,1,0,1,1,1,0,0,0,0,1
212,0,0,1,1,0,1,0,1,0,0
65,0,0,0,1,0,0,0,0,0,1
694,1,0,1,0,1,1,0,1,1,0
476,0,1,1,1,0,1,1,1,0,0
188,0,0,1,0,1,1,1,1,0,0
67,0,0,0,1,0,0,0,0,1,1
953,1,1,1,0,1,1,1,0,0,1
142,0,0,1,0,0,0,1,1,1,0
573,1,0,0,0,1,1,1,1,0,1
449,0,1,1,1,0,0,0,0,0,1
46,0,0,0,0,1,0,1,1,1,0
525,1,0,0,0,0,0,1,1,0,1
498,0,1,1,1,1,1,0,0,1,0
742,1,0,1,1,1,0,0,1,1,0
44,0,0,0,0,1,0,1,1,0,0
650,1,0,1,0,0,0,1,0,1,0
765,1,0,1,1,1,1,1,1,0,1
787,1,1,0,0,0,1,0,0,1,1
488,0,1,1,1,1,0,1,0,0,0
453,0,1,1,1,0,0,0,1,0,1
937,1,1,1,0,1,0,1,0,0,1
874,1,1,0,1,1,0,1,0,1,0
360,0,1,0,1,1,0,1,0,0,0
27,0,0,0,0,0,1,1,0,1,1
990,1,1,1,1,0,1,1,1,1,0
66,0,0,0,1,0,0,0,0,1,0
707,1,0,1,1,0,0,0,0,1,1
175,0,0,1,0,1,0,1,1,1,1
688,1,0,1,0,1,1,0,0,0,0
667,1,0,1,0,0,1,1,0,1,1
1013,1,1,1,1,1,1,0,1,0,1
918,1,1,1,0,0,1,0,1,1,0
428,0,1,1,0,1,0,1,1,0,0
494,0,1,1,1,1,0,1,1,1,0
878,1,1,0,1,1,0,1,1,1,0
829,1,1,0,0,1,1,1,1,0,1
203,0,0,1,1,0,0,1,0,1,1
187,0,0,1,0,1,1,1,0,1,1
1022,1,1,1,1,1,1,1,1,1,0
941,1,1,1,0,1,0,1,1,0,1
242,0,0,1,1,1,1,0,0,1,0
298,0,1,0,0,1,0,1,0,1,0
482,0,1,1,1,1,0,0,0,1,0
421,0,1,1,0,1,0,0,1,0,1
557,1,0,0,0,1,0,1,1,0,1
5,0,0,0,0,0,0,0,1,0,1
868,1,1,0,1,1,0,0,1,0,0
140,0,0,1,0,0,0,1,1,0,0
589,1,0,0,1,0,0,1,1,0,1
103,0,0,0,1,1,0,0,1,1,1
392,0,1,1,0,0,0,1,0,0,0
372,0,1,0,1,1,1,0,1,0,0
285,0,1,0,0,0,1,1,1,0,1
168,0,0,1,0,1,0,1,0,0,0
184,0,0,1,0,1,1,1,0,0,0
638,1,0,0,1,1,1,1,1,1,0
557,1,0,0,0,1,0,1,1,0,1
139,0,0,1,0,0,0,1,0,1,1
207,0,0,1,1,0,0,1,1,1,1
717,1,0,1,1,0,0,1,1,0,1
645,1,0,1,0,0,0,0,1,0,1
962,1,1,1,1,0,0,0,0,1,0
781,1,1,0,0,0,0,1,1,0,1
845,1,1,0,1,0,0,1,1,0,1
536,1,0,0,0,0,1,1,0,0,0
654,1,0,1,0,0,0,1,1,1,0
828,1,1,0,0,1,1,1,1,0,0
408,0,1,1,0,0,1,1,0,0,0
1010,1,1,1,1,1,1,0,0,1,0
665,1,0,1,0,0,1,1,0,0,1
421,0,1,1,0,1,0,0,1,0,1
860,1,1,0,1,0,1,1,1,0,0
789,1,1,0,0,0,1,0,1,0,1
795,1,1,0,0,0,1,1,0,1,1
642,1,0,1,0,0,0,0,0,1,0
243,0,0,1,1,1,1,0,0,1,1
895,1,1,0,1,1,1,1,1,1,1
13,0,0,0,0,0,0,1,1,0,1
505,0,1,1,1,1,1,1,0,0,1
341,0,1,0,1,0,1,0,1,0,1
788,1,1,0,0,0,1,0,1,0,0
153,0,0,1,0,0,1,1,0,0,1
797,1,1,0,0,0,1,1,1,0,1
299,0,1,0,0,1,0,1,0,1,1
379,0,1,0,1,1,1,1,0,1,1
10,0,0,0,0,0,0,1,0,1,0
901,1,1,1,0,0,0,0,1,0,1
554,1,0,0,0,1,0,1,0,1,0
257,0,1,0,0,0,0,0,0,0,1
564,1,0,0,0,1,1,0,1,0,0
218,0,0,1,1,0,1,1,0,1,0
82,0,0,0,1,0,1,0,0,1,0
771,1,1,0,0,0,0,0,0,1,1
405,0,1,1,0,0,1,0,1,0,1
921,1,1,1,0,0,1,1,0,0,1
977,1,1,1,1,0,1,0,0,0,1
51,0,0,0,0,1,1,0,0,1,1
661,1,0,1,0,0,1,0,1,0,1
246,0,0,1,1,1,1,0,1,1,0
894,1,1,0,1,1,1,1,1,1,0
541,1,0,0,0,0,1,1,1,0,1
804,1,1,0,0,1,0,0,1,0,0
513,1,0,0,0,0,0,0,0,0,1
944,1,1,1,0,1,1,0,0,0,0
365,0,1,0,1,1,0,1,1,0,1
789,1,1,0,0,0,1,0,1,0,1
167,0,0,1,0,1,0,0,1,1,1
382,0,1,0,1,1,1,1,1,1,0
741,1,0,1,1,1,0,0,1,0,1
530,1,0,0,0,0,1,0,0,1,0
100,0,0,0,1,1,0,0,1,0,0
7,0,0,0,0,0,0,0,1,1,1
174,0,0,1,0,1,0,1,1,1,0
515,1,0,0,0,0,0,0,0,1,1
533,1,0,0,0,0,1,0,1,0,1
346,0,1,0,1,0,1,1,0,1,0
206,0,0,1,1,0,0,1,1,1,0
45,0,0,0,0,1,0,1,1,0,1
296,0,1,0,0,1,0,1,0,0,0
856,1,1,0,1,0,1,1,0,0,0
196,0,0,1,1,0,0,0,1,0,0
984,1,1,1,1,0,1,1,0,0,0
744,1,0,1,1,1,0,1,0,0,0
958,1,1,1,0,1,1,1,1,1,0
81,0,0,0,1,0,1,0,0,0,1
648,1,0,1,0,0,0,1,0,0,0
678,1,0,1,0,1,0,0,1,1,0
555,1,0,0,0,1,0,1,0,1,1
261,0,1,0,0,0,0,0,1,0,1
698,1,0,1,0,1,1,1,0,1,0
972,1,1,1,1,0,0,1,1,0,0
192,0,0,1,1,0,0,0,0,0,0
905,1,1,1,0,0,0,1,0,0,1
426,0,1,1,0,1,0,1,0,1,0
917,1,1,1,0,0,1,0,1,0,1
489,0,1,1,1,1,0,1,0,0,1
77,0,0,0,1,0,0,1,1,0,1
91,0,0,0,1,0,1,1,0,1,1
928,1,1,1,0,1,0,0,0,0,0
477,0,1,1,1,0,1,1,1,0,1
282,0,1,0,0,0,1,1,0,1,0
458,0,1,1,1,0,0,1,0,1,0
874,1,1,0,1,1,0,1,0,1,0
960,1,1,1,1,0,0,0,0,0,0
482,0,1,1,1,1,0,0,0,1,0
538,1,0,0,0,0,1,1,0,1,0
74,0,0,0,1,0,0,1,0,1,0
22,0,0,0,0,0,1,0,1,1,0
692,1,0,1,0,1,1,0,1,0,0
119,0,0,0,1,1,1,0,1,1,1
806,1,1,0,0,1,0,0,1,1,0
583,1,0,0,1,0,0,0,1,1,1
753,1,0,1,1,1,1,0,0,0,1
718,1,0,1,1,0,0,1,1,1,0
78,0,0,0,1,0,0,1,1,1,0
813,1,1,0,0,1,0,1,1,0,1
79,0,0,0,1,0,0,1,1,1,1
108,0,0,0,1,1,0,1,1,0,0
899,1,1,1,0,0,0,0,0,1,1
549,1,0,0,0,1,0,0,1,0,1
252,0,0,1,1,1,1,1,1,0,0
672,1,0,1,0,1,0,0,0,0,0
930,1,1,1,0,1,0,0,0,1,0
831,1,1,0,0,1,1,1,1,1,1
487,0,1,1,1,1,0,0,1,1,1
9,0,0,0,0,0,0,1,0,0,1
380,0,1,0,1,1,1,1,1,0,0
957,1,1,1,0,1,1,1,1,0,1
710,1,0,1,1,0,0,0,1,1,0
215,0,0,1,1,0,1,0,1,1,1
723,1,0,1,1,0,1,0,0,1,1
69,0,0,0,1,0,0,0,1,0,1
689,1,0,1,0,1,1,0,0,0,1
629,1,0,0,1,1,1,0,1,0,1
570,1,0,0,0,1,1,1,0,1,0
210,0,0,1,1,0,1,0,0,1,0
257,0,1,0,0,0,0,0,0,0,1
637,1,0,0,1,1,1,1,1,0,1
770,1,1,0,0,0,0,0,0,1,0
367,0,1,0,1,1,0,1,1,1,1
369,0,1,0,1,1,1,0,0,0,1
937,1,1,1,0,1,0,1,0,0,1
706,1,0,1,1,0,0,0,0,1,0
164,0,0,1,0,1,0,0,1,0,0
533,1,0,0,0,0,1,0,1,0,1
360,0,1,0,1,1,0,1,0,0,0
129,0,0,1,0,0,0,0,0,0,1
643,1,0,1,0,0,0,0,0,1,1
862,1,1,0,1,0,1,1,1,1,0
802,1,1,0,0,1,0,0,0,1,0
981,1,1,1,1,0,1,0,1,0,1
443,0,1,1,0,1,1,1,0,1,1
29,0,0,0,0,0,1,1,1,0,1
146,0,0,1,0,0,1,0,0,1,0
484,0,1,1,1,1,0,0,1,0,0
884,1,1,0,1,1,1,0,1,0,0
497,0,1,1,1,1,1,0,0,0,1
207,0,0,1,1,0,0,1,1,1,1
145,0,0,1,0,0,1,0,0,0,1
740,1,0,1,1,1,0,0,1,0,0
71,0,0,0,1,0,0,0,1,1,1
492,0,1,1,1,1,0,1,1,0,0
661,1,0,1,0,0,1,0,1,0,1
23,0,0,0,0,0,1,0,1,1,1
381,0,1,0,1,1,1,1,1,0,1
575,1,0,0,0,1,1,1,1,1,1
249,0,0,1,1,1,1,1,0,0,1
457,0,1,1,1,0,0,1,0,0,1
215,0,0,1,1,0,1,0,1,1,1
743,1,0,1,1,1,0,0,1,1,1
959,1,1,1,0,1,1,1,1,1,1
15,0,0,0,0,0,0,1,1,1,1
847,1,1,0,1,0,0,1,1,1,1
950,1,1,1,0,1,1,0,1,1,0
1014,1,1,1,1,1,1,0,1,1,0
364,0,1,0,1,1,0,1,1,0,0
130,0,0,1,0,0,0,0,0,1,0
513,1,0,0,0,0,0,0,0,0,1
327,0,1,0,1,0,0,0,1,1,1
559,1,0,0,0,1,0,1,1,1,1
728,1,0,1,1,0,1,1,0,0,0
557,1,0,0,0,1,0,1,1,0,1
691,1,0,1,0,1,1,0,0,1,1
480,0,1,1,1,1,0,0,0,0,0
373,0,1,0,1,1,1,0,1,0,1
758,1,0,1,1,1,1,0,1,1,0
983,1,1,1,1,0,1,0,1,1,1
391,0,1,1,0,0,0,0,1,1,1
759,1,0,1,1,1,1,0,1,1,1
238,0,0,1,1,1,0,1,1,1,0
809,1,1,0,0,1,0,1,0,0,1
893,1,1,0,1,1,1,1,1,0,1
760,1,0,1,1,1,1,1,0,0,0
738,1,0,1,1,1,0,0,0,1,0
611,1,0,0,1,1,0,0,0,1,1
191,0,0,1,0,1,1,1,1,1,1
425,0,1,1,0,1,0,1,0,0,1
907,1,1,1,0,0,0,1,0,1,1
339,0,1,0,1,0,1,0,0,1,1
461,0,1,1,1,0,0,1,1,0,1
451,0,1,1,1,0,0,0,0,1,1
439,0,1,1,0,1,1,0,1,1,1
227,0,0,1,1,1,0,0,0,1,1
954,1,1,1,0,1,1,1,0,1,0
49,0,0,0,0,1,1,0,0,0,1
718,1,0,1,1,0,0,1,1,1,0
213,0,0,1,1,0,1,0,1,0,1
520,1,0,0,0,0,0,1,0,0,0
140,0,0,1,0,0,0,1,1,0,0
919,1,1,1,0,0,1,0,1,1,1
427,0,1,1,0,1,0,1,0,1,1
924,1,1,1,0,0,1,1,1,0,0
750,1,0,1,1,1,0,1,1,1,0
170,0,0,1,0,1,0,1,0,1,0
133,0,0,1,0,0,0,0,1,0,1
956,1,1,1,0,1,1,1,1,0,0
898,1,1,1,0,0,0,0,0,1,0
278,0,1,0,0,0,1,0,1,1,0
95,0,0,0,1,0,1,1,1,1,1
410,0,1,1,0,0,1,1,0,1,0
373,0,1,0,1,1,1,0,1,0,1
708,1,0,1,1,0,0,0,1,0,0
720,1,0,1,1,0,1,0,0,0,0
811,1,1,0,0,1,0,1,0,1,1
527,1,0,0,0,0,0,1,1,1,1
941,1,1,1,0,1,0,1,1,0,1
333,0,1,0,1,0,0,1,1,0,1
339,0,1,0,1,0,1,0,0,1,1
34,0,0,0,0,1,0,0,0,1,0
1017,1,1,1,1,1,1,1,0,0,1
172,0,0,1,0,1,0,1,1,0,0
903,1,1,1,0,0,0,0,1,1,1
714,1,0,1,1,0,0,1,0,1,0
321,0,1,0,1,0,0,0,0,0,1
344,0,1,0,1,0,1,1,0,0,0
820,1,1,0,0,1,1,0,1,0,0
488,0,1,1,1,1,0,1,0,0,0
605,1,0,0,1,0,1,1,1,0,1
938,1,1,1,0,1,0,1,0,1,0
545,1,0,0,0,1,0,0,0,0,1
66,0,0,0,1,0,0,0,0,1,0
469,0,1,1,1,0,1,0,1,0,1
256,0,1,0,0,0,0,0,0,0,0
598,1,0,0,1,0,1,0,1,1,0
534,1,0,0,0,0,1,0,1,1,0
80,0,0,0,1,0,1,0,0,0,0
871,1,1,0,1,1,0,0,1,1,1
603,1,0,0,1,0,1,1,0,1,1
216,0,0,1,1,0,1,1,0,0,0
103,0,0,0,1,1,0,0,1,1,1
140,0,0,1,0,0,0,1,1,0,0
70,0,0,0,1,0,0,0,1,1,0
1014,1,1,1,1,1,1,0,1,1,0
123,0,0,0,1,1,1,1,0,1,1
480,0,1,1,1,1,0,0,0,0,0
791,1,1,0,0,0,1,0,1,1,1
733,1,0,1,1,0,1,1,1,0,1
618,1,0,0,1,1,0,1,0,1,0
525,1,0,0,0,0,0,1,1,0,1
1006,1,1,1,1,1,0,1,1,1,0
936,1,1,1,0,1,0,1,0,0,0
542,1,0,0,0,0,1,1,1,1,0
750,1,0,1,1,1,0,1,1,1,0
824,1,1,0,0,1,1,1,0,0,0
655,1,0,1,0,0,0,1,1,1,1
358,0,1,0,1,1,0,0,1,1,0
60,0,0,0,0,1,1,1,1,0,0
313,0,1,0,0,1,1,1,0,0,1
697,1,0,1,0,1,1,1,0,0,1
388,0,1,1,0,0,0,0,1,0,0
972,1,1,1,1,0,0,1,1,0,0
122,0,0,0,1,1,1,1,0,1,0
11,0,0,0,0,0,0,1,0,1,1
241,0,0,1,1,1,1,0,0,0,1
335,0,1,0,1,0,0,1,1,1,1
643,1,0,1,0,0,0,0,0,1,1
221,0,0,1,1,0,1,1,1,0,1
17,0,0,0,0,0,1,0,0,0,1
1010,1,1,1,1,1,1,0,0,1,0
300,0,1,0,0,1,0,1,1,0,0
457,0,1,1,1,0,0,1,0,0,1
697,1,0,1,0,1,1,1,0,0,1
889,1,1,0,1,1,1,1,0,0,1
70,0,0,0,1,0,0,0,1,1,0
410,0,1,1,0,0,1,1,0,1,0
153,0,0,1,0,0,1,1,0,0,1
789,1,1,0,0,0,1,0,1,0,1
218,0,0,1,1,0,1,1,0,1,0
385,0,1,1,0,0,0,0,0,0,1
840,1,1,0,1,0,0,1,0,0,0
67,0,0,0,1,0,0,0,0,1,1
123,0,0,0,1,1,1,1,0,1,1
243,0,0,1,1,1,1,0,0,1,1
908,1,1,1,0,0,0,1,1,0,0
710,1,0,1,1,0,0,0,1,1,0
933,1,1,1,0,1,0,0,1,0,1
140,0,0,1,0,0,0,1,1,0,0
445,0,1,1,0,1,1,1,1,0,1
611,1,0,0,1,1,0,0,0,1,1
335,0,1,0,1,0,0,1,1,1,1
841,1,1,0,1,0,0,1,0,0,1
890,1,1,0,1,1,1,1,0,1,0
559,1,0,0,0,1,0,1,1,1,1
640,1,0,1,0,0,0,0,0,0,0
647,1,0,1,0,0,0,0,1,1,1
89,0,0,0,1,0,1,1,0,0,1
771,1,1,0,0,0,0,0,0,1,1
662,1,0,1,0,0,1,0,1,1,0
989,1,1,1,1,0,1,1,1,0,1
448,0,1,1,1,0,0,0,0,0,0
649,1,0,1,0,0,0,1,0,0,1
933,1,1,1,0,1,0,0,1,0,1
504,0,1,1,1,1,1,1,0,0,0
657,1,0,1,0,0,1,0,0,0,1
267,0,1,0,0,0,0,1,0,1,1
193,0,0,1,1,0,0,0,0,0,1
148,0,0,1,0,0,1,0,1,0,0
494,0,1,1,1,1,0,1,1,1,0
444,0,1,1,0,1,1,1,1,0,0
395,0,1,1,0,0,0,1,0,1,1
159,0,0,1,0,0,1,1,1,1,1
477,0,1,1,1,0,1,1,1,0,1
780,1,1,0,0,0,0,1,1,0,0
777,1,1,0,0,0,0,1,0,0,1
965,1,1,1,1,0,0,0,1,0,1
193,0,0,1,1,0,0,0,0,0,1
916,1,1,1,0,0,1,0,1,0,0
481,0,1,1,1,1,0,0,0,0,1
116,0,0,0,1,1,1,0,1,0,0
412,0,1,1,0,0,1,1,1,0,0
458,0,1,1,1,0,0,1,0,1,0
637,1,0,0,1,1,1,1,1,0,1
882,1,1,0,1,1,1,0,0,1,0
695,1,0,1,0,1,1,0,1,1,1
646,1,0,1,0,0,0,0,1,1,0
740,1,0,1,1,1,0,0,1,0,0
748,1,0,1,1,1,0,1,1,0,0
133,0,0,1,0,0,0,0,1,0,1
430,0,1,1,0,1,0,1,1,1,0
764,1,0,1,1,1,1,1,1,0,0
332,0,1,0,1,0,0,1,1,0,0
181,0,0,1,0,1,1,0,1,0,1
729,1,0,1,1,0,1,1,0,0,1
894,1,1,0,1,1,1,1,1,1,0
399,0,1,1,0,0,0,1,1,1,1
48,0,0,0,0,1,1,0,0,0,0
398,0,1,1,0,0,0,1,1,1,0
740,1,0,1,1,1,0,0,1,0,0
19,0,0,0,0,0,1,0,0,1,1
866,1,1,0,1,1,0,0,0,1,0
577,1,0,0,1,0,0,0,0,0,1
739,1,0,1,1,1,0,0,0,1,1
223,0,0,1,1,0,1,1,1,1,1
825,1,1,0,0,1,1,1,0,0,1
509,0,1,1,1,1,1,1,1,0,1
406,0,1,1,0,0,1,0,1,1,0
65,0,0,0,1,0,0,0,0,0,1
602,1,0,0,1,0,1,1,0,1,0
428,0,1,1,0,1,0,1,1,0,0
304,0,1,0,0,1,1,0,0,0,0
787,1,1,0,0,0,1,0,0,1,1
157,0,0,1,0,0,1,1,1,0,1
614,1,0,0,1,1,0,0,1,1,0
667,1,0,1,0,0,1,1,0,1,1
729,1,0,1,1,0,1,1,0,0,1
628,1,0,0,1,1,1,0,1,0,0
464,0,1,1,1,0,1,0,0,0,0
175,0,0,1,0,1,0,1,1,1,1
58,0,0,0,0,1,1,1,0,1,0
1000,1,1,1,1,1,0,1,0,0,0
24,0,0,0,0,0,1,1,0,0,0
816,1,1,0,0,1,1,0,0,0,0
785,1,1,0,0,0,1,0,0,0,1
275,0,1,0,0,0,1,0,0,1,1
696,1,0,1,0,1,1,1,0,0,0
12,0,0,0,0,0,0,1,1,0,0
216,0,0,1,1,0,1,1,0,0,0
339,0,1,0,1,0,1,0,0,1,1
767,1,0,1,1,1,1,1,1,1,1
591,1,0,0,1,0,0,1,1,1,1
859,1,1,0,1,0,1,1,0,1,1
360,0,1,0,1,1,0,1,0,0,0
885,1,1,0,1,1,1,0,1,0,1
686,1,0,1,0,1,0,1,1,1,0
128,0,0,1,0,0,0,0,0,0,0
108,0,0,0,1,1,0,1,1,0,0
345,0,1,0,1,0,1,1,0,0,1
593,1,0,0,1,0,1,0,0,0,1
367,0,1,0,1,1,0,1,1,1,1
100,0,0,0,1,1,0,0,1,0,0
702,1,0,1,0,1,1,1,1,1,0
181,0,0,1,0,1,1,0,1,0,1
681,1,0,1,0,1,0,1,0,0,1
386,0,1,1,0,0,0,0,0,1,0
558,1,0,0,0,1,0,1,1,1,0
675,1,0,1,0,1,0,0,0,1,1
508,0,1,1,1,1,1,1,1,0,0
574,1,0,0,0,1,1,1,1,1,0
703,1,0,1,0,1,1,1,1,1,1
320,0,1,0,1,0,0,0,0,0,0
712,1,0,1,1,0,0,1,0,0,0
47,0,0,0,0,1,0,1,1,1,1
498,0,1,1,1,1,1,0,0,1,0
465,0,1,1,1,0,1,0,0,0,1
496,0,1,1,1,1,1,0,0,0,0
398,0,1,1,0,0,0,1,1,1,0
70,0,0,0,1,0,0,0,1,1,0
995,1,1,1,1,1,0,0,0,1,1
771,1,1,0,0,0,0,0,0,1,1
291,0,1,0,0,1,0,0,0,1,1
886,1,1,0,1,1,1,0,1,1,0
95,0,0,0,1,0,1,1,1,1,1
475,0,1,1,1,0,1,1,0,1,1
497,0,1,1,1,1,1,0,0,0,1
883,1,1,0,1,1,1,0,0,1,1
557,1,0,0,0,1,0,1,1,0,1
447,0,1,1,0,1,1,1,1,1,1
820,1,1,0,0,1,1,0,1,0,0
452,0,1,1,1,0,0,0,1,0,0
618,1,0,0,1,1,0,1,0,1,0
766,1,0,1,1,1,1,1,1,1,0
403,0,1,1,0,0,1,0,0,1,1
720,1,0,1,1,0,1,0,0,0,0
234,0,0,1,1,1,0,1,0,1,0
686,1,0,1,0,1,0,1,1,1,0
45,0,0,0,0,1,0,1,1,0,1
69,0,0,0,1,0,0,0,1,0,1
709,1,0,1,1,0,0,0,1,0,1
972,1,1,1,1,0,0,1,1,0,0
807,1,1,0,0,1,0,0,1,1,1
358,0,1,0,1,1,0,0,1,1,0
581,1,0,0,1,0,0,0,1,0,1
822,1,1,0,0,1,1,0,1,1,0
583,1,0,0,1,0,0,0,1,1,1
223,0,0,1,1,0,1,1,1,1,1
391,0,1,1,0,0,0,0,1,1,1
634,1,0,0,1,1,1,1,0,1,0
120,0,0,0,1,1,1,1,0,0,0
531,1,0,0,0,0,1,0,0,1,1
531,1,0,0,0,0,1,0,0,1,1
524,1,0,0,0,0,0,1,1,0,0
115,0,0,0,1,1,1,0,0,1,1
443,0,1,1,0,1,1,1,0,1,1
595,1,0,0,1,0,1,0,0,1,1
661,1,0,1,0,0,1,0,1,0,1
163,0,0,1,0,1,0,0,0,1,1
912,1,1,1,0,0,1,0,0,0,0
721,1,0,1,1,0,1,0,0,0,1
787,1,1,0,0,0,1,0,0,1,1
572,1,0,0,0,1,1,1,1,0,0
13,0,0,0,0,0,0,1,1,0,1
128,0,0,1,0,0,0,0,0,0,0
835,1,1,0,1,0,0,0,0,1,1
843,1,1,0,1,0,0,1,0,1,1
950,1,1,1,0,1,1,0,1,1,0
349,0,1,0,1,0,1,1,1,0,1
497,0,1,1,1,1,1,0,0,0,1
736,1,0,1,1,1,0,0,0,0,0
971,1,1,1,1,0,0,1,0,1,1
862,1,1,0,1,0,1,1,1,1,0
751,1,0,1,1,1,0,1,1,1,1
619,1,0,0,1,1,0,1,0,1,1
275,0,1,0,0,0,1,0,0,1,1
980,1,1,1,1,0,1,0,1,0,0
867,1,1,0,1,1,0,0,0,1,1
859,1,1,0,1,0,1,1,0,1,1
270,0,1,0,0,0,0,1,1,1,0
971,1,1,1,1,0,0,1,0,1,1
658,1,0,1,0,0,1,0,0,1,0
434,0,1,1,0,1,1,0,0,1,0
829,1,1,0,0,1,1,1,1,0,1
147,0,0,1,0,0,1,0,0,1,1
996,1,1,1,1,1,0,0,1,0,0
674,1,0,1,0,1,0,0,0,1,0
388,0,1,1,0,0,0,0,1,0,0
562,1,0,0,0,1,1,0,0,1,0
450,0,1,1,1,0,0,0,0,1,0
432,0,1,1,0,1,1,0,0,0,0
801,1,1,0,0,1,0,0,0,0,1
296,0,1,0,0,1,0,1,0,0,0
204,0,0,1,1,0,0,1,1,0,0
692,1,0,1,0,1,1,0,1,0,0
133,0,0,1,0,0,0,0,1,0,1
780,1,1,0,0,0,0,1,1,0,0
30,0,0,0,0,0,1,1,1,1,0
42,0,0,0,0,1,0,1,0,1,0
533,1,0,0,0,0,1,0,1,0,1
149,0,0,1,0,0,1,0,1,0,1
913,1,1,1,0,0,1,0,0,0,1
185,0,0,1,0,1,1,1,0,0,1
1006,1,1,1,1,1,0,1,1,1,0
95,0,0,0,1,0,1,1,1,1,1
520,1,0,0,0,0,0,1,0,0,0
898,1,1,1,0,0,0,0,0,1,0
753,1,0,1,1,1,1,0,0,0,1
49,0,0,0,0,1,1,0,0,0,1
892,1,1,0,1,1,1,1,1,0,0
139,0,0,1,0,0,0,1,0,1,1
653,1,0,1,0,0,0,1,1,0,1
875,1,1,0,1,1,0,1,0,1,1
988,1,1,1,1,0,1,1,1,0,0
395,0,1,1,0,0,0,1,0,1,1
647,1,0,1,0,0,0,0,1,1,1
532,1,0,0,0,0,1,0,1,0,0
243,0,0,1,1,1,1,0,0,1,1
239,0,0,1,1,1,0,1,1,1,1
696,1,0,1,0,1,1,1,0,0,0
808,1,1,0,0,1,0,1,0,0,0
891,1,1,0,1,1,1,1,0,1,1
460,0,1,1,1,0,0,1,1,0,0
447,0,1,1,0,1,1,1,1,1,1
512,1,0,0,0,0,0,0,0,0,0
867,1,1,0,1,1,0,0,0,1,1
479,0,1,1,1,0,1,1,1,1,1
814,1,1,0,0,1,0,1,1,1,0
807,1,1,0,0,1,0,0,1,1,1
78,0,0,0,1,0,0,1,1,1,0
636,1,0,0,1,1,1,1,1,0,0
357,0,1,0,1,1,0,0,1,0,1
17,0,0,0,0,0,1,0,0,0,1
966,1,1,1,1,0,0,0,1,1,0
926,1,1,1,0,0,1,1,1,1,0
551,1,0,0,0,1,0,0,1,1,1
289,0,1,0,0,1,0,0,0,0,1
288,0,1,0,0,1,0,0,0,0,0
453,0,1,1,1,0,0,0,1,0,1
82,0,0,0,1,0,1,0,0,1,0
101,0,0,0,1,1,0,0,1,0,1
487,0,1,1,1,1,0,0,1,1,1
766,1,0,1,1,1,1,1,1,1,0
910,1,1,1,0,0,0,1,1,1,0
525,1,0,0,0,0,0,1,1,0,1
634,1,0,0,1,1,1,1,0,1,0
450,0,1,1,1,0,0,0,0,1,0
289,0,1,0,0,1,0,0,0,0,1
369,0,1,0,1,1,1,0,0,0,1
49,0,0,0,0,1,1,0,0,0,1
397,0,1,1,0,0,0,1,1,0,1
241,0,0,1,1,1,1,0,0,0,1
479,0,1,1,1,0,1,1,1,1,1
1017,1,1,1,1,1,1,1,0,0,1
798,1,1,0,0,0,1,1,1,1,0
579,1,0,0,1,0,0,0,0,1,1
381,0,1,0,1,1,1,1,1,0,1
167,0,0,1,0,1,0,0,1,1,1
641,1,0,1,0,0,0,0,0,0,1
106,0,0,0,1,1,0,1,0,1,0
909,1,1,1,0,0,0,1,1,0,1
58,0,0,0,0,1,1,1,0,1,0
30,0,0,0,0,0,1,1,1,1,0
510,0,1,1,1,1,1,1,1,1,0
86,0,0,0,1,0,1,0,1,1,0
458,0,1,1,1,0,0,1,0,1,0
54,0,0,0,0,1,1,0,1,1,0
766,1,0,1,1,1,1,1,1,1,0
113,0,0,0,1,1,1,0,0,0,1
339,0,1,0,1,0,1,0,0,1,1
337,0,1,0,1,0,1,0,0,0,1
477,0,1,1,1,0,1,1,1,0,1
926,1,1,1,0,0,1,1,1,1,0
103,0,0,0,1,1,0,0,1,1,1
820,1,1,0,0,1,1,0,1,0,0
222,0,0,1,1,0,1,1,1,1,0
602,1,0,0,1,0,1,1,0,1,0
467,0,1,1,1,0,1,0,0,1,1
691,1,0,1,0,1,1,0,0,1,1
900,1,1,1,0,0,0,0,1,0,0
341,0,1,0,1,0,1,0,1,0,1
712,1,0,1,1,0,0,1,0,0,0
1019,1,1,1,1,1,1,1,0,1,1
92,0,0,0,1,0,1,1,1,0,0
938,1,1,1,0,1,0,1,0,1,0
30,0,0,0,0,0,1,1,1,1,0
559,1,0,0,0,1,0,1,1,1,1
592,1,0,0,1,0,1,0,0,0,0
1,0,0,0,0,0,0,0,0,0,1
14,0,0,0,0,0,0,1,1,1,0
152,0,0,1,0,0,1,1,0,0,0
294,0,1,0,0,1,0,0,1,1,0
834,1,1,0,1,0,0,0,0,1,0
118,0,0,0,1,1,1,0,1,1,0
754,1,0,1,1,1,1,0,0,1,0
1010,1,1,1,1,1,1,0,0,1,0
558,1,0,0,0,1,0,1,1,1,0
208,0,0,1,1,0,1,0,0,0,0
515,1,0,0,0,0,0,0,0,1,1
886,1,1,0,1,1,1,0,1,1,0
698,1,0,1,0,1,1,1,0,1,0
116,0,0,0,1,1,1,0,1,0,0
434,0,1,1,0,1,1,0,0,1,0
420,0,1,1,0,1,0,0,1,0,0
462,0,1,1,1,0,0,1,1,1,0
660,1,0,1,0,0,1,0,1,0,0
739,1,0,1,1,1,0,0,0,1,1
169,0,0,1,0,1,0,1,0,0,1
878,1,1,0,1,1,0,1,1,1,0
185,0,0,1,0,1,1,1,0,0,1
546,1,0,0,0,1,0,0,0,1,0
906,1,1,1,0,0,0,1,0,1,0
123,0,0,0,1,1,1,1,0,1,1
717,1,0,1,1,0,0,1,1,0,1
499,0,1,1,1,1,1,0,0,1,1
513,1,0,0,0,0,0,0,0,0,1
46,0,0,0,0,1,0,1,1,1,0
241,0,0,1,1,1,1,0,0,0,1
590,1,0,0,1,0,0,1,1,1,0
601,1,0,0,1,0,1,1,0,0,1
993,1,1,1,1,1,0,0,0,0,1
190,0,0,1,0,1,1,1,1,1,0
133,0,0,1,0,0,0,0,1,0,1
766,1,0,1,1,1,1,1,1,1,0
390,0,1,1,0,0,0,0,1,1,0
71,0,0,0,1,0,0,0,1,1,1
100,0,0,0,1,1,0,0,1,0,0
270,0,1,0,0,0,0,1,1,1,0
696,1,0,1,0,1,1,1,0,0,0
518,1,0,0,0,0,0,0,1,1,0
814,1,1,0,0,1,0,1,1,1,0
520,1,0,0,0,0,0,1,0,0,0
151,0,0,1,0,0,1,0,1,1,1
622,1,0,0,1,1,0,1,1,1,0
561,1,0,0,0,1,1,0,0,0,1
601,1,0,0,1,0,1,1,0,0,1
988,1,1,1,1,0,1,1,1,0,0
779,1,1,0,0,0,0,1,0,1,1
58,0,0,0,0,1,1,1,0,1,0
728,1,0,1,1,0,1,1,0,0,0
182,0,0,1,0,1,1,0,1,1,0
573,1,0,0,0,1,1,1,1,0,1
503,0,1,1,1,1,1,0,1,1,1
672,1,0,1,0,1,0,0,0,0,0
656,1,0,1,0,0,1,0,0,0,0
613,1,0,0,1,1,0,0,1,0,1
451,0,1,1,1,0,0,0,0,1,1
550,1,0,0,0,1,0,0,1,1,0
739,1,0,1,1,1,0,0,0,1,1
794,1,1,0,0,0,1,1,0,1,0
807,1,1,0,0,1,0,0,1,1,1
502,0,1,1,1,1,1,0,1,1,0
850,1,1,0,1,0,1,0,0,1,0
422,0,1,1,0,1,0,0,1,1,0
770,1,1,0,0,0,0,0,0,1,0
848,1,1,0,1,0,1,0,0,0,0
992,1,1,1,1,1,0,0,0,0,0
612,1,0,0,1,1,0,0,1,0,0
314,0,1,0,0,1,1,1,0,1,0
666,1,0,1,0,0,1,1,0,1,0
869,1,1,0,1,1,0,0,1,0,1
518,1,0,0,0,0,0,0,1,1,0
984,1,1,1,1,0,1,1,0,0,0
352,0,1,0,1,1,0,0,0,0,0
487,0,1,1,1,1,0,0,1,1,1
102,0,0,0,1,1,0,0,1,1,0
630,1,0,0,1,1,1,0,1,1,0
280,0,1,0,0,0,1,1,0,0,0
604,1,0,0,1,0,1,1,1,0,0
688,1,0,1,0,1,1,0,0,0,0
801,1,1,0,0,1,0,0,0,0,1
655,1,0,1,0,0,0,1,1,1,1
628,1,0,0,1,1,1,0,1,0,0
598,1,0,0,1,0,1,0,1,1,0
594,1,0,0,1,0,1,0,0,1,0
4,0,0,0,0,0,0,0,1,0,0
947,1,1,1,0,1,1,0,0,1,1
16,0,0,0,0,0,1,0,0,0,0
344,0,1,0,1,0,1,1,0,0,0
149,0,0,1,0,0,1,0,1,0,1
398,0,1,1,0,0,0,1,1,1,0
328,0,1,0,1,0,0,1,0,0,0
166,0,0,1,0,1,0,0,1,1,0
480,0,1,1,1,1,0,0,0,0,0
930,1,1,1,0,1,0,0,0,1,0
338,0,1,0,1,0,1,0,0,1,0
655,1,0,1,0,0,0,1,1,1,1
522,1,0,0,0,0,0,1,0,1,0
903,1,1,1,0,0,0,0,1,1,1
697,1,0,1,0,1,1,1,0,0,1
789,1,1,0,0,0,1,0,1,0,1
745,1,0,1,1,1,0,1,0,0,1
350,0,1,0,1,0,1,1,1,1,0
357,0,1,0,1,1,0,0,1,0,1
19,0,0,0,0,0,1,0,0,1,1
632,1,0,0,1,1,1,1,0,0,0
186,0,0,1,0,1,1,1,0,1,0
700,1,0,1,0,1,1,1,1,0,0
504,0,1,1,1,1,1,1,0,0,0
31,0,0,0,0,0,1,1,1,1,1
800,1,1,0,0,1,0,0,0,0,0
751,1,0,1,1,1,0,1,1,1,1
495,0,1,1,1,1,0,1,1,1,1
842,1,1,0,1,0,0,1,0,1,0
577,1,0,0,1,0,0,0,0,0,1
225,0,0,1,1,1,0,0,0,0,1
538,1,0,0,0,0,1,1,0,1,0
340,0,1,0,1,0,1,0,1,0,0
706,1,0,1,1,0,0,0,0,1,0
169,0,0,1,0,1,0,1,0,0,1
93,0,0,0,1,0,1,1,1,0,1
712,1,0,1,1,0,0,1,0,0,0
833,1,1,0,1,0,0,0,0,0,1
920,1,1,1,0,0,1,1,0,0,0
626,1,0,0,1,1,1,0,0,1,0
195,0,0,1,1,0,0,0,0,1,1
169,0,0,1,0,1,0,1,0,0,1
615,1,0,0,1,1,0,0,1,1,1
804,1,1,0,0,1,0,0,1,0,0
385,0,1,1,0,0,0,0,0,0,1
133,0,0,1,0,0,0,0,1,0,1
184,0,0,1,0,1,1,1,0,0,0
311,0,1,0,0,1,1,0,1,1,1
769,1,1,0,0,0,0,0,0,0,1
73,0,0,0,1,0,0,1,0,0,1
284,0,1,0,0,0,1,1,1,0,0
776,1,1,0,0,0,0,1,0,0,0
58,0,0,0,0,1,1,1,0,1,0
78,0,0,0,1,0,0,1,1,1,0
624,1,0,0,1,1,1,0,0,0,0
190,0,0,1,0,1,1,1,1,1,0
112,0,0,0,1,1,1,0,0,0,0
829,1,1,0,0,1,1,1,1,0,1
897,1,1,1,0,0,0,0,0,0,1
942,1,1,1,0,1,0,1,1,1,0
591,1,0,0,1,0,0,1,1,1,1
875,1,1,0,1,1,0,1,0,1,1
365,0,1,0,1,1,0,1,1,0,1
333,0,1,0,1,0,0,1,1,0,1
415,0,1,1,0,0,1,1,1,1,1
392,0,1,1,0,0,0,1,0,0,0
448,0,1,1,1,0,0,0,0,0,0
842,1,1,0,1,0,0,1,0,1,0
273,0,1,0,0,0,1,0,0,0,1
986,1,1,1,1,0,1,1,0,1,0
608,1,0,0,1,1,0,0,0,0,0
178,0,0,1,0,1,1,0,0,1,0
458,0,1,1,1,0,0,1,0,1,0
658,1,0,1,0,0,1,0,0,1,0
249,0,0,1,1,1,1,1,0,0,1
50,0,0,0,0,1,1,0,0,1,0
192,0,0,1,1,0,0,0,0,0,0
844,1,1,0,1,0,0,1,1,0,0
789,1,1,0,0,0,1,0,1,0,1
952,1,1,1,0,1,1,1,0,0,0
118,0,0,0,1,1,1,0,1,1,0
652,1,0,1,0,0,0,1,1,0,0
882,1,1,0,1,1,1,0,0,1,0
792,1,1,0,0,0,1,1,0,0,0
912,1,1,1,0,0,1,0,0,0,0
731,1,0,1,1,0,1,1,0,1,1
1009,1,1,1,1,1,1,0,0,0,1
786,1,1,0,0,0,1,0,0,1,0
763,1,0,1,1,1,1,1,0,1,1
856,1,1,0,1,0,1,1,0,0,0
659,1,0,1,0,0,1,0,0,1,1
522,1,0,0,0,0,0,1,0,1,0
594,1,0,0,1,0,1,0,0,1,0
514,1,0,0,0,0,0,0,0,1,0
197,0,0,1,1,0,0,0,1,0,1
384,0,1,1,0,0,0,0,0,0,0
579,1,0,0,1,0,0,0,0,1,1
184,0,0,1,0,1,1,1,0,0,0
581,1,0,0,1,0,0,0,1,0,1
794,1,1,0,0,0,1,1,0,1,0
11,0,0,0,0,0,0,1,0,1,1
449,0,1,1,1,0,0,0,0,0,1
753,1,0,1,1,1,1,0,0,0,1
589,1,0,0,1,0,0,1,1,0,1
427,0,1,1,0,1,0,1,0,1,1
365,0,1,0,1,1,0,1,1,0,1
106,0,0,0,1,1,0,1,0,1,0
292,0,1,0,0,1,0,0,1,0,0
9,0,0,0,0,0,0,1,0,0,1
15,0,0,0,0,0,0,1,1,1,1
524,1,0,0,0,0,0,1,1,0,0
429,0,1,1,0,1,0,1,1,0,1
678,1,0,1,0,1,0,0,1,1,0
908,1,1,1,0,0,0,1,1,0,0
985,1,1,1,1,0,1,1,0,0,1
407,0,1,1,0,0,1,0,1,1,1
477,0,1,1,1,0,1,1,1,0,1
626,1,0,0,1,1,1,0,0,1,0
842,1,1,0,1,0,0,1,0,1,0
928,1,1,1,0,1,0,0,0,0,0
730,1,0,1,1,0,1,1,0,1,0
242,0,0,1,1,1,1,0,0,1,0
525,1,0,0,0,0,0,1,1,0,1
41,0,0,0,0,1,0,1,0,0,1
230,0,0,1,1,1,0,0,1,1,0
481,0,1,1,1,1,0,0,0,0,1
278,0,1,0,0,0,1,0,1,1,0
688,1,0,1,0,1,1,0,0,0,0
980,1,1,1,1,0,1,0,1,0,0
91,0,0,0,1,0,1,1,0,1,1
543,1,0,0,0,0,1,1,1,1,1
749,1,0,1,1,1,0,1,1,0,1
217,0,0,1,1,0,1,1,0,0,1
491,0,1,1,1,1,0,1,0,1,1
317,0,1,0,0,1,1,1,1,0,1
983,1,1,1,1,0,1,0,1,1,1
301,0,1,0,0,1,0,1,1,0,1
516,1,0,0,0,0,0,0,1,0,0
805,1,1,0,0,1,0,0,1,0,1
471,0,1,1,1,0,1,0,1,1,1
139,0,0,1,0,0,0,1,0,1,1
668,1,0,1,0,0,1,1,1,0,0
800,1,1,0,0,1,0,0,0,0,0
366,0,1,0,1,1,0,1,1,1,0
758,1,0,1,1,1,1,0,1,1,0
129,0,0,1,0,0,0,0,0,0,1
272,0,1,0,0,0,1,0,0,0,0
994,1,1,1,1,1,0,0,0,1,0
644,1,0,1,0,0,0,0,1,0,0
263,0,1,0,0,0,0,0,1,1,1
270,0,1,0,0,0,0,1,1,1,0
861,1,1,0,1,0,1,1,1,0,1
925,1,1,1,0,0,1,1,1,0,1
549,1,0,0,0,1,0,0,1,0,1
651,1,0,1,0,0,0,1,0,1,1
717,1,0,1,1,0,0,1,1,0,1
938,1,1,1,0,1,0,1,0,1,0
705,1,0,1,1,0,0,0,0,0,1
139,0,0,1,0,0,0,1,0,1,1
263,0,1,0,0,0,0,0,1,1,1
606,1,0,0,1,0,1,1,1,1,0
502,0,1,1,1,1,1,0,1,1,0
2,0,0,0,0,0,0,0,0,1,0
1021,1,1,1,1,1,1,1,1,0,1
934,1,1,1,0,1,0,0,1,1,0
826,1,1,0,0,1,1,1,0,1,0
361,0,1,0,1,1,0,1,0,0,1
905,1,1,1,0,0,0,1,0,0,1
833,1,1,0,1,0,0,0,0,0,1
294,0,1,0,0,1,0,0,1,1,0
180,0,0,1,0,1,1,0,1,0,0
1009,1,1,1,1,1,1,0,0,0,1
828,1,1,0,0,1,1,1,1,0,0
370,0,1,0,1,1,1,0,0,1,0
912,1,1,1,0,0,1,0,0,0,0
731,1,0,1,1,0,1,1,0,1,1
25,0,0,0,0,0,1,1,0,0,1
234,0,0,1,1,1,0,1,0,1,0
236,0,0,1,1,1,0,1,1,0,0
934,1,1,1,0,1,0,0,1,1,0
457,0,1,1,1,0,0,1,0,0,1
404,0,1,1,0,0,1,0,1,0,0
374,0,1,0,1,1,1,0,1,1,0
859,1,1,0,1,0,1,1,0,1,1
520,1,0,0,0,0,0,1,0,0,0
889,1,1,0,1,1,1,1,0,0,1
938,1,1,1,0,1,0,1,0,1,0
165,0,0,1,0,1,0,0,1,0,1
914,1,1,1,0,0,1,0,0,1,0
586,1,0,0,1,0,0,1,0,1,0
997,1,1,1,1,1,0,0,1,0,1
201,0,0,1,1,0,0,1,0,0,1
460,0,1,1,1,0,0,1,1,0,0
396,0,1,1,0,0,0,1,1,0,0
790,1,1,0,0,0,1,0,1,1,0
323,0,1,0,1,0,0,0,0,1,1
745,1,0,1,1,1,0,1,0,0,1
501,0,1,1,1,1,1,0,1,0,1
780,1,1,0,0,0,0,1,1,0,0
303,0,1,0,0,1,0,1,1,1,1
612,1,0,0,1,1,0,0,1,0,0
533,1,0,0,0,0,1,0,1,0,1
763,1,0,1,1,1,1,1,0,1,1
129,0,0,1,0,0,0,0,0,0,1
598,1,0,0,1,0,1,0,1,1,0
84,0,0,0,1,0,1,0,1,0,0
522,1,0,0,0,0,0,1,0,1,0
502,0,1,1,1,1,1,0,1,1,0
464,0,1,1,1,0,1,0,0,0,0
596,1,0,0,1,0,1,0,1,0,0
591,1,0,0,1,0,0,1,1,1,1
676,1,0,1,0,1,0,0,1,0,0
960,1,1,1,1,0,0,0,0,0,0
572,1,0,0,0,1,1,1,1,0,0
284,0,1,0,0,0,1,1,1,0,0
169,0,0,1,0,1,0,1,0,0,1
552,1,0,0,0,1,0,1,0,0,0
395,0,1,1,0,0,0,1,0,1,1
802,1,1,0,0,1,0,0,0,1,0
1,0,0,0,0,0,0,0,0,0,1
366,0,1,0,1,1,0,1,1,1,0
885,1,1,0,1,1,1,0,1,0,1
939,1,1,1,0,1,0,1,0,1,1
35,0,0,0,0,1,0,0,0,1,1
848,1,1,0,1,0,1,0,0,0,0
268,0,1,0,0,0,0,1,1,0,0
193,0,0,1,1,0,0,0,0,0,1
749,1,0,1,1,1,0,1,1,0,1
307,0,1,0,0,1,1,0,0,1,1
792,1,1,0,0,0,1,1,0,0,0
64,0,0,0,1,0,0,0,0,0,0
368,0,1,0,1,1,1,0,0,0,0
8,0,0,0,0,0,0,1,0,0,0
606,1,0,0,1,0,1,1,1,1,0
790,1,1,0,0,0,1,0,1,1,0
27,0,0,0,0,0,1,1,0,1,1
964,1,1,1,1,0,0,0,1,0,0
327,0,1,0,1,0,0,0,1,1,1
821,1,1,0,0,1,1,0,1,0,1
410,0,1,1,0,0,1,1,0,1,0
289,0,1,0,0,1,0,0,0,0,1
336,0,1,0,1,0,1,0,0,0,0
846,1,1,0,1,0,0,1,1,1,0
382,0,1,0,1,1,1,1,1,1,0
477,0,1,1,1,0,1,1,1,0,1
139,0,0,1,0,0,0,1,0,1,1
646,1,0,1,0,0,0,0,1,1,0
936,1,1,1,0,1,0,1,0,0,0
680,1,0,1,0,1,0,1,0,0,0
531,1,0,0,0,0,1,0,0,1,1
738,1,0,1,1,1,0,0,0,1,0
951,1,1,1,0,1,1,0,1,1,1
316,0,1,0,0,1,1,1,1,0,0
755,1,0,1,1,1,1,0,0,1,1
90,0,0,0,1,0,1,1,0,1,0
1010,1,1,1,1,1,1,0,0,1,0
597,1,0,0,1,0,1,0,1,0,1
343,0,1,0,1,0,1,0,1,1,1
574,1,0,0,0,1,1,1,1,1,0
254,0,0,1,1,1,1,1,1,1,0
456,0,1,1,1,0,0,1,0,0,0
617,1,0,0,1,1,0,1,0,0,1
704,1,0,1,1,0,0,0,0,0,0
877,1,1,0,1,1,0,1,1,0,1
742,1,0,1,1,1,0,0,1,1,0
358,0,1,0,1,1,0,0,1,1,0
520,1,0,0,0,0,0,1,0,0,0
61,0,0,0,0,1,1,1,1,0,1
414,0,1,1,0,0,1,1,1,1,0
992,1,1,1,1,1,0,0,0,0,0
579,1,0,0,1,0,0,0,0,1,1
383,0,1,0,1,1,1,1,1,1,1
980,1,1,1,1,0,1,0,1,0,0
495,0,1,1,1,1,0,1,1,1,1
975,1,1,1,1,0,0,1,1,1,1
156,0,0,1,0,0,1,1,1,0,0
812,1,1,0,0,1,0,1,1,0,0
507,0,1,1,1,1,1,1,0,1,1
844,1,1,0,1,0,0,1,1,0,0
732,1,0,1,1,0,1,1,1,0,0
280,0,1,0,0,0,1,1,0,0,0
743,1,0,1,1,1,0,0,1,1,1
629,1,0,0,1,1,1,0,1,0,1
135,0,0,1,0,0,0,0,1,1,1
781,1,1,0,0,0,0,1,1,0,1
254,0,0,1,1,1,1,1,1,1,0
593,1,0,0,1,0,1,0,0,0,1
81,0,0,0,1,0,1,0,0,0,1
33,0,0,0,0,1,0,0,0,0,1
139,0,0,1,0,0,0,1,0,1,1
999,1,1,1,1,1,0,0,1,1,1
925,1,1,1,0,0,1,1,1,0,1
97,0,0,0,1,1,0,0,0,0,1
349,0,1,0,1,0,1,1,1,0,1
439,0,1,1,0,1,1,0,1,1,1
767,1,0,1,1,1,1,1,1,1,1
49,0,0,0,0,1,1,0,0,0,1
522,1,0,0,0,0,0,1,0,1,0
358,0,1,0,1,1,0,0,1,1,0
695,1,0,1,0,1,1,0,1,1,1
987,1,1,1,1,0,1,1,0,1,1
410,0,1,1,0,0,1,1,0,1,0
142,0,0,1,0,0,0,1,1,1,0
820,1,1,0,0,1,1,0,1,0,0
989,1,1,1,1,0,1,1,1,0,1
520,1,0,0,0,0,0,1,0,0,0
28,0,0,0,0,0,1,1,1,0,0
282,0,1,0,0,0,1,1,0,1,0
486,0,1,1,1,1,0,0,1,1,0
115,0,0,0,1,1,1,0,0,1,1
696,1,0,1,0,1,1,1,0,0,0
86,0,0,0,1,0,1,0,1,1,0
535,1,0,0,0,0,1,0,1,1,1
323,0,1,0,1,0,0,0,0,1,1
288,0,1,0,0,1,0,0,0,0,0
897,1,1,1,0,0,0,0,0,0,1
345,0,1,0,1,0,1,1,0,0,1
90,0,0,0,1,0,1,1,0,1,0
500,0,1,1,1,1,1,0,1,0,0
995,1,1,1,1,1,0,0,0,1,1
470,0,1,1,1,0,1,0,1,1,0
958,1,1,1,0,1,1,1,1,1,0
447,0,1,1,0,1,1,1,1,1,1
828,1,1,0,0,1,1,1,1,0,0
236,0,0,1,1,1,0,1,1,0,0
111,0,0,0,1,1,0,1,1,1,1
464,0,1,1,1,0,1,0,0,0,0
523,1,0,0,0,0,0,1,0,1,1
448,0,1,1,1,0,0,0,0,0,0
418,0,1,1,0,1,0,0,0,1,0
89,0,0,0,1,0,1,1,0,0,1
956,1,1,1,0,1,1,1,1,0,0
407,0,1,1,0,0,1,0,1,1,1
907,1,1,1,0,0,0,1,0,1,1
785,1,1,0,0,0,1,0,0,0,1
324,0,1,0,1,0,0,0,1,0,0
970,1,1,1,1,0,0,1,0,1,0
709,1,0,1,1,0,0,0,1,0,1
218,0,0,1,1,0,1,1,0,1,0
351,0,1,0,1,0,1,1,1,1,1
179,0,0,1,0,1,1,0,0,1,1
987,1,1,1,1,0,1,1,0,1,1
326,0,1,0,1,0,0,0,1,1,0
501,0,1,1,1,1,1,0,1,0,1
133,0,0,1,0,0,0,0,1,0,1
474,0,1,1,1,0,1,1,0,1,0
273,0,1,0,0,0,1,0,0,0,1
369,0,1,0,1,1,1,0,0,0,1
154,0,0,1,0,0,1,1,0,1,0
54,0,0,0,0,1,1,0,1,1,0
769,1,1,0,0,0,0,0,0,0,1
443,0,1,1,0,1,1,1,0,1,1
501,0,1,1,1,1,1,0,1,0,1
124,0,0,0,1,1,1,1,1,0,0
435,0,1,1,0,1,1,0,0,1,1
274,0,1,0,0,0,1,0,0,1,0
925,1,1,1,0,0,1,1,1,0,1
846,1,1,0,1,0,0,1,1,1,0
184,0,0,1,0,1,1,1,0,0,0
619,1,0,0,1,1,0,1,0,1,1
473,0,1,1,1,0,1,1,0,0,1
845,1,1,0,1,0,0,1,1,0,1
676,1,0,1,0,1,0,0,1,0,0
905,1,1,1,0,0,0,1,0,0,1
455,0,1,1,1,0,0,0,1,1,1
22,0,0,0,0,0,1,0,1,1,0
591,1,0,0,1,0,0,1,1,1,1
789,1,1,0,0,0,1,0,1,0,1
487,0,1,1,1,1,0,0,1,1,1
438,0,1,1,0,1,1,0,1,1,0
763,1,0,1,1,1,1,1,0,1,1
165,0,0,1,0,1,0,0,1,0,1
110,0,0,0,1,1,0,1,1,1,0
525,1,0,0,0,0,0,1,1,0,1
1009,1,1,1,1,1,1,0,0,0,1
711,1,0,1,1,0,0,0,1,1,1
145,0,0,1,0,0,1,0,0,0,1
745,1,0,1,1,1,0,1,0,0,1
414,0,1,1,0,0,1,1,1,1,0
132,0,0,1,0,0,0,0,1,0,0
222,0,0,1,1,0,1,1,1,1,0
779,1,1,0,0,0,0,1,0,1,1
198,0,0,1,1,0,0,0,1,1,0
710,1,0,1,1,0,0,0,1,1,0
701,1,0,1,0,1,1,1,1,0,1
47,0,0,0,0,1,0,1,1,1,1
367,0,1,0,1,1,0,1,1,1,1
726,1,0,1,1,0,1,0,1,1,0
810,1,1,0,0,1,0,1,0,1,0
2,0,0,0,0,0,0,0,0,1,0
716,1,0,1,1,0,0,1,1,0,0
262,0,1,0,0,0,0,0,1,1,0
346,0,1,0,1,0,1,1,0,1,0
546,1,0,0,0,1,0,0,0,1,0
915,1,1,1,0,0,1,0,0,1,1
329,0,1,0,1,0,0,1,0,0,1
124,0,0,0,1,1,1,1,1,0,0
338,0,1,0,1,0,1,0,0,1,0
318,0,1,0,0,1,1,1,1,1,0
773,1,1,0,0,0,0,0,1,0,1
383,0,1,0,1,1,1,1,1,1,1
950,1,1,1,0,1,1,0,1,1,0
374,0,1,0,1,1,1,0,1,1,0
1014,1,1,1,1,1,1,0,1,1,0
769,1,1,0,0,0,0,0,0,0,1
862,1,1,0,1,0,1,1,1,1,0
289,0,1,0,0,1,0,0,0,0,1
742,1,0,1,1,1,0,0,1,1,0
645,1,0,1,0,0,0,0,1,0,1
229,0,0,1,1,1,0,0,1,0,1
91,0,0,0,1,0,1,1,0,1,1
397,0,1,1,0,0,0,1,1,0,1
101,0,0,0,1,1,0,0,1,0,1
249,0,0,1,1,1,1,1,0,0,1
617,1,0,0,1,1,0,1,0,0,1
80,0,0,0,1,0,1,0,0,0,0
439,0,1,1,0,1,1,0,1,1,1
661,1,0,1,0,0,1,0,1,0,1
753,1,0,1,1,1,1,0,0,0,1
450,0,1,1,1,0,0,0,0,1,0
68,0,0,0,1,0,0,0,1,0,0
415,0,1,1,0,0,1,1,1,1,1
62,0,0,0,0,1,1,1,1,1,0
62,0,0,0,0,1,1,1,1,1,0
245,0,0,1,1,1,1,0,1,0,1
406,0,1,1,0,0,1,0,1,1,0
888,1,1,0,1,1,1,1,0,0,0
551,1,0,0,0,1,0,0,1,1,1
923,1,1,1,0,0,1,1,0,1,1
387,0,1,1,0,0,0,0,0,1,1
958,1,1,1,0,1,1,1,1,1,0
1012,1,1,1,1,1,1,0,1,0,0
953,1,1,1,0,1,1,1,0,0,1
344,0,1,0,1,0,1,1,0,0,0
219,0,0,1,1,0,1,1,0,1,1
161,0,0,1,0,1,0,0,0,0,1
245,0,0,1,1,1,1,0,1,0,1
289,0,1,0,0,1,0,0,0,0,1
229,0,0,1,1,1,0,0,1,0,1
337,0,1,0,1,0,1,0,0,0,1
86,0,0,0,1,0,1,0,1,1,0
891,1,1,0,1,1,1,1,0,1,1
128,0,0,1,0,0,0,0,0,0,0
249,0,0,1,1,1,1,1,0,0,1
683,1,0,1,0,1,0,1,0,1,1
198,0,0,1,1,0,0,0,1,1,0
844,1,1,0,1,0,0,1,1,0,0
269,0,1,0,0,0,0,1,1,0,1
870,1,1,0,1,1,0,0,1,1,0
92,0,0,0,1,0,1,1,1,0,0
995,1,1,1,1,1,0,0,0,1,1
141,0,0,1,0,0,0,1,1,0,1
226,0,0,1,1,1,0,0,0,1,0
113,0,0,0,1,1,1,0,0,0,1
989,1,1,1,1,0,1,1,1,0,1
829,1,1,0,0,1,1,1,1,0,1
297,0,1,0,0,1,0,1,0,0,1
630,1,0,0,1,1,1,0,1,1,0
991,1,1,1,1,0,1,1,1,1,1
570,1,0,0,0,1,1,1,0,1,0
770,1,1,0,0,0,0,0,0,1,0
994,1,1,1,1,1,0,0,0,1,0
961,1,1,1,1,0,0,0,0,0,1
475,0,1,1,1,0,1,1,0,1,1
712,1,0,1,1,0,0,1,0,0,0
34,0,0,0,0,1,0,0,0,1,0
361,0,1,0,1,1,0,1,0,0,1
580,1,0,0,1,0,0,0,1,0,0
469,0,1,1,1,0,1,0,1,0,1
179,0,0,1,0,1,1,0,0,1,1
664,1,0,1,0,0,1,1,0,0,0
371,0,1,0,1,1,1,0,0,1,1
834,1,1,0,1,0,0,0,0,1,0
762,1,0,1,1,1,1,1,0,1,0
556,1,0,0,0,1,0,1,1,0,0
1014,1,1,1,1,1,1,0,1,1,0
158,0,0,1,0,0,1,1,1,1,0
696,1,0,1,0,1,1,1,0,0,0
747,1,0,1,1,1,0,1,0,1,1
589,1,0,0,1,0,0,1,1,0,1
591,1,0,0,1,0,0,1,1,1,1
243,0,0,1,1,1,1,0,0,1,1
35,0,0,0,0,1,0,0,0,1,1
212,0,0,1,1,0,1,0,1,0,0
738,1,0,1,1,1,0,0,0,1,0
94,0,0,0,1,0,1,1,1,1,0
162,0,0,1,0,1,0,0,0,1,0
927,1,1,1,0,0,1,1,1,1,1
103,0,0,0,1,1,0,0,1,1,1
470,0,1,1,1,0,1,0,1,1,0
677,1,0,1,0,1,0,0,1,0,1
495,0,1,1,1,1,0,1,1,1,1
664,1,0,1,0,0,1,1,0,0,0
597,1,0,0,1,0,1,0,1,0,1
703,1,0,1,0,1,1,1,1,1,1
629,1,0,0,1,1,1,0,1,0,1
979,1,1,1,1,0,1,0,0,1,1
546,1,0,0,0,1,0,0,0,1,0
453,0,1,1,1,0,0,0,1,0,1
564,1,0,0,0,1,1,0,1,0,0
405,0,1,1,0,0,1,0,1,0,1
379,0,1,0,1,1,1,1,0,1,1
382,0,1,0,1,1,1,1,1,1,0
415,0,1,1,0,0,1,1,1,1,1
706,1,0,1,1,0,0,0,0,1,0
319,0,1,0,0,1,1,1,1,1,1
597,1,0,0,1,0,1,0,1,0,1
288,0,1,0,0,1,0,0,0,0,0
848,1,1,0,1,0,1,0,0,0,0
945,1,1,1,0,1,1,0,0,0,1
686,1,0,1,0,1,0,1,1,1,0
166,0,0,1,0,1,0,0,1,1,0
418,0,1,1,0,1,0,0,0,1,0
472,0,1,1,1,0,1,1,0,0,0
334,0,1,0,1,0,0,1,1,1,0
436,0,1,1,0,1,1,0,1,0,0
487,0,1,1,1,1,0,0,1,1,1
698,1,0,1,0,1,1,1,0,1,0
275,0,1,0,0,0,1,0,0,1,1
53,0,0,0,0,1,1,0,1,0,1
539,1,0,0,0,0,1,1,0,1,1
154,0,0,1,0,0,1,1,0,1,0
394,0,1,1,0,0,0,1,0,1,0
647,1,0,1,0,0,0,0,1,1,1
888,1,1,0,1,1,1,1,0,0,0
408,0,1,1,0,0,1,1,0,0,0
472,0,1,1,1,0,1,1,0,0,0
126,0,0,0,1,1,1,1,1,1,0
193,0,0,1,1,0,0,0,0,0,1
851,1,1,0,1,0,1,0,0,1,1
949,1,1,1,0,1,1,0,1,0,1
755,1,0,1,1,1,1,0,0,1,1
133,0,0,1,0,0,0,0,1,0,1
711,1,0,1,1,0,0,0,1,1,1
645,1,0,1,0,0,0,0,1,0,1
67,0,0,0,1,0,0,0,0,1,1
235,0,0,1,1,1,0,1,0,1,1
344,0,1,0,1,0,1,1,0,0,0
507,0,1,1,1,1,1,1,0,1,1
459,0,1,1,1,0,0,1,0,1,1
762,1,0,1,1,1,1,1,0,1,0
713,1,0,1,1,0,0,1,0,0,1
982,1,1,1,1,0,1,0,1,1,0
575,1,0,0,0,1,1,1,1,1,1
480,0,1,1,1,1,0,0,0,0,0
621,1,0,0,1,1,0,1,1,0,1
158,0,0,1,0,0,1,1,1,1,0
780,1,1,0,0,0,0,1,1,0,0
175,0,0,1,0,1,0,1,1,1,1
358,0,1,0,1,1,0,0,1,1,0
560,1,0,0,0,1,1,0,0,0,0
702,1,0,1,0,1,1,1,1,1,0
257,0,1,0,0,0,0,0,0,0,1
109,0,0,0,1,1,0,1,1,0,1
329,0,1,0,1,0,0,1,0,0,1
173,0,0,1,0,1,0,1,1,0,1
146,0,0,1,0,0,1,0,0,1,0
294,0,1,0,0,1,0,0,1,1,0
275,0,1,0,0,0,1,0,0,1,1
579,1,0,0,1,0,0,0,0,1,1
304,0,1,0,0,1,1,0,0,0,0
810,1,1,0,0,1,0,1,0,1,0
195,0,0,1,1,0,0,0,0,1,1
606,1,0,0,1,0,1,1,1,1,0
752,1,0,1,1,1,1,0,0,0,0
579,1,0,0,1,0,0,0,0,1,1
287,0,1,0,0,0,1,1,1,1,1
657,1,0,1,0,0,1,0,0,0,1
679,1,0,1,0,1,0,0,1,1,1
792,1,1,0,0,0,1,1,0,0,0
350,0,1,0,1,0,1,1,1,1,0
142,0,0,1,0,0,0,1,1,1,0
188,0,0,1,0,1,1,1,1,0,0
670,1,0,1,0,0,1,1,1,1,0
675,1,0,1,0,1,0,0,0,1,1
787,1,1,0,0,0,1,0,0,1,1
480,0,1,1,1,1,0,0,0,0,0
631,1,0,0,1,1,1,0,1,1,1
421,0,1,1,0,1,0,0,1,0,1
953,1,1,1,0,1,1,1,0,0,1
251,0,0,1,1,1,1,1,0,1,1
942,1,1,1,0,1,0,1,1,1,0
1019,1,1,1,1,1,1,1,0,1,1
602,1,0,0,1,0,1,1,0,1,0
254,0,0,1,1,1,1,1,1,1,0
905,1,1,1,0,0,0,1,0,0,1
894,1,1,0,1,1,1,1,1,1,0
580,1,0,0,1,0,0,0,1,0,0
219,0,0,1,1,0,1,1,0,1,1
240,0,0,1,1,1,1,0,0,0,0
398,0,1,1,0,0,0,1,1,1,0
47,0,0,0,0,1,0,1,1,1,1
575,1,0,0,0,1,1,1,1,1,1
418,0,1,1,0,1,0,0,0,1,0
364,0,1,0,1,1,0,1,1,0,0
143,0,0,1,0,0,0,1,1,1,1
741,1,0,1,1,1,0,0,1,0,1
185,0,0,1,0,1,1,1,0,0,1
653,1,0,1,0,0,0,1,1,0,1
595,1,0,0,1,0,1,0,0,1,1
916,1,1,1,0,0,1,0,1,0,0
959,1,1,1,0,1,1,1,1,1,1
49,0,0,0,0,1,1,0,0,0,1
775,1,1,0,0,0,0,0,1,1,1
848,1,1,0,1,0,1,0,0,0,0
150,0,0,1,0,0,1,0,1,1,0
339,0,1,0,1,0,1,0,0,1,1
869,1,1,0,1,1,0,0,1,0,1
358,0,1,0,1,1,0,0,1,1,0
2,0,0,0,0,0,0,0,0,1,0
507,0,1,1,1,1,1,1,0,1,1
690,1,0,1,0,1,1,0,0,1,0
473,0,1,1,1,0,1,1,0,0,1
322,0,1,0,1,0,0,0,0,1,0
586,1,0,0,1,0,0,1,0,1,0
128,0,0,1,0,0,0,0,0,0,0
187,0,0,1,0,1,1,1,0,1,1
691,1,0,1,0,1,1,0,0,1,1
613,1,0,0,1,1,0,0,1,0,1
475,0,1,1,1,0,1,1,0,1,1
529,1,0,0,0,0,1,0,0,0,1
873,1,1,0,1,1,0,1,0,0,1
8,0,0,0,0,0,0,1,0,0,0
417,0,1,1,0,1,0,0,0,0,1
619,1,0,0,1,1,0,1,0,1,1
812,1,1,0,0,1,0,1,1,0,0
271,0,1,0,0,0,0,1,1,1,1
957,1,1,1,0,1,1,1,1,0,1
766,1,0,1,1,1,1,1,1,1,0
340,0,1,0,1,0,1,0,1,0,0
809,1,1,0,0,1,0,1,0,0,1
786,1,1,0,0,0,1,0,0,1,0
511,0,1,1,1,1,1,1,1,1,1
421,0,1,1,0,1,0,0,1,0,1
566,1,0,0,0,1,1,0,1,1,0
1,0,0,0,0,0,0,0,0,0,1
764,1,0,1,1,1,1,1,1,0,0
892,1,1,0,1,1,1,1,1,0,0
767,1,0,1,1,1,1,1,1,1,1
663,1,0,1,0,0,1,0,1,1,1
580,1,0,0,1,0,0,0,1,0,0
303,0,1,0,0,1,0,1,1,1,1
840,1,1,0,1,0,0,1,0,0,0
580,1,0,0,1,0,0,0,1,0,0
955,1,1,1,0,1,1,1,0,1,1
924,1,1,1,0,0,1,1,1,0,0
244,0,0,1,1,1,1,0,1,0,0
585,1,0,0,1,0,0,1,0,0,1
309,0,1,0,0,1,1,0,1,0,1
25,0,0,0,0,0,1,1,0,0,1
975,1,1,1,1,0,0,1,1,1,1
1004,1,1,1,1,1,0,1,1,0,0
493,0,1,1,1,1,0,1,1,0,1
903,1,1,1,0,0,0,0,1,1,1
103,0,0,0,1,1,0,0,1,1,1
59,0,0,0,0,1,1,1,0,1,1
947,1,1,1,0,1,1,0,0,1,1
861,1,1,0,1,0,1,1,1,0,1
674,1,0,1,0,1,0,0,0,1,0
356,0,1,0,1,1,0,0,1,0,0
208,0,0,1,1,0,1,0,0,0,0
701,1,0,1,0,1,1,1,1,0,1
465,0,1,1,1,0,1,0,0,0,1
1012,1,1,1,1,1,1,0,1,0,0
801,1,1,0,0,1,0,0,0,0,1
561,1,0,0,0,1,1,0,0,0,1
29,0,0,0,0,0,1,1,1,0,1
395,0,1,1,0,0,0,1,0,1,1
567,1,0,0,0,1,1,0,1,1,1
385,0,1,1,0,0,0,0,0,0,1
934,1,1,1,0,1,0,0,1,1,0
81,0,0,0,1,0,1,0,0,0,1
473,0,1,1,1,0,1,1,0,0,1
744,1,0,1,1,1,0,1,0,0,0
699,1,0,1,0,1,1,1,0,1,1
138,0,0,1,0,0,0,1,0,1,0
271,0,1,0,0,0,0,1,1,1,1
955,1,1,1,0,1,1,1,0,1,1
644,1,0,1,0,0,0,0,1,0,0
519,1,0,0,0,0,0,0,1,1,1
563,1,0,0,0,1,1,0,0,1,1
867,1,1,0,1,1,0,0,0,1,1
826,1,1,0,0,1,1,1,0,1,0
586,1,0,0,1,0,0,1,0,1,0
115,0,0,0,1,1,1,0,0,1,1
854,1,1,0,1,0,1,0,1,1,0
351,0,1,0,1,0,1,1,1,1,1
910,1,1,1,0,0,0,1,1,1,0
46,0,0,0,0,1,0,1,1,1,0
318,0,1,0,0,1,1,1,1,1,0
619,1,0,0,1,1,0,1,0,1,1
239,0,0,1,1,1,0,1,1,1,1
112,0,0,0,1,1,1,0,0,0,0
607,1,0,0,1,0,1,1,1,1,1
160,0,0,1,0,1,0,0,0,0,0
230,0,0,1,1,1,0,0,1,1,0
990,1,1,1,1,0,1,1,1,1,0
1005,1,1,1,1,1,0,1,1,0,1
297,0,1,0,0,1,0,1,0,0,1
310,0,1,0,0,1,1,0,1,1,0
382,0,1,0,1,1,1,1,1,1,0
649,1,0,1,0,0,0,1,0,0,1
144,0,0,1,0,0,1,0,0,0,0
984,1,1,1,1,0,1,1,0,0,0
575,1,0,0,0,1,1,1,1,1,1
563,1,0,0,0,1,1,0,0,1,1
1015,1,1,1,1,1,1,0,1,1,1
143,0,0,1,0,0,0,1,1,1,1
959,1,1,1,0,1,1,1,1,1,1
822,1,1,0,0,1,1,0,1,1,0
913,1,1,1,0,0,1,0,0,0,1
72,0,0,0,1,0,0,1,0,0,0
770,1,1,0,0,0,0,0,0,1,0
160,0,0,1,0,1,0,0,0,0,0
276,0,1,0,0,0,1,0,1,0,0
866,1,1,0,1,1,0,0,0,1,0
440,0,1,1,0,1,1,1,0,0,0
616,1,0,0,1,1,0,1,0,0,0
777,1,1,0,0,0,0,1,0,0,1
30,0,0,0,0,0,1,1,1,1,0
1021,1,1,1,1,1,1,1,1,0,1
458,0,1,1,1,0,0,1,0,1,0
150,0,0,1,0,0,1,0,1,1,0
589,1,0,0,1,0,0,1,1,0,1
918,1,1,1,0,0,1,0,1,1,0
104,0,0,0,1,1,0,1,0,0,0
780,1,1,0,0,0,0,1,1,0,0
734,1,0,1,1,0,1,1,1,1,0
904,1,1,1,0,0,0,1,0,0,0
561,1,0,0,0,1,1,0,0,0,1
682,1,0,1,0,1,0,1,0,1,0
88,0,0,0,1,0,1,1,0,0,0
489,0,1,1,1,1,0,1,0,0,1
994,1,1,1,1,1,0,0,0,1,0
29,0,0,0,0,0,1,1,1,0,1
677,1,0,1,0,1,0,0,1,0,1
441,0,1,1,0,1,1,1,0,0,1
584,1,0,0,1,0,0,1,0,0,0
670,1,0,1,0,0,1,1,1,1,0
926,1,1,1,0,0,1,1,1,1,0
734,1,0,1,1,0,1,1,1,1,0
860,1,1,0,1,0,1,1,1,0,0
680,1,0,1,0,1,0,1,0,0,0
427,0,1,1,0,1,0,1,0,1,1
21,0,0,0,0,0,1,0,1,0,1
623,1,0,0,1,1,0,1,1,1,1
779,1,1,0,0,0,0,1,0,1,1
159,0,0,1,0,0,1,1,1,1,1
561,1,0,0,0,1,1,0,0,0,1
79,0,0,0,1,0,0,1,1,1,1
633,1,0,0,1,1,1,1,0,0,1
949,1,1,1,0,1,1,0,1,0,1
653,1,0,1,0,0,0,1,1,0,1
814,1,1,0,0,1,0,1,1,1,0
327,0,1,0,1,0,0,0,1,1,1
484,0,1,1,1,1,0,0,1,0,0
92,0,0,0,1,0,1,1,1,0,0
238,0,0,1,1,1,0,1,1,1,0
849,1,1,0,1,0,1,0,0,0,1
512,1,0,0,0,0,0,0,0,0,0
93,0,0,0,1,0,1,1,1,0,1
308,0,1,0,0,1,1,0,1,0,0
271,0,1,0,0,0,0,1,1,1,1
8,0,0,0,0,0,0,1,0,0,0
549,1,0,0,0,1,0,0,1,0,1
293,0,1,0,0,1,0,0,1,0,1
302,0,1,0,0,1,0,1,1,1,0
232,0,0,1,1,1,0,1,0,0,0
19,0,0,0,0,0,1,0,0,1,1
891,1,1,0,1,1,1,1,0,1,1
886,1,1,0,1,1,1,0,1,1,0
612,1,0,0,1,1,0,0,1,0,0
517,1,0,0,0,0,0,0,1,0,1
1019,1,1,1,1,1,1,1,0,1,1
692,1,0,1,0,1,1,0,1,0,0
826,1,1,0,0,1,1,1,0,1,0
577,1,0,0,1,0,0,0,0,0,1
657,1,0,1,0,0,1,0,0,0,1
527,1,0,0,0,0,0,1,1,1,1
209,0,0,1,1,0,1,0,0,0,1
977,1,1,1,1,0,1,0,0,0,1
1018,1,1,1,1,1,1,1,0,1,0
98,0,0,0,1,1,0,0,0,1,0
355,0,1,0,1,1,0,0,0,1,1
519,1,0,0,0,0,0,0,1,1,1
456,0,1,1,1,0,0,1,0,0,0
355,0,1,0,1,1,0,0,0,1,1
1007,1,1,1,1,1,0,1,1,1,1
415,0,1,1,0,0,1,1,1,1,1
628,1,0,0,1,1,1,0,1,0,0
689,1,0,1,0,1,1,0,0,0,1
198,0,0,1,1,0,0,0,1,1,0
585,1,0,0,1,0,0,1,0,0,1
234,0,0,1,1,1,0,1,0,1,0
291,0,1,0,0,1,0,0,0,1,1
1008,1,1,1,1,1,1,0,0,0,0
524,1,0,0,0,0,0,1,1,0,0
174,0,0,1,0,1,0,1,1,1,0
297,0,1,0,0,1,0,1,0,0,1
904,1,1,1,0,0,0,1,0,0,0
829,1,1,0,0,1,1,1,1,0,1
291,0,1,0,0,1,0,0,0,1,1
529,1,0,0,0,0,1,0,0,0,1
391,0,1,1,0,0,0,0,1,1,1
1016,1,1,1,1,1,1,1,0,0,0
726,1,0,1,1,0,1,0,1,1,0
30,0,0,0,0,0,1,1,1,1,0
837,1,1,0,1,0,0,0,1,0,1
794,1,1,0,0,0,1,1,0,1,0
421,0,1,1,0,1,0,0,1,0,1
437,0,1,1,0,1,1,0,1,0,1
42,0,0,0,0,1,0,1,0,1,0
798,1,1,0,0,0,1,1,1,1,0
107,0,0,0,1,1,0,1,0,1,1
976,1,1,1,1,0,1,0,0,0,0
227,0,0,1,1,1,0,0,0,1,1
545,1,0,0,0,1,0,0,0,0,1
621,1,0,0,1,1,0,1,1,0,1
948,1,1,1,0,1,1,0,1,0,0
1002,1,1,1,1,1,0,1,0,1,0
1006,1,1,1,1,1,0,1,1,1,0
693,1,0,1,0,1,1,0,1,0,1
668,1,0,1,0,0,1,1,1,0,0
540,1,0,0,0,0,1,1,1,0,0
156,0,0,1,0,0,1,1,1,0,0
46,0,0,0,0,1,0,1,1,1,0
289,0,1,0,0,1,0,0,0,0,1
549,1,0,0,0,1,0,0,1,0,1
318,0,1,0,0,1,1,1,1,1,0
961,1,1,1,1,0,0,0,0,0,1
203,0,0,1,1,0,0,1,0,1,1
99,0,0,0,1,1,0,0,0,1,1
724,1,0,1,1,0,1,0,1,0,0
649,1,0,1,0,0,0,1,0,0,1
36,0,0,0,0,1,0,0,1,0,0
981,1,1,1,1,0,1,0,1,0,1
748,1,0,1,1,1,0,1,1,0,0
565,1,0,0,0,1,1,0,1,0,1
367,0,1,0,1,1,0,1,1,1,1
981,1,1,1,1,0,1,0,1,0,1
180,0,0,1,0,1,1,0,1,0,0
999,1,1,1,1,1,0,0,1,1,1
108,0,0,0,1,1,0,1,1,0,0
666,1,0,1,0,0,1,1,0,1,0
545,1,0,0,0,1,0,0,0,0,1
597,1,0,0,1,0,1,0,1,0,1
865,1,1,0,1,1,0,0,0,0,1
7,0,0,0,0,0,0,0,1,1,1
780,1,1,0,0,0,0,1,1,0,0
920,1,1,1,0,0,1,1,0,0,0
455,0,1,1,1,0,0,0,1,1,1
188,0,0,1,0,1,1,1,1,0,0
34,0,0,0,0,1,0,0,0,1,0
561,1,0,0,0,1,1,0,0,0,1
755,1,0,1,1,1,1,0,0,1,1
632,1,0,0,1,1,1,1,0,0,0
99,0,0,0,1,1,0,0,0,1,1
862,1,1,0,1,0,1,1,1,1,0
10,0,0,0,0,0,0,1,0,1,0
644,1,0,1,0,0,0,0,1,0,0
714,1,0,1,1,0,0,1,0,1,0
277,0,1,0,0,0,1,0,1,0,1
170,0,0,1,0,1,0,1,0,1,0
864,1,1,0,1,1,0,0,0,0,0
461,0,1,1,1,0,0,1,1,0,1
132,0,0,1,0,0,0,0,1,0,0
612,1,0,0,1,1,0,0,1,0,0
378,0,1,0,1,1,1,1,0,1,0
878,1,1,0,1,1,0,1,1,1,0
572,1,0,0,0,1,1,1,1,0,0
894,1,1,0,1,1,1,1,1,1,0
96,0,0,0,1,1,0,0,0,0,0
826,1,1,0,0,1,1,1,0,1,0
475,0,1,1,1,0,1,1,0,1,1
27,0,0,0,0,0,1,1,0,1,1
94,0,0,0,1,0,1,1,1,1,0
654,1,0,1,0,0,0,1,1,1,0
944,1,1,1,0,1,1,0,0,0,0
212,0,0,1,1,0,1,0,1,0,0
1021,1,1,1,1,1,1,1,1,0,1
537,1,0,0,0,0,1,1,0,0,1
930,1,1,1,0,1,0,0,0,1,0
665,1,0,1,0,0,1,1,0,0,1
429,0,1,1,0,1,0,1,1,0,1
494,0,1,1,1,1,0,1,1,1,0
115,0,0,0,1,1,1,0,0,1,1
715,1,0,1,1,0,0,1,0,1,1
796,1,1,0,0,0,1,1,1,0,0
533,1,0,0,0,0,1,0,1,0,1
724,1,0,1,1,0,1,0,1,0,0
110,0,0,0,1,1,0,1,1,1,0
288,0,1,0,0,1,0,0,0,0,0
618,1,0,0,1,1,0,1,0,1,0
652,1,0,1,0,0,0,1,1,0,0
231,0,0,1,1,1,0,0,1,1,1
559,1,0,0,0,1,0,1,1,1,1
555,1,0,0,0,1,0,1,0,1,1
286,0,1,0,0,0,1,1,1,1,0
619,1,0,0,1,1,0,1,0,1,1
114,0,0,0,1,1,1,0,0,1,0
743,1,0,1,1,1,0,0,1,1,1
903,1,1,1,0,0,0,0,1,1,1
157,0,0,1,0,0,1,1,1,0,1
818,1,1,0,0,1,1,0,0,1,0
875,1,1,0,1,1,0,1,0,1,1
10,0,0,0,0,0,0,1,0,1,0
882,1,1,0,1,1,1,0,0,1,0
392,0,1,1,0,0,0,1,0,0,0
913,1,1,1,0,0,1,0,0,0,1
172,0,0,1,0,1,0,1,1,0,0
646,1,0,1,0,0,0,0,1,1,0
54,0,0,0,0,1,1,0,1,1,0
989,1,1,1,1,0,1,1,1,0,1
773,1,1,0,0,0,0,0,1,0,1
112,0,0,0,1,1,1,0,0,0,0
220,0,0,1,1,0,1,1,1,0,0
143,0,0,1,0,0,0,1,1,1,1
709,1,0,1,1,0,0,0,1,0,1
485,0,1,1,1,1,0,0,1,0,1
209,0,0,1,1,0,1,0,0,0,1
730,1,0,1,1,0,1,1,0,1,0
805,1,1,0,0,1,0,0,1,0,1
676,1,0,1,0,1,0,0,1,0,0
413,0,1,1,0,0,1,1,1,0,1
347,0,1,0,1,0,1,1,0,1,1
800,1,1,0,0,1,0,0,0,0,0
697,1,0,1,0,1,1,1,0,0,1
576,1,0,0,1,0,0,0,0,0,0
1011,1,1,1,1,1,1,0,0,1,1
542,1,0,0,0,0,1,1,1,1,0
266,0,1,0,0,0,0,1,0,1,0
402,0,1,1,0,0,1,0,0,1,0
45,0,0,0,0,1,0,1,1,0,1
476,0,1,1,1,0,1,1,1,0,0
965,1,1,1,1,0,0,0,1,0,1
853,1,1,0,1,0,1,0,1,0,1
477,0,1,1,1,0,1,1,1,0,1
675,1,0,1,0,1,0,0,0,1,1
391,0,1,1,0,0,0,0,1,1,1
953,1,1,1,0,1,1,1,0,0,1
228,0,0,1,1,1,0,0,1,0,0
496,0,1,1,1,1,1,0,0,0,0
211,0,0,1,1,0,1,0,0,1,1
261,0,1,0,0,0,0,0,1,0,1
335,0,1,0,1,0,0,1,1,1,1
797,1,1,0,0,0,1,1,1,0,1
471,0,1,1,1,0,1,0,1,1,1
698,1,0,1,0,1,1,1,0,1,0
322,0,1,0,1,0,0,0,0,1,0
712,1,0,1,1,0,0,1,0,0,0
8,0,0,0,0,0,0,1,0,0,0
211,0,0,1,1,0,1,0,0,1,1
906,1,1,1,0,0,0,1,0,1,0
778,1,1,0,0,0,0,1,0,1,0
42,0,0,0,0,1,0,1,0,1,0
197,0,0,1,1,0,0,0,1,0,1
469,0,1,1,1,0,1,0,1,0,1
620,1,0,0,1,1,0,1,1,0,0
466,0,1,1,1,0,1,0,0,1,0
552,1,0,0,0,1,0,1,0,0,0
999,1,1,1,1,1,0,0,1,1,1
754,1,0,1,1,1,1,0,0,1,0
386,0,1,1,0,0,0,0,0,1,0
6,0,0,0,0,0,0,0,1,1,0
1010,1,1,1,1,1,1,0,0,1,0
550,1,0,0,0,1,0,0,1,1,0
619,1,0,0,1,1,0,1,0,1,1
905,1,1,1,0,0,0,1,0,0,1
805,1,1,0,0,1,0,0,1,0,1
317,0,1,0,0,1,1,1,1,0,1
988,1,1,1,1,0,1,1,1,0,0
413,0,1,1,0,0,1,1,1,0,1
550,1,0,0,0,1,0,0,1,1,0
709,1,0,1,1,0,0,0,1,0,1
729,1,0,1,1,0,1,1,0,0,1
957,1,1,1,0,1,1,1,1,0,1
17,0,0,0,0,0,1,0,0,0,1
315,0,1,0,0,1,1,1,0,1,1
940,1,1,1,0,1,0,1,1,0,0
184,0,0,1,0,1,1,1,0,0,0
592,1,0,0,1,0,1,0,0,0,0
257,0,1,0,0,0,0,0,0,0,1
677,1,0,1,0,1,0,0,1,0,1
44,0,0,0,0,1,0,1,1,0,0
887,1,1,0,1,1,1,0,1,1,1
627,1,0,0,1,1,1,0,0,1,1
386,0,1,1,0,0,0,0,0,1,0
22,0,0,0,0,0,1,0,1,1,0
466,0,1,1,1,0,1,0,0,1,0
431,0,1,1,0,1,0,1,1,1,1
318,0,1,0,0,1,1,1,1,1,0
537,1,0,0,0,0,1,1,0,0,1
327,0,1,0,1,0,0,0,1,1,1
14,0,0,0,0,0,0,1,1,1,0
577,1,0,0,1,0,0,0,0,0,1
630,1,0,0,1,1,1,0,1,1,0
356,0,1,0,1,1,0,0,1,0,0
21,0,0,0,0,0,1,0,1,0,1
333,0,1,0,1,0,0,1,1,0,1
681,1,0,1,0,1,0,1,0,0,1
638,1,0,0,1,1,1,1,1,1,0
962,1,1,1,1,0,0,0,0,1,0
807,1,1,0,0,1,0,0,1,1,1
886,1,1,0,1,1,1,0,1,1,0
924,1,1,1,0,0,1,1,1,0,0
42,0,0,0,0,1,0,1,0,1,0
910,1,1,1,0,0,0,1,1,1,0
265,0,1,0,0,0,0,1,0,0,1
540,1,0,0,0,0,1,1,1,0,0
766,1,0,1,1,1,1,1,1,1,0
849,1,1,0,1,0,1,0,0,0,1
509,0,1,1,1,1,1,1,1,0,1
666,1,0,1,0,0,1,1,0,1,0
359,0,1,0,1,1,0,0,1,1,1
277,0,1,0,0,0,1,0,1,0,1
640,1,0,1,0,0,0,0,0,0,0
610,1,0,0,1,1,0,0,0,1,0
580,1,0,0,1,0,0,0,1,0,0
804,1,1,0,0,1,0,0,1,0,0
557,1,0,0,0,1,0,1,1,0,1
70,0,0,0,1,0,0,0,1,1,0
127,0,0,0,1,1,1,1,1,1,1
10,0,0,0,0,0,0,1,0,1,0
773,1,1,0,0,0,0,0,1,0,1
770,1,1,0,0,0,0,0,0,1,0
771,1,1,0,0,0,0,0,0,1,1
967,1,1,1,1,0,0,0,1,1,1
116,0,0,0,1,1,1,0,1,0,0
20,0,0,0,0,0,1,0,1,0,0
316,0,1,0,0,1,1,1,1,0,0
744,1,0,1,1,1,0,1,0,0,0
655,1,0,1,0,0,0,1,1,1,1
246,0,0,1,1,1,1,0,1,1,0
702,1,0,1,0,1,1,1,1,1,0
542,1,0,0,0,0,1,1,1,1,0
246,0,0,1,1,1,1,0,1,1,0
421,0,1,1,0,1,0,0,1,0,1
951,1,1,1,0,1,1,0,1,1,1
578,1,0,0,1,0,0,0,0,1,0
858,1,1,0,1,0,1,1,0,1,0
784,1,1,0,0,0,1,0,0,0,0
1012,1,1,1,1,1,1,0,1,0,0
239,0,0,1,1,1,0,1,1,1,1
805,1,1,0,0,1,0,0,1,0,1
267,0,1,0,0,0,0,1,0,1,1
169,0,0,1,0,1,0,1,0,0,1
780,1,1,0,0,0,0,1,1,0,0
423,0,1,1,0,1,0,0,1,1,1
755,1,0,1,1,1,1,0,0,1,1
132,0,0,1,0,0,0,0,1,0,0
939,1,1,1,0,1,0,1,0,1,1
499,0,1,1,1,1,1,0,0,1,1
188,0,0,1,0,1,1,1,1,0,0
366,0,1,0,1,1,0,1,1,1,0
679,1,0,1,0,1,0,0,1,1,1
675,1,0,1,0,1,0,0,0,1,1
23,0,0,0,0,0,1,0,1,1,1
56,0,0,0,0,1,1,1,0,0,0
111,0,0,0,1,1,0,1,1,1,1
297,0,1,0,0,1,0,1,0,0,1
672,1,0,1,0,1,0,0,0,0,0
713,1,0,1,1,0,0,1,0,0,1
1004,1,1,1,1,1,0,1,1,0,0
33,0,0,0,0,1,0,0,0,0,1
238,0,0,1,1,1,0,1,1,1,0
263,0,1,0,0,0,0,0,1,1,1
706,1,0,1,1,0,0,0,0,1,0
28,0,0,0,0,0,1,1,1,0,0
977,1,1,1,1,0,1,0,0,0,1
808,1,1,0,0,1,0,1,0,0,0
39,0,0,0,0,1,0,0,1,1,1
592,1,0,0,1,0,1,0,0,0,0
261,0,1,0,0,0,0,0,1,0,1
151,0,0,1,0,0,1,0,1,1,1
170,0,0,1,0,1,0,1,0,1,0
656,1,0,1,0,0,1,0,0,0,0
597,1,0,0,1,0,1,0,1,0,1
860,1,1,0,1,0,1,1,1,0,0
1021,1,1,1,1,1,1,1,1,0,1
295,0,1,0,0,1,0,0,1,1,1
355,0,1,0,1,1,0,0,0,1,1
531,1,0,0,0,0,1,0,0,1,1
15,0,0,0,0,0,0,1,1,1,1
33,0,0,0,0,1,0,0,0,0,1
273,0,1,0,0,0,1,0,0,0,1
659,1,0,1,0,0,1,0,0,1,1
768,1,1,0,0,0,0,0,0,0,0
526,1,0,0,0,0,0,1,1,1,0
103,0,0,0,1,1,0,0,1,1,1
970,1,1,1,1,0,0,1,0,1,0
668,1,0,1,0,0,1,1,1,0,0
222,0,0,1,1,0,1,1,1,1,0
934,1,1,1,0,1,0,0,1,1,0
90,0,0,0,1,0,1,1,0,1,0
223,0,0,1,1,0,1,1,1,1,1
443,0,1,1,0,1,1,1,0,1,1
140,0,0,1,0,0,0,1,1,0,0
173,0,0,1,0,1,0,1,1,0,1
870,1,1,0,1,1,0,0,1,1,0
411,0,1,1,0,0,1,1,0,1,1
829,1,1,0,0,1,1,1,1,0,1
589,1,0,0,1,0,0,1,1,0,1
100,0,0,0,1,1,0,0,1,0,0
984,1,1,1,1,0,1,1,0,0,0
684,1,0,1,0,1,0,1,1,0,0
751,1,0,1,1,1,0,1,1,1,1
144,0,0,1,0,0,1,0,0,0,0
185,0,0,1,0,1,1,1,0,0,1
786,1,1,0,0,0,1,0,0,1,0
684,1,0,1,0,1,0,1,1,0,0
710,1,0,1,1,0,0,0,1,1,0
882,1,1,0,1,1,1,0,0,1,0
758,1,0,1,1,1,1,0,1,1,0
447,0,1,1,0,1,1,1,1,1,1
910,1,1,1,0,0,0,1,1,1,0
308,0,1,0,0,1,1,0,1,0,0
310,0,1,0,0,1,1,0,1,1,0
718,1,0,1,1,0,0,1,1,1,0
760,1,0,1,1,1,1,1,0,0,0
608,1,0,0,1,1,0,0,0,0,0
185,0,0,1,0,1,1,1,0,0,1
189,0,0,1,0,1,1,1,1,0,1
62,0,0,0,0,1,1,1,1,1,0
590,1,0,0,1,0,0,1,1,1,0
841,1,1,0,1,0,0,1,0,0,1
826,1,1,0,0,1,1,1,0,1,0
588,1,0,0,1,0,0,1,1,0,0
318,0,1,0,0,1,1,1,1,1,0
238,0,0,1,1,1,0,1,1,1,0
886,1,1,0,1,1,1,0,1,1,0
348,0,1,0,1,0,1,1,1,0,0
968,1,1,1,1,0,0,1,0,0,0
824,1,1,0,0,1,1,1,0,0,0
994,1,1,1,1,1,0,0,0,1,0
576,1,0,0,1,0,0,0,0,0,0
347,0,1,0,1,0,1,1,0,1,1
376,0,1,0,1,1,1,1,0,0,0
161,0,0,1,0,1,0,0,0,0,1
436,0,1,1,0,1,1,0,1,0,0
1016,1,1,1,1,1,1,1,0,0,0
905,1,1,1,0,0,0,1,0,0,1
89,0,0,0,1,0,1,1,0,0,1
981,1,1,1,1,0,1,0,1,0,1
199,0,0,1,1,0,0,0,1,1,1
762,1,0,1,1,1,1,1,0,1,0
969,1,1,1,1,0,0,1,0,0,1
221,0,0,1,1,0,1,1,1,0,1
522,1,0,0,0,0,0,1,0,1,0
771,1,1,0,0,0,0,0,0,1,1
920,1,1,1,0,0,1,1,0,0,0
413,0,1,1,0,0,1,1,1,0,1
106,0,0,0,1,1,0,1,0,1,0
416,0,1,1,0,1,0,0,0,0,0
98,0,0,0,1,1,0,0,0,1,0
229,0,0,1,1,1,0,0,1,0,1
543,1,0,0,0,0,1,1,1,1,1
665,1,0,1,0,0,1,1,0,0,1
763,1,0,1,1,1,1,1,0,1,1
221,0,0,1,1,0,1,1,1,0,1
755,1,0,1,1,1,1,0,0,1,1
796,1,1,0,0,0,1,1,1,0,0
118,0,0,0,1,1,1,0,1,1,0
180,0,0,1,0,1,1,0,1,0,0
935,1,1,1,0,1,0,0,1,1,1
698,1,0,1,0,1,1,1,0,1,0
821,1,1,0,0,1,1,0,1,0,1
31,0,0,0,0,0,1,1,1,1,1
970,1,1,1,1,0,0,1,0,1,0
245,0,0,1,1,1,1,0,1,0,1
54,0,0,0,0,1,1,0,1,1,0
931,1,1,1,0,1,0,0,0,1,1
686,1,0,1,0,1,0,1,1,1,0
285,0,1,0,0,0,1,1,1,0,1
229,0,0,1,1,1,0,0,1,0,1
998,1,1,1,1,1,0,0,1,1,0
427,0,1,1,0,1,0,1,0,1,1
647,1,0,1,0,0,0,0,1,1,1
279,0,1,0,0,0,1,0,1,1,1
271,0,1,0,0,0,0,1,1,1,1
48,0,0,0,0,1,1,0,0,0,0
717,1,0,1,1,0,0,1,1,0,1
207,0,0,1,1,0,0,1,1,1,1
111,0,0,0,1,1,0,1,1,1,1
776,1,1,0,0,0,0,1,0,0,0
411,0,1,1,0,0,1,1,0,1,1
319,0,1,0,0,1,1,1,1,1,1
380,0,1,0,1,1,1,1,1,0,0
459,0,1,1,1,0,0,1,0,1,1
48,0,0,0,0,1,1,0,0,0,0
1018,1,1,1,1,1,1,1,0,1,0
245,0,0,1,1,1,1,0,1,0,1
565,1,0,0,0,1,1,0,1,0,1
179,0,0,1,0,1,1,0,0,1,1
115,0,0,0,1,1,1,0,0,1,1
281,0,1,0,0,0,1,1,0,0,1
450,0,1,1,1,0,0,0,0,1,0
520,1,0,0,0,0,0,1,0,0,0
169,0,0,1,0,1,0,1,0,0,1
373,0,1,0,1,1,1,0,1,0,1
787,1,1,0,0,0,1,0,0,1,1
124,0,0,0,1,1,1,1,1,0,0
399,0,1,1,0,0,0,1,1,1,1
621,1,0,0,1,1,0,1,1,0,1
713,1,0,1,1,0,0,1,0,0,1
315,0,1,0,0,1,1,1,0,1,1
73,0,0,0,1,0,0,1,0,0,1
503,0,1,1,1,1,1,0,1,1,1
550,1,0,0,0,1,0,0,1,1,0
125,0,0,0,1,1,1,1,1,0,1
698,1,0,1,0,1,1,1,0,1,0
812,1,1,0,0,1,0,1,1,0,0
321,0,1,0,1,0,0,0,0,0,1
242,0,0,1,1,1,1,0,0,1,0
815,1,1,0,0,1,0,1,1,1,1
475,0,1,1,1,0,1,1,0,1,1
786,1,1,0,0,0,1,0,0,1,0
207,0,0,1,1,0,0,1,1,1,1
376,0,1,0,1,1,1,1,0,0,0
731,1,0,1,1,0,1,1,0,1,1
169,0,0,1,0,1,0,1,0,0,1
139,0,0,1,0,0,0,1,0,1,1
483,0,1,1,1,1,0,0,0,1,1
325,0,1,0,1,0,0,0,1,0,1
612,1,0,0,1,1,0,0,1,0,0
207,0,0,1,1,0,0,1,1,1,1
620,1,0,0,1,1,0,1,1,0,0
189,0,0,1,0,1,1,1,1,0,1
773,1,1,0,0,0,0,0,1,0,1
351,0,1,0,1,0,1,1,1,1,1
639,1,0,0,1,1,1,1,1,1,1
401,0,1,1,0,0,1,0,0,0,1
737,1,0,1,1,1,0,0,0,0,1
804,1,1,0,0,1,0,0,1,0,0
720,1,0,1,1,0,1,0,0,0,0
24,0,0,0,0,0,1,1,0,0,0
790,1,1,0,0,0,1,0,1,1,0
718,1,0,1,1,0,0,1,1,1,0
124,0,0,0,1,1,1,1,1,0,0
1021,1,1,1,1,1,1,1,1,0,1
587,1,0,0,1,0,0,1,0,1,1
616,1,0,0,1,1,0,1,0,0,0
103,0,0,0,1,1,0,0,1,1,1
1003,1,1,1,1,1,0,1,0,1,1
933,1,1,1,0,1,0,0,1,0,1
856,1,1,0,1,0,1,1,0,0,0
95,0,0,0,1,0,1,1,1,1,1
450,0,1,1,1,0,0,0,0,1,0
535,1,0,0,0,0,1,0,1,1,1
979,1,1,1,1,0,1,0,0,1,1
201,0,0,1,1,0,0,1,0,0,1
470,0,1,1,1,0,1,0,1,1,0
175,0,0,1,0,1,0,1,1,1,1
192,0,0,1,1,0,0,0,0,0,0
581,1,0,0,1,0,0,0,1,0,1
275,0,1,0,0,0,1,0,0,1,1
688,1,0,1,0,1,1,0,0,0,0
923,1,1,1,0,0,1,1,0,1,1
686,1,0,1,0,1,0,1,1,1,0
830,1,1,0,0,1,1,1,1,1,0
595,1,0,0,1,0,1,0,0,1,1
398,0,1,1,0,0,0,1,1,1,0
514,1,0,0,0,0,0,0,0,1,0
1006,1,1,1,1,1,0,1,1,1,0
979,1,1,1,1,0,1,0,0,1,1
460,0,1,1,1,0,0,1,1,0,0
19,0,0,0,0,0,1,0,0,1,1
628,1,0,0,1,1,1,0,1,0,0
232,0,0,1,1,1,0,1,0,0,0
626,1,0,0,1,1,1,0,0,1,0
510,0,1,1,1,1,1,1,1,1,0
0,0,0,0,0,0,0,0,0,0,0
682,1,0,1,0,1,0,1,0,1,0
767,1,0,1,1,1,1,1,1,1,1
102,0,0,0,1,1,0,0,1,1,0
663,1,0,1,0,0,1,0,1,1,1
874,1,1,0,1,1,0,1,0,1,0
997,1,1,1,1,1,0,0,1,0,1
858,1,1,0,1,0,1,1,0,1,0
941,1,1,1,0,1,0,1,1,0,1
548,1,0,0,0,1,0,0,1,0,0
660,1,0,1,0,0,1,0,1,0,0
792,1,1,0,0,0,1,1,0,0,0
728,1,0,1,1,0,1,1,0,0,0
32,0,0,0,0,1,0,0,0,0,0
348,0,1,0,1,0,1,1,1,0,0
57,0,0,0,0,1,1,1,0,0,1
108,0,0,0,1,1,0,1,1,0,0
792,1,1,0,0,0,1,1,0,0,0
302,0,1,0,0,1,0,1,1,1,0
741,1,0,1,1,1,0,0,1,0,1
943,1,1,1,0,1,0,1,1,1,1
591,1,0,0,1,0,0,1,1,1,1
60,0,0,0,0,1,1,1,1,0,0
595,1,0,0,1,0,1,0,0,1,1
684,1,0,1,0,1,0,1,1,0,0
664,1,0,1,0,0,1,1,0,0,0
418,0,1,1,0,1,0,0,0,1,0
843,1,1,0,1,0,0,1,0,1,1
667,1,0,1,0,0,1,1,0,1,1
665,1,0,1,0,0,1,1,0,0,1
346,0,1,0,1,0,1,1,0,1,0
69,0,0,0,1,0,0,0,1,0,1
693,1,0,1,0,1,1,0,1,0,1
33,0,0,0,0,1,0,0,0,0,1
259,0,1,0,0,0,0,0,0,1,1
95,0,0,0,1,0,1,1,1,1,1
401,0,1,1,0,0,1,0,0,0,1
620,1,0,0,1,1,0,1,1,0,0
900,1,1,1,0,0,0,0,1,0,0
698,1,0,1,0,1,1,1,0,1,0
24,0,0,0,0,0,1,1,0,0,0
200,0,0,1,1,0,0,1,0,0,0
879,1,1,0,1,1,0,1,1,1,1
790,1,1,0,0,0,1,0,1,1,0
645,1,0,1,0,0,0,0,1,0,1
74,0,0,0,1,0,0,1,0,1,0
143,0,0,1,0,0,0,1,1,1,1
775,1,1,0,0,0,0,0,1,1,1
341,0,1,0,1,0,1,0,1,0,1
58,0,0,0,0,1,1,1,0,1,0
668,1,0,1,0,0,1,1,1,0,0
338,0,1,0,1,0,1,0,0,1,0
354,0,1,0,1,1,0,0,0,1,0
577,1,0,0,1,0,0,0,0,0,1
294,0,1,0,0,1,0,0,1,1,0
970,1,1,1,1,0,0,1,0,1,0
395,0,1,1,0,0,0,1,0,1,1
678,1,0,1,0,1,0,0,1,1,0
407,0,1,1,0,0,1,0,1,1,1
719,1,0,1,1,0,0,1,1,1,1
804,1,1,0,0,1,0,0,1,0,0
943,1,1,1,0,1,0,1,1,1,1
179,0,0,1,0,1,1,0,0,1,1
765,1,0,1,1,1,1,1,1,0,1
594,1,0,0,1,0,1,0,0,1,0
701,1,0,1,0,1,1,1,1,0,1
198,0,0,1,1,0,0,0,1,1,0
133,0,0,1,0,0,0,0,1,0,1
643,1,0,1,0,0,0,0,0,1,1
366,0,1,0,1,1,0,1,1,1,0
1022,1,1,1,1,1,1,1,1,1,0
993,1,1,1,1,1,0,0,0,0,1
781,1,1,0,0,0,0,1,1,0,1
51,0,0,0,0,1,1,0,0,1,1
24,0,0,0,0,0,1,1,0,0,0
421,0,1,1,0,1,0,0,1,0,1
45,0,0,0,0,1,0,1,1,0,1
403,0,1,1,0,0,1,0,0,1,1
296,0,1,0,0,1,0,1,0,0,0
878,1,1,0,1,1,0,1,1,1,0
341,0,1,0,1,0,1,0,1,0,1
116,0,0,0,1,1,1,0,1,0,0
361,0,1,0,1,1,0,1,0,0,1
115,0,0,0,1,1,1,0,0,1,1
929,1,1,1,0,1,0,0,0,0,1
362,0,1,0,1,1,0,1,0,1,0
401,0,1,1,0,0,1,0,0,0,1
132,0,0,1,0,0,0,0,1,0,0
103,0,0,0,1,1,0,0,1,1,1
12,0,0,0,0,0,0,1,1,0,0
492,0,1,1,1,1,0,1,1,0,0
377,0,1,0,1,1,1,1,0,0,1
405,0,1,1,0,0,1,0,1,0,1
588,1,0,0,1,0,0,1,1,0,0
1020,1,1,1,1,1,1,1,1,0,0
346,0,1,0,1,0,1,1,0,1,0
3,0,0,0,0,0,0,0,0,1,1
401,0,1,1,0,0,1,0,0,0,1
300,0,1,0,0,1,0,1,1,0,0
775,1,1,0,0,0,0,0,1,1,1
642,1,0,1,0,0,0,0,0,1,0
139,0,0,1,0,0,0,1,0,1,1
390,0,1,1,0,0,0,0,1,1,0
188,0,0,1,0,1,1,1,1,0,0
440,0,1,1,0,1,1,1,0,0,0
574,1,0,0,0,1,1,1,1,1,0
446,0,1,1,0,1,1,1,1,1,0
425,0,1,1,0,1,0,1,0,0,1
697,1,0,1,0,1,1,1,0,0,1
320,0,1,0,1,0,0,0,0,0,0
862,1,1,0,1,0,1,1,1,1,0
933,1,1,1,0,1,0,0,1,0,1
1011,1,1,1,1,1,1,0,0,1,1
307,0,1,0,0,1,1,0,0,1,1
114,0,0,0,1,1,1,0,0,1,0
62,0,0,0,0,1,1,1,1,1,0
137,0,0,1,0,0,0,1,0,0,1
679,1,0,1,0,1,0,0,1,1,1
649,1,0,1,0,0,0,1,0,0,1
71,0,0,0,1,0,0,0,1,1,1
19,0,0,0,0,0,1,0,0,1,1
468,0,1,1,1,0,1,0,1,0,0
474,0,1,1,1,0,1,1,0,1,0
606,1,0,0,1,0,1,1,1,1,0
206,0,0,1,1,0,0,1,1,1,0
674,1,0,1,0,1,0,0,0,1,0
298,0,1,0,0,1,0,1,0,1,0
156,0,0,1,0,0,1,1,1,0,0
413,0,1,1,0,0,1,1,1,0,1
934,1,1,1,0,1,0,0,1,1,0
649,1,0,1,0,0,0,1,0,0,1
605,1,0,0,1,0,1,1,1,0,1
242,0,0,1,1,1,1,0,0,1,0
545,1,0,0,0,1,0,0,0,0,1
412,0,1,1,0,0,1,1,1,0,0
917,1,1,1,0,0,1,0,1,0,1
7,0,0,0,0,0,0,0,1,1,1
126,0,0,0,1,1,1,1,1,1,0
710,1,0,1,1,0,0,0,1,1,0
744,1,0,1,1,1,0,1,0,0,0
10,0,0,0,0,0,0,1,0,1,0
1008,1,1,1,1,1,1,0,0,0,0
191,0,0,1,0,1,1,1,1,1,1
384,0,1,1,0,0,0,0,0,0,0
656,1,0,1,0,0,1,0,0,0,0
95,0,0,0,1,0,1,1,1,1,1
790,1,1,0,0,0,1,0,1,1,0
856,1,1,0,1,0,1,1,0,0,0
792,1,1,0,0,0,1,1,0,0,0
564,1,0,0,0,1,1,0,1,0,0
148,0,0,1,0,0,1,0,1,0,0
187,0,0,1,0,1,1,1,0,1,1
622,1,0,0,1,1,0,1,1,1,0
839,1,1,0,1,0,0,0,1,1,1
1005,1,1,1,1,1,0,1,1,0,1
407,0,1,1,0,0,1,0,1,1,1
906,1,1,1,0,0,0,1,0,1,0
1003,1,1,1,1,1,0,1,0,1,1
675,1,0,1,0,1,0,0,0,1,1
459,0,1,1,1,0,0,1,0,1,1
230,0,0,1,1,1,0,0,1,1,0
616,1,0,0,1,1,0,1,0,0,0
903,1,1,1,0,0,0,0,1,1,1
160,0,0,1,0,1,0,0,0,0,0
947,1,1,1,0,1,1,0,0,1,1
959,1,1,1,0,1,1,1,1,1,1
110,0,0,0,1,1,0,1,1,1,0
137,0,0,1,0,0,0,1,0,0,1
392,0,1,1,0,0,0,1,0,0,0
915,1,1,1,0,0,1,0,0,1,1
566,1,0,0,0,1,1,0,1,1,0
687,1,0,1,0,1,0,1,1,1,1
556,1,0,0,0,1,0,1,1,0,0
822,1,1,0,0,1,1,0,1,1,0
427,0,1,1,0,1,0,1,0,1,1
563,1,0,0,0,1,1,0,0,1,1
825,1,1,0,0,1,1,1,0,0,1
995,1,1,1,1,1,0,0,0,1,1
696,1,0,1,0,1,1,1,0,0,0
719,1,0,1,1,0,0,1,1,1,1
118,0,0,0,1,1,1,0,1,1,0
336,0,1,0,1,0,1,0,0,0,0
847,1,1,0,1,0,0,1,1,1,1
940,1,1,1,0,1,0,1,1,0,0
205,0,0,1,1,0,0,1,1,0,1
535,1,0,0,0,0,1,0,1,1,1
684,1,0,1,0,1,0,1,1,0,0
249,0,0,1,1,1,1,1,0,0,1
427,0,1,1,0,1,0,1,0,1,1
392,0,1,1,0,0,0,1,0,0,0
735,1,0,1,1,0,1,1,1,1,1
94,0,0,0,1,0,1,1,1,1,0
583,1,0,0,1,0,0,0,1,1,1
217,0,0,1,1,0,1,1,0,0,1
944,1,1,1,0,1,1,0,0,0,0
108,0,0,0,1,1,0,1,1,0,0
103,0,0,0,1,1,0,0,1,1,1
166,0,0,1,0,1,0,0,1,1,0
710,1,0,1,1,0,0,0,1,1,0
525,1,0,0,0,0,0,1,1,0,1
424,0,1,1,0,1,0,1,0,0,0
84,0,0,0,1,0,1,0,1,0,0
532,1,0,0,0,0,1,0,1,0,0
143,0,0,1,0,0,0,1,1,1,1
151,0,0,1,0,0,1,0,1,1,1
910,1,1,1,0,0,0,1,1,1,0
503,0,1,1,1,1,1,0,1,1,1
747,1,0,1,1,1,0,1,0,1,1
1016,1,1,1,1,1,1,1,0,0,0
389,0,1,1,0,0,0,0,1,0,1
806,1,1,0,0,1,0,0,1,1,0
618,1,0,0,1,1,0,1,0,1,0
577,1,0,0,1,0,0,0,0,0,1
102,0,0,0,1,1,0,0,1,1,0
548,1,0,0,0,1,0,0,1,0,0
422,0,1,1,0,1,0,0,1,1,0
914,1,1,1,0,0,1,0,0,1,0
593,1,0,0,1,0,1,0,0,0,1
222,0,0,1,1,0,1,1,1,1,0
563,1,0,0,0,1,1,0,0,1,1
437,0,1,1,0,1,1,0,1,0,1
373,0,1,0,1,1,1,0,1,0,1
999,1,1,1,1,1,0,0,1,1,1
867,1,1,0,1,1,0,0,0,1,1
955,1,1,1,0,1,1,1,0,1,1
787,1,1,0,0,0,1,0,0,1,1
49,0,0,0,0,1,1,0,0,0,1
843,1,1,0,1,0,0,1,0,1,1
254,0,0,1,1,1,1,1,1,1,0
636,1,0,0,1,1,1,1,1,0,0
967,1,1,1,1,0,0,0,1,1,1
87,0,0,0,1,0,1,0,1,1,1
553,1,0,0,0,1,0,1,0,0,1
837,1,1,0,1,0,0,0,1,0,1
543,1,0,0,0,0,1,1,1,1,1
972,1,1,1,1,0,0,1,1,0,0
261,0,1,0,0,0,0,0,1,0,1
31,0,0,0,0,0,1,1,1,1,1
841,1,1,0,1,0,0,1,0,0,1
340,0,1,0,1,0,1,0,1,0,0
660,1,0,1,0,0,1,0,1,0,0
202,0,0,1,1,0,0,1,0,1,0
382,0,1,0,1,1,1,1,1,1,0
860,1,1,0,1,0,1,1,1,0,0
784,1,1,0,0,0,1,0,0,0,0
91,0,0,0,1,0,1,1,0,1,1
257,0,1,0,0,0,0,0,0,0,1
287,0,1,0,0,0,1,1,1,1,1
636,1,0,0,1,1,1,1,1,0,0
12,0,0,0,0,0,0,1,1,0,0
416,0,1,1,0,1,0,0,0,0,0
530,1,0,0,0,0,1,0,0,1,0
73,0,0,0,1,0,0,1,0,0,1
331,0,1,0,1,0,0,1,0,1,1
845,1,1,0,1,0,0,1,1,0,1
295,0,1,0,0,1,0,0,1,1,1
800,1,1,0,0,1,0,0,0,0,0
829,1,1,0,0,1,1,1,1,0,1
760,1,0,1,1,1,1,1,0,0,0
255,0,0,1,1,1,1,1,1,1,1
1003,1,1,1,1,1,0,1,0,1,1
633,1,0,0,1,1,1,1,0,0,1
235,0,0,1,1,1,0,1,0,1,1
9,0,0,0,0,0,0,1,0,0,1
234,0,0,1,1,1,0,1,0,1,0
926,1,1,1,0,0,1,1,1,1,0
818,1,1,0,0,1,1,0,0,1,0
446,0,1,1,0,1,1,1,1,1,0
451,0,1,1,1,0,0,0,0,1,1
250,0,0,1,1,1,1,1,0,1,0
301,0,1,0,0,1,0,1,1,0,1
661,1,0,1,0,0,1,0,1,0,1
620,1,0,0,1,1,0,1,1,0,0
586,1,0,0,1,0,0,1,0,1,0
258,0,1,0,0,0,0,0,0,1,0
474,0,1,1,1,0,1,1,0,1,0
42,0,0,0,0,1,0,1,0,1,0
229,0,0,1,1,1,0,0,1,0,1
419,0,1,1,0,1,0,0,0,1,1
588,1,0,0,1,0,0,1,1,0,0
784,1,1,0,0,0,1,0,0,0,0
232,0,0,1,1,1,0,1,0,0,0
235,0,0,1,1,1,0,1,0,1,1
961,1,1,1,1,0,0,0,0,0,1
1,0,0,0,0,0,0,0,0,0,1
197,0,0,1,1,0,0,0,1,0,1
975,1,1,1,1,0,0,1,1,1,1
391,0,1,1,0,0,0,0,1,1,1
1012,1,1,1,1,1,1,0,1,0,0
151,0,0,1,0,0,1,0,1,1,1
660,1,0,1,0,0,1,0,1,0,0
194,0,0,1,1,0,0,0,0,1,0
177,0,0,1,0,1,1,0,0,0,1
641,1,0,1,0,0,0,0,0,0,1
789,1,1,0,0,0,1,0,1,0,1
236,0,0,1,1,1,0,1,1,0,0
749,1,0,1,1,1,0,1,1,0,1
845,1,1,0,1,0,0,1,1,0,1
722,1,0,1,1,0,1,0,0,1,0
771,1,1,0,0,0,0,0,0,1,1
305,0,1,0,0,1,1,0,0,0,1
228,0,0,1,1,1,0,0,1,0,0
864,1,1,0,1,1,0,0,0,0,0
449,0,1,1,1,0,0,0,0,0,1
383,0,1,0,1,1,1,1,1,1,1
149,0,0,1,0,0,1,0,1,0,1
281,0,1,0,0,0,1,1,0,0,1
210,0,0,1,1,0,1,0,0,1,0
852,1,1,0,1,0,1,0,1,0,0
519,1,0,0,0,0,0,0,1,1,1
594,1,0,0,1,0,1,0,0,1,0
918,1,1,1,0,0,1,0,1,1,0
562,1,0,0,0,1,1,0,0,1,0
479,0,1,1,1,0,1,1,1,1,1
842,1,1,0,1,0,0,1,0,1,0
714,1,0,1,1,0,0,1,0,1,0
681,1,0,1,0,1,0,1,0,0,1
241,0,0,1,1,1,1,0,0,0,1
150,0,0,1,0,0,1,0,1,1,0
201,0,0,1,1,0,0,1,0,0,1
60,0,0,0,0,1,1,1,1,0,0
157,0,0,1,0,0,1,1,1,0,1
226,0,0,1,1,1,0,0,0,1,0
89,0,0,0,1,0,1,1,0,0,1
301,0,1,0,0,1,0,1,1,0,1
79,0,0,0,1,0,0,1,1,1,1
55,0,0,0,0,1,1,0,1,1,1
819,1,1,0,0,1,1,0,0,1,1
767,1,0,1,1,1,1,1,1,1,1
65,0,0,0,1,0,0,0,0,0,1
429,0,1,1,0,1,0,1,1,0,1
1018,1,1,1,1,1,1,1,0,1,0
398,0,1,1,0,0,0,1,1,1,0
986,1,1,1,1,0,1,1,0,1,0
331,0,1,0,1,0,0,1,0,1,1
848,1,1,0,1,0,1,0,0,0,0
804,1,1,0,0,1,0,0,1,0,0
758,1,0,1,1,1,1,0,1,1,0
753,1,0,1,1,1,1,0,0,0,1
839,1,1,0,1,0,0,0,1,1,1
628,1,0,0,1,1,1,0,1,0,0
28,0,0,0,0,0,1,1,1,0,0
512,1,0,0,0,0,0,0,0,0,0
78,0,0,0,1,0,0,1,1,1,0
457,0,1,1,1,0,0,1,0,0,1
772,1,1,0,0,0,0,0,1,0,0
970,1,1,1,1,0,0,1,0,1,0
204,0,0,1,1,0,0,1,1,0,0
711,1,0,1,1,0,0,0,1,1,1
211,0,0,1,1,0,1,0,0,1,1
943,1,1,1,0,1,0,1,1,1,1
888,1,1,0,1,1,1,1,0,0,0
111,0,0,0,1,1,0,1,1,1,1
517,1,0,0,0,0,0,0,1,0,1
546,1,0,0,0,1,0,0,0,1,0
459,0,1,1,1,0,0,1,0,1,1
901,1,1,1,0,0,0,0,1,0,1
579,1,0,0,1,0,0,0,0,1,1
413,0,1,1,0,0,1,1,1,0,1
658,1,0,1,0,0,1,0,0,1,0
629,1,0,0,1,1,1,0,1,0,1
322,0,1,0,1,0,0,0,0,1,0
667,1,0,1,0,0,1,1,0,1,1
695,1,0,1,0,1,1,0,1,1,1
961,1,1,1,1,0,0,0,0,0,1
179,0,0,1,0,1,1,0,0,1,1
268,0,1,0,0,0,0,1,1,0,0
993,1,1,1,1,1,0,0,0,0,1
590,1,0,0,1,0,0,1,1,1,0
834,1,1,0,1,0,0,0,0,1,0
1000,1,1,1,1,1,0,1,0,0,0
984,1,1,1,1,0,1,1,0,0,0
50,0,0,0,0,1,1,0,0,1,0
35,0,0,0,0,1,0,0,0,1,1
51,0,0,0,0,1,1,0,0,1,1
123,0,0,0,1,1,1,1,0,1,1
745,1,0,1,1,1,0,1,0,0,1
304,0,1,0,0,1,1,0,0,0,0
605,1,0,0,1,0,1,1,1,0,1
782,1,1,0,0,0,0,1,1,1,0
565,1,0,0,0,1,1,0,1,0,1
125,0,0,0,1,1,1,1,1,0,1
468,0,1,1,1,0,1,0,1,0,0
215,0,0,1,1,0,1,0,1,1,1
337,0,1,0,1,0,1,0,0,0,1
287,0,1,0,0,0,1,1,1,1,1
830,1,1,0,0,1,1,1,1,1,0
900,1,1,1,0,0,0,0,1,0,0
71,0,0,0,1,0,0,0,1,1,1
997,1,1,1,1,1,0,0,1,0,1
180,0,0,1,0,1,1,0,1,0,0
1002,1,1,1,1,1,0,1,0,1,0
42,0,0,0,0,1,0,1,0,1,0
402,0,1,1,0,0,1,0,0,1,0
358,0,1,0,1,1,0,0,1,1,0
751,1,0,1,1,1,0,1,1,1,1
359,0,1,0,1,1,0,0,1,1,1
326,0,1,0,1,0,0,0,1,1,0
238,0,0,1,1,1,0,1,1,1,0
993,1,1,1,1,1,0,0,0,0,1
568,1,0,0,0,1,1,1,0,0,0
818,1,1,0,0,1,1,0,0,1,0
337,0,1,0,1,0,1,0,0,0,1
186,0,0,1,0,1,1,1,0,1,0
725,1,0,1,1,0,1,0,1,0,1
668,1,0,1,0,0,1,1,1,0,0
741,1,0,1,1,1,0,0,1,0,1
761,1,0,1,1,1,1,1,0,0,1
485,0,1,1,1,1,0,0,1,0,1
456,0,1,1,1,0,0,1,0,0,0
0,0,0,0,0,0,0,0,0,0,0
792,1,1,0,0,0,1,1,0,0,0
166,0,0,1,0,1,0,0,1,1,0
715,1,0,1,1,0,0,1,0,1,1
300,0,1,0,0,1,0,1,1,0,0
763,1,0,1,1,1,1,1,0,1,1
974,1,1,1,1,0,0,1,1,1,0
1015,1,1,1,1,1,1,0,1,1,1
1009,1,1,1,1,1,1,0,0,0,1
37,0,0,0,0,1,0,0,1,0,1
72,0,0,0,1,0,0,1,0,0,0
224,0,0,1,1,1,0,0,0,0,0
956,1,1,1,0,1,1,1,1,0,0
1022,1,1,1,1,1,1,1,1,1,0
613,1,0,0,1,1,0,0,1,0,1
691,1,0,1,0,1,1,0,0,1,1
277,0,1,0,0,0,1,0,1,0,1
568,1,0,0,0,1,1,1,0,0,0
160,0,0,1,0,1,0,0,0,0,0
752,1,0,1,1,1,1,0,0,0,0
293,0,1,0,0,1,0,0,1,0,1
655,1,0,1,0,0,0,1,1,1,1
1018,1,1,1,1,1,1,1,0,1,0
68,0,0,0,1,0,0,0,1,0,0
1022,1,1,1,1,1,1,1,1,1,0
633,1,0,0,1,1,1,1,0,0,1
309,0,1,0,0,1,1,0,1,0,1
1013,1,1,1,1,1,1,0,1,0,1
446,0,1,1,0,1,1,1,1,1,0
513,1,0,0,0,0,0,0,0,0,1
299,0,1,0,0,1,0,1,0,1,1
63,0,0,0,0,1,1,1,1,1,1
513,1,0,0,0,0,0,0,0,0,1
90,0,0,0,1,0,1,1,0,1,0
143,0,0,1,0,0,0,1,1,1,1
166,0,0,1,0,1,0,0,1,1,0
529,1,0,0,0,0,1,0,0,0,1
508,0,1,1,1,1,1,1,1,0,0
933,1,1,1,0,1,0,0,1,0,1
863,1,1,0,1,0,1,1,1,1,1
478,0,1,1,1,0,1,1,1,1,0
536,1,0,0,0,0,1,1,0,0,0
523,1,0,0,0,0,0,1,0,1,1
948,1,1,1,0,1,1,0,1,0,0
79,0,0,0,1,0,0,1,1,1,1
380,0,1,0,1,1,1,1,1,0,0
358,0,1,0,1,1,0,0,1,1,0
634,1,0,0,1,1,1,1,0,1,0
355,0,1,0,1,1,0,0,0,1,1
418,0,1,1,0,1,0,0,0,1,0
87,0,0,0,1,0,1,0,1,1,1
630,1,0,0,1,1,1,0,1,1,0
26,0,0,0,0,0,1,1,0,1,0
608,1,0,0,1,1,0,0,0,0,0
498,0,1,1,1,1,1,0,0,1,0
829,1,1,0,0,1,1,1,1,0,1
387,0,1,1,0,0,0,0,0,1,1
558,1,0,0,0,1,0,1,1,1,0
934,1,1,1,0,1,0,0,1,1,0
550,1,0,0,0,1,0,0,1,1,0
154,0,0,1,0,0,1,1,0,1,0
299,0,1,0,0,1,0,1,0,1,1
971,1,1,1,1,0,0,1,0,1,1
366,0,1,0,1,1,0,1,1,1,0
38,0,0,0,0,1,0,0,1,1,0
950,1,1,1,0,1,1,0,1,1,0
159,0,0,1,0,0,1,1,1,1,1
89,0,0,0,1,0,1,1,0,0,1
633,1,0,0,1,1,1,1,0,0,1
765,1,0,1,1,1,1,1,1,0,1
115,0,0,0,1,1,1,0,0,1,1
71,0,0,0,1,0,0,0,1,1,1
36,0,0,0,0,1,0,0,1,0,0
348,0,1,0,1,0,1,1,1,0,0
844,1,1,0,1,0,0,1,1,0,0
367,0,1,0,1,1,0,1,1,1,1
248,0,0,1,1,1,1,1,0,0,0
398,0,1,1,0,0,0,1,1,1,0
475,0,1,1,1,0,1,1,0,1,1
854,1,1,0,1,0,1,0,1,1,0
892,1,1,0,1,1,1,1,1,0,0
771,1,1,0,0,0,0,0,0,1,1
897,1,1,1,0,0,0,0,0,0,1
677,1,0,1,0,1,0,0,1,0,1
560,1,0,0,0,1,1,0,0,0,0
101,0,0,0,1,1,0,0,1,0,1
715,1,0,1,1,0,0,1,0,1,1
963,1,1,1,1,0,0,0,0,1,1
909,1,1,1,0,0,0,1,1,0,1
647,1,0,1,0,0,0,0,1,1,1
361,0,1,0,1,1,0,1,0,0,1
925,1,1,1,0,0,1,1,1,0,1
402,0,1,1,0,0,1,0,0,1,0
418,0,1,1,0,1,0,0,0,1,0
228,0,0,1,1,1,0,0,1,0,0
231,0,0,1,1,1,0,0,1,1,1
329,0,1,0,1,0,0,1,0,0,1
822,1,1,0,0,1,1,0,1,1,0
314,0,1,0,0,1,1,1,0,1,0
600,1,0,0,1,0,1,1,0,0,0
1015,1,1,1,1,1,1,0,1,1,1
571,1,0,0,0,1,1,1,0,1,1
180,0,0,1,0,1,1,0,1,0,0
711,1,0,1,1,0,0,0,1,1,1
987,1,1,1,1,0,1,1,0,1,1
358,0,1,0,1,1,0,0,1,1,0
570,1,0,0,0,1,1,1,0,1,0
426,0,1,1,0,1,0,1,0,1,0
516,1,0,0,0,0,0,0,1,0,0
871,1,1,0,1,1,0,0,1,1,1
933,1,1,1,0,1,0,0,1,0,1
337,0,1,0,1,0,1,0,0,0,1
987,1,1,1,1,0,1,1,0,1,1
988,1,1,1,1,0,1,1,1,0,0
186,0,0,1,0,1,1,1,0,1,0
625,1,0,0,1,1,1,0,0,0,1
284,0,1,0,0,0,1,1,1,0,0
157,0,0,1,0,0,1,1,1,0,1
258,0,1,0,0,0,0,0,0,1,0
74,0,0,0,1,0,0,1,0,1,0
472,0,1,1,1,0,1,1,0,0,0
755,1,0,1,1,1,1,0,0,1,1
250,0,0,1,1,1,1,1,0,1,0
664,1,0,1,0,0,1,1,0,0,0
764,1,0,1,1,1,1,1,1,0,0
606,1,0,0,1,0,1,1,1,1,0
357,0,1,0,1,1,0,0,1,0,1
702,1,0,1,0,1,1,1,1,1,0
547,1,0,0,0,1,0,0,0,1,1
855,1,1,0,1,0,1,0,1,1,1
748,1,0,1,1,1,0,1,1,0,0
337,0,1,0,1,0,1,0,0,0,1
285,0,1,0,0,0,1,1,1,0,1
617,1,0,0,1,1,0,1,0,0,1
685,1,0,1,0,1,0,1,1,0,1
484,0,1,1,1,1,0,0,1,0,0
634,1,0,0,1,1,1,1,0,1,0
278,0,1,0,0,0,1,0,1,1,0
501,0,1,1,1,1,1,0,1,0,1
300,0,1,0,0,1,0,1,1,0,0
913,1,1,1,0,0,1,0,0,0,1
607,1,0,0,1,0,1,1,1,1,1
837,1,1,0,1,0,0,0,1,0,1
528,1,0,0,0,0,1,0,0,0,0
463,0,1,1,1,0,0,1,1,1,1
114,0,0,0,1,1,1,0,0,1,0
950,1,1,1,0,1,1,0,1,1,0
952,1,1,1,0,1,1,1,0,0,0
645,1,0,1,0,0,0,0,1,0,1
809,1,1,0,0,1,0,1,0,0,1
392,0,1,1,0,0,0,1,0,0,0
326,0,1,0,1,0,0,0,1,1,0
770,1,1,0,0,0,0,0,0,1,0
115,0,0,0,1,1,1,0,0,1,1
21,0,0,0,0,0,1,0,1,0,1
795,1,1,0,0,0,1,1,0,1,1
858,1,1,0,1,0,1,1,0,1,0
11,0,0,0,0,0,0,1,0,1,1
605,1,0,0,1,0,1,1,1,0,1
337,0,1,0,1,0,1,0,0,0,1
820,1,1,0,0,1,1,0,1,0,0
344,0,1,0,1,0,1,1,0,0,0
498,0,1,1,1,1,1,0,0,1,0
19,0,0,0,0,0,1,0,0,1,1
676,1,0,1,0,1,0,0,1,0,0
237,0,0,1,1,1,0,1,1,0,1
883,1,1,0,1,1,1,0,0,1,1
613,1,0,0,1,1,0,0,1,0,1
766,1,0,1,1,1,1,1,1,1,0
364,0,1,0,1,1,0,1,1,0,0
38,0,0,0,0,1,0,0,1,1,0
1018,1,1,1,1,1,1,1,0,1,0
876,1,1,0,1,1,0,1,1,0,0
706,1,0,1,1,0,0,0,0,1,0
511,0,1,1,1,1,1,1,1,1,1
188,0,0,1,0,1,1,1,1,0,0
614,1,0,0,1,1,0,0,1,1,0
916,1,1,1,0,0,1,0,1,0,0
478,0,1,1,1,0,1,1,1,1,0
836,1,1,0,1,0,0,0,1,0,0
275,0,1,0,0,0,1,0,0,1,1
532,1,0,0,0,0,1,0,1,0,0
480,0,1,1,1,1,0,0,0,0,0
776,1,1,0,0,0,0,1,0,0,0
352,0,1,0,1,1,0,0,0,0,0
996,1,1,1,1,1,0,0,1,0,0
946,1,1,1,0,1,1,0,0,1,0
654,1,0,1,0,0,0,1,1,1,0
190,0,0,1,0,1,1,1,1,1,0
23,0,0,0,0,0,1,0,1,1,1
787,1,1,0,0,0,1,0,0,1,1
479,0,1,1,1,0,1,1,1,1,1
205,0,0,1,1,0,0,1,1,0,1
542,1,0,0,0,0,1,1,1,1,0
455,0,1,1,1,0,0,0,1,1,1
356,0,1,0,1,1,0,0,1,0,0
122,0,0,0,1,1,1,1,0,1,0
895,1,1,0,1,1,1,1,1,1,1
507,0,1,1,1,1,1,1,0,1,1
230,0,0,1,1,1,0,0,1,1,0
74,0,0,0,1,0,0,1,0,1,0
731,1,0,1,1,0,1,1,0,1,1
250,0,0,1,1,1,1,1,0,1,0
114,0,0,0,1,1,1,0,0,1,0
515,1,0,0,0,0,0,0,0,1,1
190,0,0,1,0,1,1,1,1,1,0
320,0,1,0,1,0,0,0,0,0,0
196,0,0,1,1,0,0,0,1,0,0
936,1,1,1,0,1,0,1,0,0,0
545,1,0,0,0,1,0,0,0,0,1
443,0,1,1,0,1,1,1,0,1,1
235,0,0,1,1,1,0,1,0,1,1
330,0,1,0,1,0,0,1,0,1,0
140,0,0,1,0,0,0,1,1,0,0
516,1,0,0,0,0,0,0,1,0,0
983,1,1,1,1,0,1,0,1,1,1
458,0,1,1,1,0,0,1,0,1,0
667,1,0,1,0,0,1,1,0,1,1
845,1,1,0,1,0,0,1,1,0,1
563,1,0,0,0,1,1,0,0,1,1
724,1,0,1,1,0,1,0,1,0,0
492,0,1,1,1,1,0,1,1,0,0
176,0,0,1,0,1,1,0,0,0,0
348,0,1,0,1,0,1,1,1,0,0
408,0,1,1,0,0,1,1,0,0,0
773,1,1,0,0,0,0,0,1,0,1
1016,1,1,1,1,1,1,1,0,0,0
249,0,0,1,1,1,1,1,0,0,1
19,0,0,0,0,0,1,0,0,1,1
1014,1,1,1,1,1,1,0,1,1,0
968,1,1,1,1,0,0,1,0,0,0
99,0,0,0,1,1,0,0,0,1,1
989,1,1,1,1,0,1,1,1,0,1
233,0,0,1,1,1,0,1,0,0,1
854,1,1,0,1,0,1,0,1,1,0
267,0,1,0,0,0,0,1,0,1,1
762,1,0,1,1,1,1,1,0,1,0
830,1,1,0,0,1,1,1,1,1,0
803,1,1,0,0,1,0,0,0,1,1
720,1,0,1,1,0,1,0,0,0,0
946,1,1,1,0,1,1,0,0,1,0
583,1,0,0,1,0,0,0,1,1,1
55,0,0,0,0,1,1,0,1,1,1
502,0,1,1,1,1,1,0,1,1,0
538,1,0,0,0,0,1,1,0,1,0
860,1,1,0,1,0,1,1,1,0,0
286,0,1,0,0,0,1,1,1,1,0
656,1,0,1,0,0,1,0,0,0,0
842,1,1,0,1,0,0,1,0,1,0
855,1,1,0,1,0,1,0,1,1,1
360,0,1,0,1,1,0,1,0,0,0
166,0,0,1,0,1,0,0,1,1,0
395,0,1,1,0,0,0,1,0,1,1
150,0,0,1,0,0,1,0,1,1,0
863,1,1,0,1,0,1,1,1,1,1
856,1,1,0,1,0,1,1,0,0,0
720,1,0,1,1,0,1,0,0,0,0
823,1,1,0,0,1,1,0,1,1,1
653,1,0,1,0,0,0,1,1,0,1
228,0,0,1,1,1,0,0,1,0,0
465,0,1,1,1,0,1,0,0,0,1
383,0,1,0,1,1,1,1,1,1,1
527,1,0,0,0,0,0,1,1,1,1
588,1,0,0,1,0,0,1,1,0,0
660,1,0,1,0,0,1,0,1,0,0
733,1,0,1,1,0,1,1,1,0,1
736,1,0,1,1,1,0,0,0,0,0
269,0,1,0,0,0,0,1,1,0,1
267,0,1,0,0,0,0,1,0,1,1
747,1,0,1,1,1,0,1,0,1,1
177,0,0,1,0,1,1,0,0,0,1
786,1,1,0,0,0,1,0,0,1,0
505,0,1,1,1,1,1,1,0,0,1
717,1,0,1,1,0,0,1,1,0,1
142,0,0,1,0,0,0,1,1,1,0
288,0,1,0,0,1,0,0,0,0,0
442,0,1,1,0,1,1,1,0,1,0
862,1,1,0,1,0,1,1,1,1,0
324,0,1,0,1,0,0,0,1,0,0
897,1,1,1,0,0,0,0,0,0,1
87,0,0,0,1,0,1,0,1,1,1
346,0,1,0,1,0,1,1,0,1,0
786,1,1,0,0,0,1,0,0,1,0
503,0,1,1,1,1,1,0,1,1,1
58,0,0,0,0,1,1,1,0,1,0
244,0,0,1,1,1,1,0,1,0,0
27,0,0,0,0,0,1,1,0,1,1
844,1,1,0,1,0,0,1,1,0,0
834,1,1,0,1,0,0,0,0,1,0
439,0,1,1,0,1,1,0,1,1,1
847,1,1,0,1,0,0,1,1,1,1
1021,1,1,1,1,1,1,1,1,0,1
180,0,0,1,0,1,1,0,1,0,0
606,1,0,0,1,0,1,1,1,1,0
629,1,0,0,1,1,1,0,1,0,1
630,1,0,0,1,1,1,0,1,1,0
612,1,0,0,1,1,0,0,1,0,0
519,1,0,0,0,0,0,0,1,1,1
683,1,0,1,0,1,0,1,0,1,1
942,1,1,1,0,1,0,1,1,1,0
777,1,1,0,0,0,0,1,0,0,1
70,0,0,0,1,0,0,0,1,1,0
709,1,0,1,1,0,0,0,1,0,1
728,1,0,1,1,0,1,1,0,0,0
952,1,1,1,0,1,1,1,0,0,0
808,1,1,0,0,1,0,1,0,0,0
666,1,0,1,0,0,1,1,0,1,0
823,1,1,0,0,1,1,0,1,1,1
623,1,0,0,1,1,0,1,1,1,1
748,1,0,1,1,1,0,1,1,0,0
233,0,0,1,1,1,0,1,0,0,1
217,0,0,1,1,0,1,1,0,0,1
671,1,0,1,0,0,1,1,1,1,1
347,0,1,0,1,0,1,1,0,1,1
79,0,0,0,1,0,0,1,1,1,1
801,1,1,0,0,1,0,0,0,0,1
663,1,0,1,0,0,1,0,1,1,1
1013,1,1,1,1,1,1,0,1,0,1
458,0,1,1,1,0,0,1,0,1,0
153,0,0,1,0,0,1,1,0,0,1
987,1,1,1,1,0,1,1,0,1,1
755,1,0,1,1,1,1,0,0,1,1
1001,1,1,1,1,1,0,1,0,0,1
77,0,0,0,1,0,0,1,1,0,1
551,1,0,0,0,1,0,0,1,1,1
558,1,0,0,0,1,0,1,1,1,0
549,1,0,0,0,1,0,0,1,0,1
496,0,1,1,1,1,1,0,0,0,0
857,1,1,0,1,0,1,1,0,0,1
60,0,0,0,0,1,1,1,1,0,0
483,0,1,1,1,1,0,0,0,1,1
988,1,1,1,1,0,1,1,1,0,0
546,1,0,0,0,1,0,0,0,1,0
760,1,0,1,1,1,1,1,0,0,0
957,1,1,1,0,1,1,1,1,0,1
934,1,1,1,0,1,0,0,1,1,0
771,1,1,0,0,0,0,0,0,1,1
1017,1,1,1,1,1,1,1,0,0,1
546,1,0,0,0,1,0,0,0,1,0
583,1,0,0,1,0,0,0,1,1,1
256,0,1,0,0,0,0,0,0,0,0
885,1,1,0,1,1,1,0,1,0,1
768,1,1,0,0,0,0,0,0,0,0
434,0,1,1,0,1,1,0,0,1,0
701,1,0,1,0,1,1,1,1,0,1
347,0,1,0,1,0,1,1,0,1,1
835,1,1,0,1,0,0,0,0,1,1
393,0,1,1,0,0,0,1,0,0,1
1018,1,1,1,1,1,1,1,0,1,0
850,1,1,0,1,0,1,0,0,1,0
419,0,1,1,0,1,0,0,0,1,1
80,0,0,0,1,0,1,0,0,0,0
1007,1,1,1,1,1,0,1,1,1,1
78,0,0,0,1,0,0,1,1,1,0
520,1,0,0,0,0,0,1,0,0,0
132,0,0,1,0,0,0,0,1,0,0
239,0,0,1,1,1,0,1,1,1,1
740,1,0,1,1,1,0,0,1,0,0
749,1,0,1,1,1,0,1,1,0,1
161,0,0,1,0,1,0,0,0,0,1
766,1,0,1,1,1,1,1,1,1,0
563,1,0,0,0,1,1,0,0,1,1
620,1,0,0,1,1,0,1,1,0,0
185,0,0,1,0,1,1,1,0,0,1
767,1,0,1,1,1,1,1,1,1,1
196,0,0,1,1,0,0,0,1,0,0
643,1,0,1,0,0,0,0,0,1,1
263,0,1,0,0,0,0,0,1,1,1
664,1,0,1,0,0,1,1,0,0,0
538,1,0,0,0,0,1,1,0,1,0
966,1,1,1,1,0,0,0,1,1,0
855,1,1,0,1,0,1,0,1,1,1
837,1,1,0,1,0,0,0,1,0,1
880,1,1,0,1,1,1,0,0,0,0
675,1,0,1,0,1,0,0,0,1,1
15,0,0,0,0,0,0,1,1,1,1
775,1,1,0,0,0,0,0,1,1,1
880,1,1,0,1,1,1,0,0,0,0
225,0,0,1,1,1,0,0,0,0,1
18,0,0,0,0,0,1,0,0,1,0
511,0,1,1,1,1,1,1,1,1,1
760,1,0,1,1,1,1,1,0,0,0
879,1,1,0,1,1,0,1,1,1,1
920,1,1,1,0,0,1,1,0,0,0
35,0,0,0,0,1,0,0,0,1,1
575,1,0,0,0,1,1,1,1,1,1
484,0,1,1,1,1,0,0,1,0,0
20,0,0,0,0,0,1,0,1,0,0
328,0,1,0,1,0,0,1,0,0,0
553,1,0,0,0,1,0,1,0,0,1
969,1,1,1,1,0,0,1,0,0,1
862,1,1,0,1,0,1,1,1,1,0
139,0,0,1,0,0,0,1,0,1,1
238,0,0,1,1,1,0,1,1,1,0
999,1,1,1,1,1,0,0,1,1,1
944,1,1,1,0,1,1,0,0,0,0
570,1,0,0,0,1,1,1,0,1,0
120,0,0,0,1,1,1,1,0,0,0
205,0,0,1,1,0,0,1,1,0,1
622,1,0,0,1,1,0,1,1,1,0
805,1,1,0,0,1,0,0,1,0,1
761,1,0,1,1,1,1,1,0,0,1
747,1,0,1,1,1,0,1,0,1,1
235,0,0,1,1,1,0,1,0,1,1
1007,1,1,1,1,1,0,1,1,1,1
196,0,0,1,1,0,0,0,1,0,0
901,1,1,1,0,0,0,0,1,0,1
94,0,0,0,1,0,1,1,1,1,0
401,0,1,1,0,0,1,0,0,0,1
965,1,1,1,1,0,0,0,1,0,1
1002,1,1,1,1,1,0,1,0,1,0
868,1,1,0,1,1,0,0,1,0,0
698,1,0,1,0,1,1,1,0,1,0
950,1,1,1,0,1,1,0,1,1,0
178,0,0,1,0,1,1,0,0,1,0
275,0,1,0,0,0,1,0,0,1,1
877,1,1,0,1,1,0,1,1,0,1
512,1,0,0,0,0,0,0,0,0,0
65,0,0,0,1,0,0,0,0,0,1
950,1,1,1,0,1,1,0,1,1,0
348,0,1,0,1,0,1,1,1,0,0
588,1,0,0,1,0,0,1,1,0,0
259,0,1,0,0,0,0,0,0,1,1
636,1,0,0,1,1,1,1,1,0,0
105,0,0,0,1,1,0,1,0,0,1
103,0,0,0,1,1,0,0,1,1,1
565,1,0,0,0,1,1,0,1,0,1
33,0,0,0,0,1,0,0,0,0,1
135,0,0,1,0,0,0,0,1,1,1
900,1,1,1,0,0,0,0,1,0,0
584,1,0,0,1,0,0,1,0,0,0
142,0,0,1,0,0,0,1,1,1,0
39,0,0,0,0,1,0,0,1,1,1
772,1,1,0,0,0,0,0,1,0,0
811,1,1,0,0,1,0,1,0,1,1
711,1,0,1,1,0,0,0,1,1,1
154,0,0,1,0,0,1,1,0,1,0
400,0,1,1,0,0,1,0,0,0,0
313,0,1,0,0,1,1,1,0,0,1
979,1,1,1,1,0,1,0,0,1,1
951,1,1,1,0,1,1,0,1,1,1
491,0,1,1,1,1,0,1,0,1,1
734,1,0,1,1,0,1,1,1,1,0
245,0,0,1,1,1,1,0,1,0,1
658,1,0,1,0,0,1,0,0,1,0
351,0,1,0,1,0,1,1,1,1,1
420,0,1,1,0,1,0,0,1,0,0
361,0,1,0,1,1,0,1,0,0,1
784,1,1,0,0,0,1,0,0,0,0
654,1,0,1,0,0,0,1,1,1,0
290,0,1,0,0,1,0,0,0,1,0
756,1,0,1,1,1,1,0,1,0,0
528,1,0,0,0,0,1,0,0,0,0
339,0,1,0,1,0,1,0,0,1,1
738,1,0,1,1,1,0,0,0,1,0
95,0,0,0,1,0,1,1,1,1,1
681,1,0,1,0,1,0,1,0,0,1
922,1,1,1,0,0,1,1,0,1,0
811,1,1,0,0,1,0,1,0,1,1
529,1,0,0,0,0,1,0,0,0,1
254,0,0,1,1,1,1,1,1,1,0
992,1,1,1,1,1,0,0,0,0,0
253,0,0,1,1,1,1,1,1,0,1
796,1,1,0,0,0,1,1,1,0,0
651,1,0,1,0,0,0,1,0,1,1
551,1,0,0,0,1,0,0,1,1,1
171,0,0,1,0,1,0,1,0,1,1
575,1,0,0,0,1,1,1,1,1,1
938,1,1,1,0,1,0,1,0,1,0
928,1,1,1,0,1,0,0,0,0,0
540,1,0,0,0,0,1,1,1,0,0
330,0,1,0,1,0,0,1,0,1,0
525,1,0,0,0,0,0,1,1,0,1
944,1,1,1,0,1,1,0,0,0,0
41,0,0,0,0,1,0,1,0,0,1
252,0,0,1,1,1,1,1,1,0,0
106,0,0,0,1,1,0,1,0,1,0
210,0,0,1,1,0,1,0,0,1,0
132,0,0,1,0,0,0,0,1,0,0
1010,1,1,1,1,1,1,0,0,1,0
726,1,0,1,1,0,1,0,1,1,0
525,1,0,0,0,0,0,1,1,0,1
338,0,1,0,1,0,1,0,0,1,0
388,0,1,1,0,0,0,0,1,0,0
881,1,1,0,1,1,1,0,0,0,1
66,0,0,0,1,0,0,0,0,1,0
503,0,1,1,1,1,1,0,1,1,1
88,0,0,0,1,0,1,1,0,0,0
525,1,0,0,0,0,0,1,1,0,1
854,1,1,0,1,0,1,0,1,1,0
267,0,1,0,0,0,0,1,0,1,1
53,0,0,0,0,1,1,0,1,0,1
804,1,1,0,0,1,0,0,1,0,0
972,1,1,1,1,0,0,1,1,0,0
493,0,1,1,1,1,0,1,1,0,1
287,0,1,0,0,0,1,1,1,1,1
714,1,0,1,1,0,0,1,0,1,0
609,1,0,0,1,1,0,0,0,0,1
252,0,0,1,1,1,1,1,1,0,0
408,0,1,1,0,0,1,1,0,0,0
150,0,0,1,0,0,1,0,1,1,0
449,0,1,1,1,0,0,0,0,0,1
140,0,0,1,0,0,0,1,1,0,0
390,0,1,1,0,0,0,0,1,1,0
776,1,1,0,0,0,0,1,0,0,0
290,0,1,0,0,1,0,0,0,1,0
140,0,0,1,0,0,0,1,1,0,0
748,1,0,1,1,1,0,1,1,0,0
416,0,1,1,0,1,0,0,0,0,0
877,1,1,0,1,1,0,1,1,0,1
961,1,1,1,1,0,0,0,0,0,1
575,1,0,0,0,1,1,1,1,1,1
319,0,1,0,0,1,1,1,1,1,1
809,1,1,0,0,1,0,1,0,0,1
810,1,1,0,0,1,0,1,0,1,0
942,1,1,1,0,1,0,1,1,1,0
190,0,0,1,0,1,1,1,1,1,0
445,0,1,1,0,1,1,1,1,0,1
56,0,0,0,0,1,1,1,0,0,0
914,1,1,1,0,0,1,0,0,1,0
269,0,1,0,0,0,0,1,1,0,1
829,1,1,0,0,1,1,1,1,0,1
5,0,0,0,0,0,0,0,1,0,1
974,1,1,1,1,0,0,1,1,1,0
583,1,0,0,1,0,0,0,1,1,1
1001,1,1,1,1,1,0,1,0,0,1
164,0,0,1,0,1,0,0,1,0,0
814,1,1,0,0,1,0,1,1,1,0
173,0,0,1,0,1,0,1,1,0,1
21,0,0,0,0,0,1,0,1,0,1
655,1,0,1,0,0,0,1,1,1,1
215,0,0,1,1,0,1,0,1,1,1
255,0,0,1,1,1,1,1,1,1,1
36,0,0,0,0,1,0,0,1,0,0
113,0,0,0,1,1,1,0,0,0,1
55,0,0,0,0,1,1,0,1,1,1
441,0,1,1,0,1,1,1,0,0,1
105,0,0,0,1,1,0,1,0,0,1
42,0,0,0,0,1,0,1,0,1,0
387,0,1,1,0,0,0,0,0,1,1
431,0,1,1,0,1,0,1,1,1,1
699,1,0,1,0,1,1,1,0,1,1
121,0,0,0,1,1,1,1,0,0,1
92,0,0,0,1,0,1,1,1,0,0
227,0,0,1,1,1,0,0,0,1,1
405,0,1,1,0,0,1,0,1,0,1
108,0,0,0,1,1,0,1,1,0,0
371,0,1,0,1,1,1,0,0,1,1
1,0,0,0,0,0,0,0,0,0,1
150,0,0,1,0,0,1,0,1,1,0
986,1,1,1,1,0,1,1,0,1,0
672,1,0,1,0,1,0,0,0,0,0
820,1,1,0,0,1,1,0,1,0,0
377,0,1,0,1,1,1,1,0,0,1
258,0,1,0,0,0,0,0,0,1,0
139,0,0,1,0,0,0,1,0,1,1
207,0,0,1,1,0,0,1,1,1,1
353,0,1,0,1,1,0,0,0,0,1
109,0,0,0,1,1,0,1,1,0,1
94,0,0,0,1,0,1,1,1,1,0
363,0,1,0,1,1,0,1,0,1,1
879,1,1,0,1,1,0,1,1,1,1
848,1,1,0,1,0,1,0,0,0,0
896,1,1,1,0,0,0,0,0,0,0
706,1,0,1,1,0,0,0,0,1,0
760,1,0,1,1,1,1,1,0,0,0
725,1,0,1,1,0,1,0,1,0,1
228,0,0,1,1,1,0,0,1,0,0
552,1,0,0,0,1,0,1,0,0,0
132,0,0,1,0,0,0,0,1,0,0
193,0,0,1,1,0,0,0,0,0,1
550,1,0,0,0,1,0,0,1,1,0
106,0,0,0,1,1,0,1,0,1,0
498,0,1,1,1,1,1,0,0,1,0
66,0,0,0,1,0,0,0,0,1,0
202,0,0,1,1,0,0,1,0,1,0
280,0,1,0,0,0,1,1,0,0,0
457,0,1,1,1,0,0,1,0,0,1
262,0,1,0,0,0,0,0,1,1,0
443,0,1,1,0,1,1,1,0,1,1
881,1,1,0,1,1,1,0,0,0,1
876,1,1,0,1,1,0,1,1,0,0
89,0,0,0,1,0,1,1,0,0,1
860,1,1,0,1,0,1,1,1,0,0
899,1,1,1,0,0,0,0,0,1,1
665,1,0,1,0,0,1,1,0,0,1
64,0,0,0,1,0,0,0,0,0,0
474,0,1,1,1,0,1,1,0,1,0
165,0,0,1,0,1,0,0,1,0,1
3,0,0,0,0,0,0,0,0,1,1
727,1,0,1,1,0,1,0,1,1,1
855,1,1,0,1,0,1,0,1,1,1
879,1,1,0,1,1,0,1,1,1,1
694,1,0,1,0,1,1,0,1,1,0
825,1,1,0,0,1,1,1,0,0,1
797,1,1,0,0,0,1,1,1,0,1
363,0,1,0,1,1,0,1,0,1,1
694,1,0,1,0,1,1,0,1,1,0
292,0,1,0,0,1,0,0,1,0,0
835,1,1,0,1,0,0,0,0,1,1
309,0,1,0,0,1,1,0,1,0,1
704,1,0,1,1,0,0,0,0,0,0
550,1,0,0,0,1,0,0,1,1,0
789,1,1,0,0,0,1,0,1,0,1
282,0,1,0,0,0,1,1,0,1,0
763,1,0,1,1,1,1,1,0,1,1
869,1,1,0,1,1,0,0,1,0,1
666,1,0,1,0,0,1,1,0,1,0
126,0,0,0,1,1,1,1,1,1,0
555,1,0,0,0,1,0,1,0,1,1
951,1,1,1,0,1,1,0,1,1,1
849,1,1,0,1,0,1,0,0,0,1
725,1,0,1,1,0,1,0,1,0,1
577,1,0,0,1,0,0,0,0,0,1
44,0,0,0,0,1,0,1,1,0,0
940,1,1,1,0,1,0,1,1,0,0
588,1,0,0,1,0,0,1,1,0,0
396,0,1,1,0,0,0,1,1,0,0
144,0,0,1,0,0,1,0,0,0,0
188,0,0,1,0,1,1,1,1,0,0
234,0,0,1,1,1,0,1,0,1,0
879,1,1,0,1,1,0,1,1,1,1
173,0,0,1,0,1,0,1,1,0,1
903,1,1,1,0,0,0,0,1,1,1
572,1,0,0,0,1,1,1,1,0,0
334,0,1,0,1,0,0,1,1,1,0
86,0,0,0,1,0,1,0,1,1,0
321,0,1,0,1,0,0,0,0,0,1
479,0,1,1,1,0,1,1,1,1,1
723,1,0,1,1,0,1,0,0,1,1
34,0,0,0,0,1,0,0,0,1,0
396,0,1,1,0,0,0,1,1,0,0
301,0,1,0,0,1,0,1,1,0,1
705,1,0,1,1,0,0,0,0,0,1
962,1,1,1,1,0,0,0,0,1,0
437,0,1,1,0,1,1,0,1,0,1
934,1,1,1,0,1,0,0,1,1,0
863,1,1,0,1,0,1,1,1,1,1
611,1,0,0,1,1,0,0,0,1,1
602,1,0,0,1,0,1,1,0,1,0
425,0,1,1,0,1,0,1,0,0,1
541,1,0,0,0,0,1,1,1,0,1
203,0,0,1,1,0,0,1,0,1,1
30,0,0,0,0,0,1,1,1,1,0
521,1,0,0,0,0,0,1,0,0,1
783,1,1,0,0,0,0,1,1,1,1
828,1,1,0,0,1,1,1,1,0,0
452,0,1,1,1,0,0,0,1,0,0
741,1,0,1,1,1,0,0,1,0,1
446,0,1,1,0,1,1,1,1,1,0
380,0,1,0,1,1,1,1,1,0,0
44,0,0,0,0,1,0,1,1,0,0
999,1,1,1,1,1,0,0,1,1,1
1005,1,1,1,1,1,0,1,1,0,1
955,1,1,1,0,1,1,1,0,1,1
34,0,0,0,0,1,0,0,0,1,0
847,1,1,0,1,0,0,1,1,1,1
486,0,1,1,1,1,0,0,1,1,0
102,0,0,0,1,1,0,0,1,1,0
724,1,0,1,1,0,1,0,1,0,0
307,0,1,0,0,1,1,0,0,1,1
654,1,0,1,0,0,0,1,1,1,0
388,0,1,1,0,0,0,0,1,0,0
961,1,1,1,1,0,0,0,0,0,1
643,1,0,1,0,0,0,0,0,1,1
137,0,0,1,0,0,0,1,0,0,1
210,0,0,1,1,0,1,0,0,1,0
940,1,1,1,0,1,0,1,1,0,0
622,1,0,0,1,1,0,1,1,1,0
189,0,0,1,0,1,1,1,1,0,1
650,1,0,1,0,0,0,1,0,1,0
98,0,0,0,1,1,0,0,0,1,0
270,0,1,0,0,0,0,1,1,1,0
309,0,1,0,0,1,1,0,1,0,1
580,1,0,0,1,0,0,0,1,0,0
972,1,1,1,1,0,0,1,1,0,0
634,1,0,0,1,1,1,1,0,1,0
187,0,0,1,0,1,1,1,0,1,1
317,0,1,0,0,1,1,1,1,0,1
762,1,0,1,1,1,1,1,0,1,0
109,0,0,0,1,1,0,1,1,0,1
229,0,0,1,1,1,0,0,1,0,1
928,1,1,1,0,1,0,0,0,0,0
347,0,1,0,1,0,1,1,0,1,1
2,0,0,0,0,0,0,0,0,1,0
538,1,0,0,0,0,1,1,0,1,0
746,1,0,1,1,1,0,1,0,1,0
199,0,0,1,1,0,0,0,1,1,1
781,1,1,0,0,0,0,1,1,0,1
398,0,1,1,0,0,0,1,1,1,0
198,0,0,1,1,0,0,0,1,1,0
224,0,0,1,1,1,0,0,0,0,0
9,0,0,0,0,0,0,1,0,0,1
401,0,1,1,0,0,1,0,0,0,1
611,1,0,0,1,1,0,0,0,1,1
262,0,1,0,0,0,0,0,1,1,0
759,1,0,1,1,1,1,0,1,1,1
994,1,1,1,1,1,0,0,0,1,0
128,0,0,1,0,0,0,0,0,0,0
636,1,0,0,1,1,1,1,1,0,0
309,0,1,0,0,1,1,0,1,0,1
120,0,0,0,1,1,1,1,0,0,0
494,0,1,1,1,1,0,1,1,1,0
129,0,0,1,0,0,0,0,0,0,1
681,1,0,1,0,1,0,1,0,0,1
271,0,1,0,0,0,0,1,1,1,1
596,1,0,0,1,0,1,0,1,0,0
681,1,0,1,0,1,0,1,0,0,1
899,1,1,1,0,0,0,0,0,1,1
925,1,1,1,0,0,1,1,1,0,1
857,1,1,0,1,0,1,1,0,0,1
590,1,0,0,1,0,0,1,1,1,0
845,1,1,0,1,0,0,1,1,0,1
200,0,0,1,1,0,0,1,0,0,0
591,1,0,0,1,0,0,1,1,1,1
593,1,0,0,1,0,1,0,0,0,1
840,1,1,0,1,0,0,1,0,0,0
919,1,1,1,0,0,1,0,1,1,1
558,1,0,0,0,1,0,1,1,1,0
513,1,0,0,0,0,0,0,0,0,1
520,1,0,0,0,0,0,1,0,0,0
895,1,1,0,1,1,1,1,1,1,1
613,1,0,0,1,1,0,0,1,0,1
332,0,1,0,1,0,0,1,1,0,0
521,1,0,0,0,0,0,1,0,0,1
967,1,1,1,1,0,0,0,1,1,1
8,0,0,0,0,0,0,1,0,0,0
152,0,0,1,0,0,1,1,0,0,0
204,0,0,1,1,0,0,1,1,0,0
61,0,0,0,0,1,1,1,1,0,1
669,1,0,1,0,0,1,1,1,0,1
365,0,1,0,1,1,0,1,1,0,1
692,1,0,1,0,1,1,0,1,0,0
695,1,0,1,0,1,1,0,1,1,1
421,0,1,1,0,1,0,0,1,0,1
820,1,1,0,0,1,1,0,1,0,0
901,1,1,1,0,0,0,0,1,0,1
169,0,0,1,0,1,0,1,0,0,1
770,1,1,0,0,0,0,0,0,1,0
499,0,1,1,1,1,1,0,0,1,1
289,0,1,0,0,1,0,0,0,0,1
963,1,1,1,1,0,0,0,0,1,1
314,0,1,0,0,1,1,1,0,1,0
663,1,0,1,0,0,1,0,1,1,1
357,0,1,0,1,1,0,0,1,0,1
180,0,0,1,0,1,1,0,1,0,0
718,1,0,1,1,0,0,1,1,1,0
351,0,1,0,1,0,1,1,1,1,1
763,1,0,1,1,1,1,1,0,1,1
821,1,1,0,0,1,1,0,1,0,1
242,0,0,1,1,1,1,0,0,1,0
936,1,1,1,0,1,0,1,0,0,0
298,0,1,0,0,1,0,1,0,1,0
94,0,0,0,1,0,1,1,1,1,0
24,0,0,0,0,0,1,1,0,0,0
567,1,0,0,0,1,1,0,1,1,1
237,0,0,1,1,1,0,1,1,0,1
753,1,0,1,1,1,1,0,0,0,1
185,0,0,1,0,1,1,1,0,0,1
260,0,1,0,0,0,0,0,1,0,0
115,0,0,0,1,1,1,0,0,1,1
849,1,1,0,1,0,1,0,0,0,1
252,0,0,1,1,1,1,1,1,0,0
787,1,1,0,0,0,1,0,0,1,1
663,1,0,1,0,0,1,0,1,1,1
663,1,0,1,0,0,1,0,1,1,1
447,0,1,1,0,1,1,1,1,1,1
491,0,1,1,1,1,0,1,0,1,1
253,0,0,1,1,1,1,1,1,0,1
791,1,1,0,0,0,1,0,1,1,1
965,1,1,1,1,0,0,0,1,0,1
163,0,0,1,0,1,0,0,0,1,1
147,0,0,1,0,0,1,0,0,1,1
877,1,1,0,1,1,0,1,1,0,1
718,1,0,1,1,0,0,1,1,1,0
883,1,1,0,1,1,1,0,0,1,1
261,0,1,0,0,0,0,0,1,0,1
884,1,1,0,1,1,1,0,1,0,0
830,1,1,0,0,1,1,1,1,1,0
41,0,0,0,0,1,0,1,0,0,1
32,0,0,0,0,1,0,0,0,0,0
115,0,0,0,1,1,1,0,0,1,1
848,1,1,0,1,0,1,0,0,0,0
634,1,0,0,1,1,1,1,0,1,0
756,1,0,1,1,1,1,0,1,0,0
774,1,1,0,0,0,0,0,1,1,0
692,1,0,1,0,1,1,0,1,0,0
722,1,0,1,1,0,1,0,0,1,0
834,1,1,0,1,0,0,0,0,1,0
217,0,0,1,1,0,1,1,0,0,1
888,1,1,0,1,1,1,1,0,0,0
732,1,0,1,1,0,1,1,1,0,0
2,0,0,0,0,0,0,0,0,1,0
804,1,1,0,0,1,0,0,1,0,0
930,1,1,1,0,1,0,0,0,1,0
419,0,1,1,0,1,0,0,0,1,1
62,0,0,0,0,1,1,1,1,1,0
611,1,0,0,1,1,0,0,0,1,1
860,1,1,0,1,0,1,1,1,0,0
617,1,0,0,1,1,0,1,0,0,1
258,0,1,0,0,0,0,0,0,1,0
142,0,0,1,0,0,0,1,1,1,0
178,0,0,1,0,1,1,0,0,1,0
769,1,1,0,0,0,0,0,0,0,1
47,0,0,0,0,1,0,1,1,1,1
720,1,0,1,1,0,1,0,0,0,0
907,1,1,1,0,0,0,1,0,1,1
24,0,0,0,0,0,1,1,0,0,0
985,1,1,1,1,0,1,1,0,0,1
102,0,0,0,1,1,0,0,1,1,0
340,0,1,0,1,0,1,0,1,0,0
181,0,0,1,0,1,1,0,1,0,1
210,0,0,1,1,0,1,0,0,1,0
549,1,0,0,0,1,0,0,1,0,1
855,1,1,0,1,0,1,0,1,1,1
259,0,1,0,0,0,0,0,0,1,1
215,0,0,1,1,0,1,0,1,1,1
804,1,1,0,0,1,0,0,1,0,0
722,1,0,1,1,0,1,0,0,1,0
11,0,0,0,0,0,0,1,0,1,1
479,0,1,1,1,0,1,1,1,1,1
717,1,0,1,1,0,0,1,1,0,1
691,1,0,1,0,1,1,0,0,1,1
516,1,0,0,0,0,0,0,1,0,0
168,0,0,1,0,1,0,1,0,0,0
413,0,1,1,0,0,1,1,1,0,1
151,0,0,1,0,0,1,0,1,1,1
400,0,1,1,0,0,1,0,0,0,0
462,0,1,1,1,0,0,1,1,1,0
718,1,0,1,1,0,0,1,1,1,0
475,0,1,1,1,0,1,1,0,1,1
128,0,0,1,0,0,0,0,0,0,0
539,1,0,0,0,0,1,1,0,1,1
906,1,1,1,0,0,0,1,0,1,0
76,0,0,0,1,0,0,1,1,0,0
866,1,1,0,1,1,0,0,0,1,0
152,0,0,1,0,0,1,1,0,0,0
617,1,0,0,1,1,0,1,0,0,1
945,1,1,1,0,1,1,0,0,0,1
480,0,1,1,1,1,0,0,0,0,0
991,1,1,1,1,0,1,1,1,1,1
636,1,0,0,1,1,1,1,1,0,0
706,1,0,1,1,0,0,0,0,1,0
226,0,0,1,1,1,0,0,0,1,0
270,0,1,0,0,0,0,1,1,1,0
367,0,1,0,1,1,0,1,1,1,1
868,1,1,0,1,1,0,0,1,0,0
756,1,0,1,1,1,1,0,1,0,0
880,1,1,0,1,1,1,0,0,0,0
772,1,1,0,0,0,0,0,1,0,0
932,1,1,1,0,1,0,0,1,0,0
1023,1,1,1,1,1,1,1,1,1,1
65,0,0,0,1,0,0,0,0,0,1
827,1,1,0,0,1,1,1,0,1,1
918,1,1,1,0,0,1,0,1,1,0
95,0,0,0,1,0,1,1,1,1,1
333,0,1,0,1,0,0,1,1,0,1
633,1,0,0,1,1,1,1,0,0,1
6,0,0,0,0,0,0,0,1,1,0
44,0,0,0,0,1,0,1,1,0,0
448,0,1,1,1,0,0,0,0,0,0
827,1,1,0,0,1,1,1,0,1,1
914,1,1,1,0,0,1,0,0,1,0
393,0,1,1,0,0,0,1,0,0,1
335,0,1,0,1,0,0,1,1,1,1
896,1,1,1,0,0,0,0,0,0,0
673,1,0,1,0,1,0,0,0,0,1
270,0,1,0,0,0,0,1,1,1,0
117,0,0,0,1,1,1,0,1,0,1
923,1,1,1,0,0,1,1,0,1,1
608,1,0,0,1,1,0,0,0,0,0
106,0,0,0,1,1,0,1,0,1,0
497,0,1,1,1,1,1,0,0,0,1
179,0,0,1,0,1,1,0,0,1,1
24,0,0,0,0,0,1,1,0,0,0
199,0,0,1,1,0,0,0,1,1,1
220,0,0,1,1,0,1,1,1,0,0
827,1,1,0,0,1,1,1,0,1,1
947,1,1,1,0,1,1,0,0,1,1
533,1,0,0,0,0,1,0,1,0,1
885,1,1,0,1,1,1,0,1,0,1
494,0,1,1,1,1,0,1,1,1,0
138,0,0,1,0,0,0,1,0,1,0
475,0,1,1,1,0,1,1,0,1,1
81,0,0,0,1,0,1,0,0,0,1
963,1,1,1,1,0,0,0,0,1,1
586,1,0,0,1,0,0,1,0,1,0
719,1,0,1,1,0,0,1,1,1,1
521,1,0,0,0,0,0,1,0,0,1
592,1,0,0,1,0,1,0,0,0,0
781,1,1,0,0,0,0,1,1,0,1
572,1,0,0,0,1,1,1,1,0,0
300,0,1,0,0,1,0,1,1,0,0
606,1,0,0,1,0,1,1,1,1,0
179,0,0,1,0,1,1,0,0,1,1
792,1,1,0,0,0,1,1,0,0,0
897,1,1,1,0,0,0,0,0,0,1
252,0,0,1,1,1,1,1,1,0,0
216,0,0,1,1,0,1,1,0,0,0
21,0,0,0,0,0,1,0,1,0,1
17,0,0,0,0,0,1,0,0,0,1
994,1,1,1,1,1,0,0,0,1,0
281,0,1,0,0,0,1,1,0,0,1
939,1,1,1,0,1,0,1,0,1,1
541,1,0,0,0,0,1,1,1,0,1
806,1,1,0,0,1,0,0,1,1,0
508,0,1,1,1,1,1,1,1,0,0
630,1,0,0,1,1,1,0,1,1,0
629,1,0,0,1,1,1,0,1,0,1
956,1,1,1,0,1,1,1,1,0,0
672,1,0,1,0,1,0,0,0,0,0
767,1,0,1,1,1,1,1,1,1,1
953,1,1,1,0,1,1,1,0,0,1
207,0,0,1,1,0,0,1,1,1,1
876,1,1,0,1,1,0,1,1,0,0
734,1,0,1,1,0,1,1,1,1,0
497,0,1,1,1,1,1,0,0,0,1
862,1,1,0,1,0,1,1,1,1,0
798,1,1,0,0,0,1,1,1,1,0
57,0,0,0,0,1,1,1,0,0,1
1002,1,1,1,1,1,0,1,0,1,0
247,0,0,1,1,1,1,0,1,1,1
246,0,0,1,1,1,1,0,1,1,0
920,1,1,1,0,0,1,1,0,0,0
559,1,0,0,0,1,0,1,1,1,1
451,0,1,1,1,0,0,0,0,1,1
569,1,0,0,0,1,1,1,0,0,1
446,0,1,1,0,1,1,1,1,1,0
651,1,0,1,0,0,0,1,0,1,1
239,0,0,1,1,1,0,1,1,1,1
1021,1,1,1,1,1,1,1,1,0,1
980,1,1,1,1,0,1,0,1,0,0
583,1,0,0,1,0,0,0,1,1,1
691,1,0,1,0,1,1,0,0,1,1
941,1,1,1,0,1,0,1,1,0,1
191,0,0,1,0,1,1,1,1,1,1
688,1,0,1,0,1,1,0,0,0,0
833,1,1,0,1,0,0,0,0,0,1
159,0,0,1,0,0,1,1,1,1,1
126,0,0,0,1,1,1,1,1,1,0
574,1,0,0,0,1,1,1,1,1,0
293,0,1,0,0,1,0,0,1,0,1
787,1,1,0,0,0,1,0,0,1,1
700,1,0,1,0,1,1,1,1,0,0
364,0,1,0,1,1,0,1,1,0,0
697,1,0,1,0,1,1,1,0,0,1
71,0,0,0,1,0,0,0,1,1,1
296,0,1,0,0,1,0,1,0,0,0
243,0,0,1,1,1,1,0,0,1,1
294,0,1,0,0,1,0,0,1,1,0
640,1,0,1,0,0,0,0,0,0,0
185,0,0,1,0,1,1,1,0,0,1
15,0,0,0,0,0,0,1,1,1,1
564,1,0,0,0,1,1,0,1,0,0
414,0,1,1,0,0,1,1,1,1,0
493,0,1,1,1,1,0,1,1,0,1
88,0,0,0,1,0,1,1,0,0,0
862,1,1,0,1,0,1,1,1,1,0
196,0,0,1,1,0,0,0,1,0,0
4,0,0,0,0,0,0,0,1,0,0
438,0,1,1,0,1,1,0,1,1,0
278,0,1,0,0,0,1,0,1,1,0
525,1,0,0,0,0,0,1,1,0,1
908,1,1,1,0,0,0,1,1,0,0
656,1,0,1,0,0,1,0,0,0,0
249,0,0,1,1,1,1,1,0,0,1
27,0,0,0,0,0,1,1,0,1,1
857,1,1,0,1,0,1,1,0,0,1
649,1,0,1,0,0,0,1,0,0,1
440,0,1,1,0,1,1,1,0,0,0
599,1,0,0,1,0,1,0,1,1,1
765,1,0,1,1,1,1,1,1,0,1
432,0,1,1,0,1,1,0,0,0,0
559,1,0,0,0,1,0,1,1,1,1
132,0,0,1,0,0,0,0,1,0,0
549,1,0,0,0,1,0,0,1,0,1
775,1,1,0,0,0,0,0,1,1,1
721,1,0,1,1,0,1,0,0,0,1
998,1,1,1,1,1,0,0,1,1,0
239,0,0,1,1,1,0,1,1,1,1
839,1,1,0,1,0,0,0,1,1,1
689,1,0,1,0,1,1,0,0,0,1
72,0,0,0,1,0,0,1,0,0,0
515,1,0,0,0,0,0,0,0,1,1
652,1,0,1,0,0,0,1,1,0,0
1017,1,1,1,1,1,1,1,0,0,1
662,1,0,1,0,0,1,0,1,1,0
254,0,0,1,1,1,1,1,1,1,0
581,1,0,0,1,0,0,0,1,0,1
824,1,1,0,0,1,1,1,0,0,0
42,0,0,0,0,1,0,1,0,1,0
146,0,0,1,0,0,1,0,0,1,0
920,1,1,1,0,0,1,1,0,0,0
717,1,0,1,1,0,0,1,1,0,1
218,0,0,1,1,0,1,1,0,1,0
767,1,0,1,1,1,1,1,1,1,1
499,0,1,1,1,1,1,0,0,1,1
849,1,1,0,1,0,1,0,0,0,1
965,1,1,1,1,0,0,0,1,0,1
324,0,1,0,1,0,0,0,1,0,0
333,0,1,0,1,0,0,1,1,0,1
798,1,1,0,0,0,1,1,1,1,0
669,1,0,1,0,0,1,1,1,0,1
325,0,1,0,1,0,0,0,1,0,1
407,0,1,1,0,0,1,0,1,1,1
1015,1,1,1,1,1,1,0,1,1,1
8,0,0,0,0,0,0,1,0,0,0
214,0,0,1,1,0,1,0,1,1,0
203,0,0,1,1,0,0,1,0,1,1
490,0,1,1,1,1,0,1,0,1,0
851,1,1,0,1,0,1,0,0,1,1
1016,1,1,1,1,1,1,1,0,0,0
753,1,0,1,1,1,1,0,0,0,1
650,1,0,1,0,0,0,1,0,1,0
884,1,1,0,1,1,1,0,1,0,0
524,1,0,0,0,0,0,1,1,0,0
918,1,1,1,0,0,1,0,1,1,0
1001,1,1,1,1,1,0,1,0,0,1
799,1,1,0,0,0,1,1,1,1,1
107,0,0,0,1,1,0,1,0,1,1
833,1,1,0,1,0,0,0,0,0,1
21,0,0,0,0,0,1,0,1,0,1
1012,1,1,1,1,1,1,0,1,0,0
371,0,1,0,1,1,1,0,0,1,1
774,1,1,0,0,0,0,0,1,1,0
739,1,0,1,1,1,0,0,0,1,1
918,1,1,1,0,0,1,0,1,1,0
559,1,0,0,0,1,0,1,1,1,1
972,1,1,1,1,0,0,1,1,0,0
33,0,0,0,0,1,0,0,0,0,1
1017,1,1,1,1,1,1,1,0,0,1
890,1,1,0,1,1,1,1,0,1,0
338,0,1,0,1,0,1,0,0,1,0
888,1,1,0,1,1,1,1,0,0,0
553,1,0,0,0,1,0,1,0,0,1
445,0,1,1,0,1,1,1,1,0,1
572,1,0,0,0,1,1,1,1,0,0
962,1,1,1,1,0,0,0,0,1,0
578,1,0,0,1,0,0,0,0,1,0
196,0,0,1,1,0,0,0,1,0,0
905,1,1,1,0,0,0,1,0,0,1
651,1,0,1,0,0,0,1,0,1,1
835,1,1,0,1,0,0,0,0,1,1
98,0,0,0,1,1,0,0,0,1,0
945,1,1,1,0,1,1,0,0,0,1
670,1,0,1,0,0,1,1,1,1,0
456,0,1,1,1,0,0,1,0,0,0
495,0,1,1,1,1,0,1,1,1,1
641,1,0,1,0,0,0,0,0,0,1
274,0,1,0,0,0,1,0,0,1,0
152,0,0,1,0,0,1,1,0,0,0
472,0,1,1,1,0,1,1,0,0,0
79,0,0,0,1,0,0,1,1,1,1
635,1,0,0,1,1,1,1,0,1,1
108,0,0,0,1,1,0,1,1,0,0
369,0,1,0,1,1,1,0,0,0,1
206,0,0,1,1,0,0,1,1,1,0
277,0,1,0,0,0,1,0,1,0,1
620,1,0,0,1,1,0,1,1,0,0
134,0,0,1,0,0,0,0,1,1,0
123,0,0,0,1,1,1,1,0,1,1
451,0,1,1,1,0,0,0,0,1,1
96,0,0,0,1,1,0,0,0,0,0
84,0,0,0,1,0,1,0,1,0,0
746,1,0,1,1,1,0,1,0,1,0
768,1,1,0,0,0,0,0,0,0,0
494,0,1,1,1,1,0,1,1,1,0
475,0,1,1,1,0,1,1,0,1,1
1015,1,1,1,1,1,1,0,1,1,1
326,0,1,0,1,0,0,0,1,1,0
713,1,0,1,1,0,0,1,0,0,1
394,0,1,1,0,0,0,1,0,1,0
292,0,1,0,0,1,0,0,1,0,0
552,1,0,0,0,1,0,1,0,0,0
11,0,0,0,0,0,0,1,0,1,1
491,0,1,1,1,1,0,1,0,1,1
533,1,0,0,0,0,1,0,1,0,1
761,1,0,1,1,1,1,1,0,0,1
561,1,0,0,0,1,1,0,0,0,1
839,1,1,0,1,0,0,0,1,1,1
925,1,1,1,0,0,1,1,1,0,1
289,0,1,0,0,1,0,0,0,0,1
111,0,0,0,1,1,0,1,1,1,1
907,1,1,1,0,0,0,1,0,1,1
39,0,0,0,0,1,0,0,1,1,1
808,1,1,0,0,1,0,1,0,0,0
135,0,0,1,0,0,0,0,1,1,1
481,0,1,1,1,1,0,0,0,0,1
112,0,0,0,1,1,1,0,0,0,0
720,1,0,1,1,0,1,0,0,0,0
881,1,1,0,1,1,1,0,0,0,1
10,0,0,0,0,0,0,1,0,1,0
920,1,1,1,0,0,1,1,0,0,0
1004,1,1,1,1,1,0,1,1,0,0
346,0,1,0,1,0,1,1,0,1,0
940,1,1,1,0,1,0,1,1,0,0
1013,1,1,1,1,1,1,0,1,0,1
726,1,0,1,1,0,1,0,1,1,0
272,0,1,0,0,0,1,0,0,0,0
498,0,1,1,1,1,1,0,0,1,0
153,0,0,1,0,0,1,1,0,0,1
604,1,0,0,1,0,1,1,1,0,0
989,1,1,1,1,0,1,1,1,0,1
966,1,1,1,1,0,0,0,1,1,0
665,1,0,1,0,0,1,1,0,0,1
375,0,1,0,1,1,1,0,1,1,1
502,0,1,1,1,1,1,0,1,1,0
82,0,0,0,1,0,1,0,0,1,0
287,0,1,0,0,0,1,1,1,1,1
344,0,1,0,1,0,1,1,0,0,0
290,0,1,0,0,1,0,0,0,1,0
704,1,0,1,1,0,0,0,0,0,0
842,1,1,0,1,0,0,1,0,1,0
712,1,0,1,1,0,0,1,0,0,0
106,0,0,0,1,1,0,1,0,1,0
155,0,0,1,0,0,1,1,0,1,1
34,0,0,0,0,1,0,0,0,1,0
134,0,0,1,0,0,0,0,1,1,0
801,1,1,0,0,1,0,0,0,0,1
316,0,1,0,0,1,1,1,1,0,0
575,1,0,0,0,1,1,1,1,1,1
585,1,0,0,1,0,0,1,0,0,1
725,1,0,1,1,0,1,0,1,0,1
339,0,1,0,1,0,1,0,0,1,1
258,0,1,0,0,0,0,0,0,1,0
49,0,0,0,0,1,1,0,0,0,1
671,1,0,1,0,0,1,1,1,1,1
346,0,1,0,1,0,1,1,0,1,0
637,1,0,0,1,1,1,1,1,0,1
593,1,0,0,1,0,1,0,0,0,1
467,0,1,1,1,0,1,0,0,1,1
924,1,1,1,0,0,1,1,1,0,0
816,1,1,0,0,1,1,0,0,0,0
391,0,1,1,0,0,0,0,1,1,1
594,1,0,0,1,0,1,0,0,1,0
137,0,0,1,0,0,0,1,0,0,1
76,0,0,0,1,0,0,1,1,0,0
349,0,1,0,1,0,1,1,1,0,1
721,1,0,1,1,0,1,0,0,0,1
486,0,1,1,1,1,0,0,1,1,0
136,0,0,1,0,0,0,1,0,0,0
875,1,1,0,1,1,0,1,0,1,1
120,0,0,0,1,1,1,1,0,0,0
221,0,0,1,1,0,1,1,1,0,1
388,0,1,1,0,0,0,0,1,0,0
925,1,1,1,0,0,1,1,1,0,1
129,0,0,1,0,0,0,0,0,0,1
368,0,1,0,1,1,1,0,0,0,0
143,0,0,1,0,0,0,1,1,1,1
222,0,0,1,1,0,1,1,1,1,0
718,1,0,1,1,0,0,1,1,1,0
887,1,1,0,1,1,1,0,1,1,1
758,1,0,1,1,1,1,0,1,1,0
659,1,0,1,0,0,1,0,0,1,1
1016,1,1,1,1,1,1,1,0,0,0
32,0,0,0,0,1,0,0,0,0,0
604,1,0,0,1,0,1,1,1,0,0
620,1,0,0,1,1,0,1,1,0,0
519,1,0,0,0,0,0,0,1,1,1
810,1,1,0,0,1,0,1,0,1,0
671,1,0,1,0,0,1,1,1,1,1
900,1,1,1,0,0,0,0,1,0,0
664,1,0,1,0,0,1,1,0,0,0
1014,1,1,1,1,1,1,0,1,1,0
482,0,1,1,1,1,0,0,0,1,0
715,1,0,1,1,0,0,1,0,1,1
252,0,0,1,1,1,1,1,1,0,0
398,0,1,1,0,0,0,1,1,1,0
154,0,0,1,0,0,1,1,0,1,0
1009,1,1,1,1,1,1,0,0,0,1
545,1,0,0,0,1,0,0,0,0,1
248,0,0,1,1,1,1,1,0,0,0
725,1,0,1,1,0,1,0,1,0,1
853,1,1,0,1,0,1,0,1,0,1
884,1,1,0,1,1,1,0,1,0,0
806,1,1,0,0,1,0,0,1,1,0
289,0,1,0,0,1,0,0,0,0,1
144,0,0,1,0,0,1,0,0,0,0
119,0,0,0,1,1,1,0,1,1,1
553,1,0,0,0,1,0,1,0,0,1
573,1,0,0,0,1,1,1,1,0,1
818,1,1,0,0,1,1,0,0,1,0
754,1,0,1,1,1,1,0,0,1,0
646,1,0,1,0,0,0,0,1,1,0
64,0,0,0,1,0,0,0,0,0,0
133,0,0,1,0,0,0,0,1,0,1
951,1,1,1,0,1,1,0,1,1,1
652,1,0,1,0,0,0,1,1,0,0
58,0,0,0,0,1,1,1,0,1,0
369,0,1,0,1,1,1,0,0,0,1
358,0,1,0,1,1,0,0,1,1,0
596,1,0,0,1,0,1,0,1,0,0
760,1,0,1,1,1,1,1,0,0,0
58,0,0,0,0,1,1,1,0,1,0
225,0,0,1,1,1,0,0,0,0,1
915,1,1,1,0,0,1,0,0,1,1
511,0,1,1,1,1,1,1,1,1,1
473,0,1,1,1,0,1,1,0,0,1
23,0,0,0,0,0,1,0,1,1,1
372,0,1,0,1,1,1,0,1,0,0
489,0,1,1,1,1,0,1,0,0,1
626,1,0,0,1,1,1,0,0,1,0
91,0,0,0,1,0,1,1,0,1,1
701,1,0,1,0,1,1,1,1,0,1
828,1,1,0,0,1,1,1,1,0,0
483,0,1,1,1,1,0,0,0,1,1
946,1,1,1,0,1,1,0,0,1,0
880,1,1,0,1,1,1,0,0,0,0
658,1,0,1,0,0,1,0,0,1,0
680,1,0,1,0,1,0,1,0,0,0
768,1,1,0,0,0,0,0,0,0,0
198,0,0,1,1,0,0,0,1,1,0
240,0,0,1,1,1,1,0,0,0,0
290,0,1,0,0,1,0,0,0,1,0
980,1,1,1,1,0,1,0,1,0,0
2,0,0,0,0,0,0,0,0,1,0
201,0,0,1,1,0,0,1,0,0,1
548,1,0,0,0,1,0,0,1,0,0
225,0,0,1,1,1,0,0,0,0,1
65,0,0,0,1,0,0,0,0,0,1
22,0,0,0,0,0,1,0,1,1,0
357,0,1,0,1,1,0,0,1,0,1
765,1,0,1,1,1,1,1,1,0,1
559,1,0,0,0,1,0,1,1,1,1
505,0,1,1,1,1,1,1,0,0,1
976,1,1,1,1,0,1,0,0,0,0
485,0,1,1,1,1,0,0,1,0,1
45,0,0,0,0,1,0,1,1,0,1
902,1,1,1,0,0,0,0,1,1,0
344,0,1,0,1,0,1,1,0,0,0
520,1,0,0,0,0,0,1,0,0,0
397,0,1,1,0,0,0,1,1,0,1
1002,1,1,1,1,1,0,1,0,1,0
586,1,0,0,1,0,0,1,0,1,0
313,0,1,0,0,1,1,1,0,0,1
24,0,0,0,0,0,1,1,0,0,0
993,1,1,1,1,1,0,0,0,0,1
48,0,0,0,0,1,1,0,0,0,0
817,1,1,0,0,1,1,0,0,0,1
962,1,1,1,1,0,0,0,0,1,0
771,1,1,0,0,0,0,0,0,1,1
665,1,0,1,0,0,1,1,0,0,1
1001,1,1,1,1,1,0,1,0,0,1
819,1,1,0,0,1,1,0,0,1,1
625,1,0,0,1,1,1,0,0,0,1
795,1,1,0,0,0,1,1,0,1,1
22,0,0,0,0,0,1,0,1,1,0
466,0,1,1,1,0,1,0,0,1,0
805,1,1,0,0,1,0,0,1,0,1
684,1,0,1,0,1,0,1,1,0,0
5,0,0,0,0,0,0,0,1,0,1
213,0,0,1,1,0,1,0,1,0,1
327,0,1,0,1,0,0,0,1,1,1
833,1,1,0,1,0,0,0,0,0,1
305,0,1,0,0,1,1,0,0,0,1
766,1,0,1,1,1,1,1,1,1,0
890,1,1,0,1,1,1,1,0,1,0
961,1,1,1,1,0,0,0,0,0,1
170,0,0,1,0,1,0,1,0,1,0
469,0,1,1,1,0,1,0,1,0,1
742,1,0,1,1,1,0,0,1,1,0
352,0,1,0,1,1,0,0,0,0,0
111,0,0,0,1,1,0,1,1,1,1
517,1,0,0,0,0,0,0,1,0,1
388,0,1,1,0,0,0,0,1,0,0
813,1,1,0,0,1,0,1,1,0,1
72,0,0,0,1,0,0,1,0,0,0
785,1,1,0,0,0,1,0,0,0,1
963,1,1,1,1,0,0,0,0,1,1
324,0,1,0,1,0,0,0,1,0,0
750,1,0,1,1,1,0,1,1,1,0
710,1,0,1,1,0,0,0,1,1,0
50,0,0,0,0,1,1,0,0,1,0
94,0,0,0,1,0,1,1,1,1,0
590,1,0,0,1,0,0,1,1,1,0
403,0,1,1,0,0,1,0,0,1,1
42,0,0,0,0,1,0,1,0,1,0
369,0,1,0,1,1,1,0,0,0,1
246,0,0,1,1,1,1,0,1,1,0
296,0,1,0,0,1,0,1,0,0,0
394,0,1,1,0,0,0,1,0,1,0
858,1,1,0,1,0,1,1,0,1,0
722,1,0,1,1,0,1,0,0,1,0
18,0,0,0,0,0,1,0,0,1,0
202,0,0,1,1,0,0,1,0,1,0
358,0,1,0,1,1,0,0,1,1,0
107,0,0,0,1,1,0,1,0,1,1
54,0,0,0,0,1,1,0,1,1,0
158,0,0,1,0,0,1,1,1,1,0
590,1,0,0,1,0,0,1,1,1,0
509,0,1,1,1,1,1,1,1,0,1
931,1,1,1,0,1,0,0,0,1,1
153,0,0,1,0,0,1,1,0,0,1
847,1,1,0,1,0,0,1,1,1,1
44,0,0,0,0,1,0,1,1,0,0
96,0,0,0,1,1,0,0,0,0,0
401,0,1,1,0,0,1,0,0,0,1
301,0,1,0,0,1,0,1,1,0,1
545,1,0,0,0,1,0,0,0,0,1
18,0,0,0,0,0,1,0,0,1,0
975,1,1,1,1,0,0,1,1,1,1
692,1,0,1,0,1,1,0,1,0,0
814,1,1,0,0,1,0,1,1,1,0
577,1,0,0,1,0,0,0,0,0,1
743,1,0,1,1,1,0,0,1,1,1
137,0,0,1,0,0,0,1,0,0,1
770,1,1,0,0,0,0,0,0,1,0
406,0,1,1,0,0,1,0,1,1,0
736,1,0,1,1,1,0,0,0,0,0
392,0,1,1,0,0,0,1,0,0,0
965,1,1,1,1,0,0,0,1,0,1
58,0,0,0,0,1,1,1,0,1,0
50,0,0,0,0,1,1,0,0,1,0
672,1,0,1,0,1,0,0,0,0,0
540,1,0,0,0,0,1,1,1,0,0
118,0,0,0,1,1,1,0,1,1,0
521,1,0,0,0,0,0,1,0,0,1
214,0,0,1,1,0,1,0,1,1,0
233,0,0,1,1,1,0,1,0,0,1
982,1,1,1,1,0,1,0,1,1,0
827,1,1,0,0,1,1,1,0,1,1
642,1,0,1,0,0,0,0,0,1,0
780,1,1,0,0,0,0,1,1,0,0
882,1,1,0,1,1,1,0,0,1,0
801,1,1,0,0,1,0,0,0,0,1
654,1,0,1,0,0,0,1,1,1,0
780,1,1,0,0,0,0,1,1,0,0
144,0,0,1,0,0,1,0,0,0,0
480,0,1,1,1,1,0,0,0,0,0
310,0,1,0,0,1,1,0,1,1,0
505,0,1,1,1,1,1,1,0,0,1
700,1,0,1,0,1,1,1,1,0,0
143,0,0,1,0,0,0,1,1,1,1
534,1,0,0,0,0,1,0,1,1,0
45,0,0,0,0,1,0,1,1,0,1
966,1,1,1,1,0,0,0,1,1,0
996,1,1,1,1,1,0,0,1,0,0
592,1,0,0,1,0,1,0,0,0,0
871,1,1,0,1,1,0,0,1,1,1
748,1,0,1,1,1,0,1,1,0,0
709,1,0,1,1,0,0,0,1,0,1
400,0,1,1,0,0,1,0,0,0,0
86,0,0,0,1,0,1,0,1,1,0
106,0,0,0,1,1,0,1,0,1,0
671,1,0,1,0,0,1,1,1,1,1
481,0,1,1,1,1,0,0,0,0,1
252,0,0,1,1,1,1,1,1,0,0
705,1,0,1,1,0,0,0,0,0,1
130,0,0,1,0,0,0,0,0,1,0
368,0,1,0,1,1,1,0,0,0,0
942,1,1,1,0,1,0,1,1,1,0
865,1,1,0,1,1,0,0,0,0,1
733,1,0,1,1,0,1,1,1,0,1
816,1,1,0,0,1,1,0,0,0,0
542,1,0,0,0,0,1,1,1,1,0
881,1,1,0,1,1,1,0,0,0,1
183,0,0,1,0,1,1,0,1,1,1
318,0,1,0,0,1,1,1,1,1,0
273,0,1,0,0,0,1,0,0,0,1
342,0,1,0,1,0,1,0,1,1,0
421,0,1,1,0,1,0,0,1,0,1
0,0,0,0,0,0,0,0,0,0,0
200,0,0,1,1,0,0,1,0,0,0
732,1,0,1,1,0,1,1,1,0,0
661,1,0,1,0,0,1,0,1,0,1
299,0,1,0,0,1,0,1,0,1,1
1008,1,1,1,1,1,1,0,0,0,0
811,1,1,0,0,1,0,1,0,1,1
147,0,0,1,0,0,1,0,0,1,1
644,1,0,1,0,0,0,0,1,0,0
461,0,1,1,1,0,0,1,1,0,1
282,0,1,0,0,0,1,1,0,1,0
865,1,1,0,1,1,0,0,0,0,1
654,1,0,1,0,0,0,1,1,1,0
493,0,1,1,1,1,0,1,1,0,1
813,1,1,0,0,1,0,1,1,0,1
123,0,0,0,1,1,1,1,0,1,1
179,0,0,1,0,1,1,0,0,1,1
931,1,1,1,0,1,0,0,0,1,1
20,0,0,0,0,0,1,0,1,0,0
866,1,1,0,1,1,0,0,0,1,0
365,0,1,0,1,1,0,1,1,0,1
28,0,0,0,0,0,1,1,1,0,0
198,0,0,1,1,0,0,0,1,1,0
394,0,1,1,0,0,0,1,0,1,0
170,0,0,1,0,1,0,1,0,1,0
873,1,1,0,1,1,0,1,0,0,1
975,1,1,1,1,0,0,1,1,1,1
568,1,0,0,0,1,1,1,0,0,0
507,0,1,1,1,1,1,1,0,1,1
1009,1,1,1,1,1,1,0,0,0,1
316,0,1,0,0,1,1,1,1,0,0
571,1,0,0,0,1,1,1,0,1,1
464,0,1,1,1,0,1,0,0,0,0
206,0,0,1,1,0,0,1,1,1,0
264,0,1,0,0,0,0,1,0,0,0
289,0,1,0,0,1,0,0,0,0,1
816,1,1,0,0,1,1,0,0,0,0
8,0,0,0,0,0,0,1,0,0,0
694,1,0,1,0,1,1,0,1,1,0
24,0,0,0,0,0,1,1,0,0,0
434,0,1,1,0,1,1,0,0,1,0
243,0,0,1,1,1,1,0,0,1,1
508,0,1,1,1,1,1,1,1,0,0
264,0,1,0,0,0,0,1,0,0,0
390,0,1,1,0,0,0,0,1,1,0
824,1,1,0,0,1,1,1,0,0,0
379,0,1,0,1,1,1,1,0,1,1
267,0,1,0,0,0,0,1,0,1,1
465,0,1,1,1,0,1,0,0,0,1
844,1,1,0,1,0,0,1,1,0,0
947,1,1,1,0,1,1,0,0,1,1
686,1,0,1,0,1,0,1,1,1,0
74,0,0,0,1,0,0,1,0,1,0
486,0,1,1,1,1,0,0,1,1,0
757,1,0,1,1,1,1,0,1,0,1
687,1,0,1,0,1,0,1,1,1,1
568,1,0,0,0,1,1,1,0,0,0
779,1,1,0,0,0,0,1,0,1,1
962,1,1,1,1,0,0,0,0,1,0
615,1,0,0,1,1,0,0,1,1,1
1019,1,1,1,1,1,1,1,0,1,1
339,0,1,0,1,0,1,0,0,1,1
67,0,0,0,1,0,0,0,0,1,1
408,0,1,1,0,0,1,1,0,0,0
135,0,0,1,0,0,0,0,1,1,1
910,1,1,1,0,0,0,1,1,1,0
678,1,0,1,0,1,0,0,1,1,0
790,1,1,0,0,0,1,0,1,1,0
804,1,1,0,0,1,0,0,1,0,0
912,1,1,1,0,0,1,0,0,0,0
799,1,1,0,0,0,1,1,1,1,1
213,0,0,1,1,0,1,0,1,0,1
251,0,0,1,1,1,1,1,0,1,1
888,1,1,0,1,1,1,1,0,0,0
144,0,0,1,0,0,1,0,0,0,0
521,1,0,0,0,0,0,1,0,0,1
647,1,0,1,0,0,0,0,1,1,1
547,1,0,0,0,1,0,0,0,1,1
777,1,1,0,0,0,0,1,0,0,1
193,0,0,1,1,0,0,0,0,0,1
1,0,0,0,0,0,0,0,0,0,1
517,1,0,0,0,0,0,0,1,0,1
1020,1,1,1,1,1,1,1,1,0,0
927,1,1,1,0,0,1,1,1,1,1
562,1,0,0,0,1,1,0,0,1,0
120,0,0,0,1,1,1,1,0,0,0
977,1,1,1,1,0,1,0,0,0,1
632,1,0,0,1,1,1,1,0,0,0
90,0,0,0,1,0,1,1,0,1,0
511,0,1,1,1,1,1,1,1,1,1
231,0,0,1,1,1,0,0,1,1,1
614,1,0,0,1,1,0,0,1,1,0
163,0,0,1,0,1,0,0,0,1,1
330,0,1,0,1,0,0,1,0,1,0
592,1,0,0,1,0,1,0,0,0,0
948,1,1,1,0,1,1,0,1,0,0
981,1,1,1,1,0,1,0,1,0,1
754,1,0,1,1,1,1,0,0,1,0
549,1,0,0,0,1,0,0,1,0,1
329,0,1,0,1,0,0,1,0,0,1
701,1,0,1,0,1,1,1,1,0,1
25,0,0,0,0,0,1,1,0,0,1
363,0,1,0,1,1,0,1,0,1,1
421,0,1,1,0,1,0,0,1,0,1
741,1,0,1,1,1,0,0,1,0,1
558,1,0,0,0,1,0,1,1,1,0
192,0,0,1,1,0,0,0,0,0,0
79,0,0,0,1,0,0,1,1,1,1
906,1,1,1,0,0,0,1,0,1,0
515,1,0,0,0,0,0,0,0,1,1
48,0,0,0,0,1,1,0,0,0,0
982,1,1,1,1,0,1,0,1,1,0
524,1,0,0,0,0,0,1,1,0,0
180,0,0,1,0,1,1,0,1,0,0
631,1,0,0,1,1,1,0,1,1,1
728,1,0,1,1,0,1,1,0,0,0
241,0,0,1,1,1,1,0,0,0,1
154,0,0,1,0,0,1,1,0,1,0
965,1,1,1,1,0,0,0,1,0,1
451,0,1,1,1,0,0,0,0,1,1
814,1,1,0,0,1,0,1,1,1,0
664,1,0,1,0,0,1,1,0,0,0
793,1,1,0,0,0,1,1,0,0,1
547,1,0,0,0,1,0,0,0,1,1
760,1,0,1,1,1,1,1,0,0,0
210,0,0,1,1,0,1,0,0,1,0
764,1,0,1,1,1,1,1,1,0,0
772,1,1,0,0,0,0,0,1,0,0
308,0,1,0,0,1,1,0,1,0,0
753,1,0,1,1,1,1,0,0,0,1
331,0,1,0,1,0,0,1,0,1,1
127,0,0,0,1,1,1,1,1,1,1
868,1,1,0,1,1,0,0,1,0,0
856,1,1,0,1,0,1,1,0,0,0
198,0,0,1,1,0,0,0,1,1,0
830,1,1,0,0,1,1,1,1,1,0
597,1,0,0,1,0,1,0,1,0,1
550,1,0,0,0,1,0,0,1,1,0
462,0,1,1,1,0,0,1,1,1,0
109,0,0,0,1,1,0,1,1,0,1
88,0,0,0,1,0,1,1,0,0,0
229,0,0,1,1,1,0,0,1,0,1
803,1,1,0,0,1,0,0,0,1,1
937,1,1,1,0,1,0,1,0,0,1
10,0,0,0,0,0,0,1,0,1,0
7,0,0,0,0,0,0,0,1,1,1
569,1,0,0,0,1,1,1,0,0,1
88,0,0,0,1,0,1,1,0,0,0
830,1,1,0,0,1,1,1,1,1,0
875,1,1,0,1,1,0,1,0,1,1
446,0,1,1,0,1,1,1,1,1,0
783,1,1,0,0,0,0,1,1,1,1
931,1,1,1,0,1,0,0,0,1,1
401,0,1,1,0,0,1,0,0,0,1
638,1,0,0,1,1,1,1,1,1,0
128,0,0,1,0,0,0,0,0,0,0
596,1,0,0,1,0,1,0,1,0,0
81,0,0,0,1,0,1,0,0,0,1
972,1,1,1,1,0,0,1,1,0,0
857,1,1,0,1,0,1,1,0,0,1
392,0,1,1,0,0,0,1,0,0,0
542,1,0,0,0,0,1,1,1,1,0
654,1,0,1,0,0,0,1,1,1,0
763,1,0,1,1,1,1,1,0,1,1
722,1,0,1,1,0,1,0,0,1,0
651,1,0,1,0,0,0,1,0,1,1
432,0,1,1,0,1,1,0,0,0,0
939,1,1,1,0,1,0,1,0,1,1
488,0,1,1,1,1,0,1,0,0,0
562,1,0,0,0,1,1,0,0,1,0
742,1,0,1,1,1,0,0,1,1,0
714,1,0,1,1,0,0,1,0,1,0
638,1,0,0,1,1,1,1,1,1,0
985,1,1,1,1,0,1,1,0,0,1
262,0,1,0,0,0,0,0,1,1,0
232,0,0,1,1,1,0,1,0,0,0
385,0,1,1,0,0,0,0,0,0,1
892,1,1,0,1,1,1,1,1,0,0
345,0,1,0,1,0,1,1,0,0,1
579,1,0,0,1,0,0,0,0,1,1
716,1,0,1,1,0,0,1,1,0,0
121,0,0,0,1,1,1,1,0,0,1
505,0,1,1,1,1,1,1,0,0,1
789,1,1,0,0,0,1,0,1,0,1
793,1,1,0,0,0,1,1,0,0,1
658,1,0,1,0,0,1,0,0,1,0
408,0,1,1,0,0,1,1,0,0,0
489,0,1,1,1,1,0,1,0,0,1
663,1,0,1,0,0,1,0,1,1,1
321,0,1,0,1,0,0,0,0,0,1
495,0,1,1,1,1,0,1,1,1,1
797,1,1,0,0,0,1,1,1,0,1
698,1,0,1,0,1,1,1,0,1,0
657,1,0,1,0,0,1,0,0,0,1
269,0,1,0,0,0,0,1,1,0,1
516,1,0,0,0,0,0,0,1,0,0
372,0,1,0,1,1,1,0,1,0,0
179,0,0,1,0,1,1,0,0,1,1
67,0,0,0,1,0,0,0,0,1,1
353,0,1,0,1,1,0,0,0,0,1
10,0,0,0,0,0,0,1,0,1,0
937,1,1,1,0,1,0,1,0,0,1
424,0,1,1,0,1,0,1,0,0,0
512,1,0,0,0,0,0,0,0,0,0
551,1,0,0,0,1,0,0,1,1,1
52,0,0,0,0,1,1,0,1,0,0
205,0,0,1,1,0,0,1,1,0,1
893,1,1,0,1,1,1,1,1,0,1
908,1,1,1,0,0,0,1,1,0,0
54,0,0,0,0,1,1,0,1,1,0
466,0,1,1,1,0,1,0,0,1,0
234,0,0,1,1,1,0,1,0,1,0
820,1,1,0,0,1,1,0,1,0,0
0,0,0,0,0,0,0,0,0,0,0
55,0,0,0,0,1,1,0,1,1,1
109,0,0,0,1,1,0,1,1,0,1
640,1,0,1,0,0,0,0,0,0,0
720,1,0,1,1,0,1,0,0,0,0
250,0,0,1,1,1,1,1,0,1,0
9,0,0,0,0,0,0,1,0,0,1
647,1,0,1,0,0,0,0,1,1,1
218,0,0,1,1,0,1,1,0,1,0
771,1,1,0,0,0,0,0,0,1,1
123,0,0,0,1,1,1,1,0,1,1
699,1,0,1,0,1,1,1,0,1,1
502,0,1,1,1,1,1,0,1,1,0
465,0,1,1,1,0,1,0,0,0,1
864,1,1,0,1,1,0,0,0,0,0
690,1,0,1,0,1,1,0,0,1,0
6,0,0,0,0,0,0,0,1,1,0
266,0,1,0,0,0,0,1,0,1,0
905,1,1,1,0,0,0,1,0,0,1
383,0,1,0,1,1,1,1,1,1,1
277,0,1,0,0,0,1,0,1,0,1
692,1,0,1,0,1,1,0,1,0,0
268,0,1,0,0,0,0,1,1,0,0
32,0,0,0,0,1,0,0,0,0,0
424,0,1,1,0,1,0,1,0,0,0
803,1,1,0,0,1,0,0,0,1,1
132,0,0,1,0,0,0,0,1,0,0
454,0,1,1,1,0,0,0,1,1,0
277,0,1,0,0,0,1,0,1,0,1
795,1,1,0,0,0,1,1,0,1,1
296,0,1,0,0,1,0,1,0,0,0
38,0,0,0,0,1,0,0,1,1,0
617,1,0,0,1,1,0,1,0,0,1
453,0,1,1,1,0,0,0,1,0,1
684,1,0,1,0,1,0,1,1,0,0
102,0,0,0,1,1,0,0,1,1,0
241,0,0,1,1,1,1,0,0,0,1
586,1,0,0,1,0,0,1,0,1,0
244,0,0,1,1,1,1,0,1,0,0
21,0,0,0,0,0,1,0,1,0,1
371,0,1,0,1,1,1,0,0,1,1
30,0,0,0,0,0,1,1,1,1,0
309,0,1,0,0,1,1,0,1,0,1
275,0,1,0,0,0,1,0,0,1,1
200,0,0,1,1,0,0,1,0,0,0
789,1,1,0,0,0,1,0,1,0,1
427,0,1,1,0,1,0,1,0,1,1
284,0,1,0,0,0,1,1,1,0,0
706,1,0,1,1,0,0,0,0,1,0
157,0,0,1,0,0,1,1,1,0,1
585,1,0,0,1,0,0,1,0,0,1
710,1,0,1,1,0,0,0,1,1,0
126,0,0,0,1,1,1,1,1,1,0
968,1,1,1,1,0,0,1,0,0,0
502,0,1,1,1,1,1,0,1,1,0
350,0,1,0,1,0,1,1,1,1,0
973,1,1,1,1,0,0,1,1,0,1
572,1,0,0,0,1,1,1,1,0,0
211,0,0,1,1,0,1,0,0,1,1
1011,1,1,1,1,1,1,0,0,1,1
33,0,0,0,0,1,0,0,0,0,1
500,0,1,1,1,1,1,0,1,0,0
883,1,1,0,1,1,1,0,0,1,1
758,1,0,1,1,1,1,0,1,1,0
861,1,1,0,1,0,1,1,1,0,1
15,0,0,0,0,0,0,1,1,1,1
429,0,1,1,0,1,0,1,1,0,1
933,1,1,1,0,1,0,0,1,0,1
61,0,0,0,0,1,1,1,1,0,1
773,1,1,0,0,0,0,0,1,0,1
9,0,0,0,0,0,0,1,0,0,1
192,0,0,1,1,0,0,0,0,0,0
978,1,1,1,1,0,1,0,0,1,0
1000,1,1,1,1,1,0,1,0,0,0
351,0,1,0,1,0,1,1,1,1,1
32,0,0,0,0,1,0,0,0,0,0
858,1,1,0,1,0,1,1,0,1,0
480,0,1,1,1,1,0,0,0,0,0
306,0,1,0,0,1,1,0,0,1,0
920,1,1,1,0,0,1,1,0,0,0
955,1,1,1,0,1,1,1,0,1,1
298,0,1,0,0,1,0,1,0,1,0
230,0,0,1,1,1,0,0,1,1,0
169,0,0,1,0,1,0,1,0,0,1
83,0,0,0,1,0,1,0,0,1,1
962,1,1,1,1,0,0,0,0,1,0
213,0,0,1,1,0,1,0,1,0,1
240,0,0,1,1,1,1,0,0,0,0
47,0,0,0,0,1,0,1,1,1,1
294,0,1,0,0,1,0,0,1,1,0
122,0,0,0,1,1,1,1,0,1,0
272,0,1,0,0,0,1,0,0,0,0
793,1,1,0,0,0,1,1,0,0,1
270,0,1,0,0,0,0,1,1,1,0
425,0,1,1,0,1,0,1,0,0,1
596,1,0,0,1,0,1,0,1,0,0
27,0,0,0,0,0,1,1,0,1,1
372,0,1,0,1,1,1,0,1,0,0
603,1,0,0,1,0,1,1,0,1,1
62,0,0,0,0,1,1,1,1,1,0
967,1,1,1,1,0,0,0,1,1,1
332,0,1,0,1,0,0,1,1,0,0
95,0,0,0,1,0,1,1,1,1,1
337,0,1,0,1,0,1,0,0,0,1
445,0,1,1,0,1,1,1,1,0,1
318,0,1,0,0,1,1,1,1,1,0
233,0,0,1,1,1,0,1,0,0,1
90,0,0,0,1,0,1,1,0,1,0
1016,1,1,1,1,1,1,1,0,0,0
767,1,0,1,1,1,1,1,1,1,1
298,0,1,0,0,1,0,1,0,1,0
706,1,0,1,1,0,0,0,0,1,0
450,0,1,1,1,0,0,0,0,1,0
457,0,1,1,1,0,0,1,0,0,1
786,1,1,0,0,0,1,0,0,1,0
503,0,1,1,1,1,1,0,1,1,1
137,0,0,1,0,0,0,1,0,0,1
758,1,0,1,1,1,1,0,1,1,0
688,1,0,1,0,1,1,0,0,0,0
335,0,1,0,1,0,0,1,1,1,1
287,0,1,0,0,0,1,1,1,1,1
670,1,0,1,0,0,1,1,1,1,0
812,1,1,0,0,1,0,1,1,0,0
922,1,1,1,0,0,1,1,0,1,0
751,1,0,1,1,1,0,1,1,1,1
818,1,1,0,0,1,1,0,0,1,0
888,1,1,0,1,1,1,1,0,0,0
574,1,0,0,0,1,1,1,1,1,0
158,0,0,1,0,0,1,1,1,1,0
899,1,1,1,0,0,0,0,0,1,1
670,1,0,1,0,0,1,1,1,1,0
171,0,0,1,0,1,0,1,0,1,1
336,0,1,0,1,0,1,0,0,0,0
802,1,1,0,0,1,0,0,0,1,0
905,1,1,1,0,0,0,1,0,0,1
788,1,1,0,0,0,1,0,1,0,0
101,0,0,0,1,1,0,0,1,0,1
216,0,0,1,1,0,1,1,0,0,0
306,0,1,0,0,1,1,0,0,1,0
916,1,1,1,0,0,1,0,1,0,0
552,1,0,0,0,1,0,1,0,0,0
905,1,1,1,0,0,0,1,0,0,1
260,0,1,0,0,0,0,0,1,0,0
957,1,1,1,0,1,1,1,1,0,1
594,1,0,0,1,0,1,0,0,1,0
404,0,1,1,0,0,1,0,1,0,0
777,1,1,0,0,0,0,1,0,0,1
877,1,1,0,1,1,0,1,1,0,1
478,0,1,1,1,0,1,1,1,1,0
964,1,1,1,1,0,0,0,1,0,0
443,0,1,1,0,1,1,1,0,1,1
412,0,1,1,0,0,1,1,1,0,0
977,1,1,1,1,0,1,0,0,0,1
212,0,0,1,1,0,1,0,1,0,0
916,1,1,1,0,0,1,0,1,0,0
782,1,1,0,0,0,0,1,1,1,0
119,0,0,0,1,1,1,0,1,1,1
637,1,0,0,1,1,1,1,1,0,1
774,1,1,0,0,0,0,0,1,1,0
139,0,0,1,0,0,0,1,0,1,1
955,1,1,1,0,1,1,1,0,1,1
766,1,0,1,1,1,1,1,1,1,0
167,0,0,1,0,1,0,0,1,1,1
841,1,1,0,1,0,0,1,0,0,1
571,1,0,0,0,1,1,1,0,1,1
127,0,0,0,1,1,1,1,1,1,1
390,0,1,1,0,0,0,0,1,1,0
298,0,1,0,0,1,0,1,0,1,0
775,1,1,0,0,0,0,0,1,1,1
741,1,0,1,1,1,0,0,1,0,1
87,0,0,0,1,0,1,0,1,1,1
941,1,1,1,0,1,0,1,1,0,1
295,0,1,0,0,1,0,0,1,1,1
111,0,0,0,1,1,0,1,1,1,1
608,1,0,0,1,1,0,0,0,0,0
537,1,0,0,0,0,1,1,0,0,1
206,0,0,1,1,0,0,1,1,1,0
171,0,0,1,0,1,0,1,0,1,1
844,1,1,0,1,0,0,1,1,0,0
18,0,0,0,0,0,1,0,0,1,0
310,0,1,0,0,1,1,0,1,1,0
818,1,1,0,0,1,1,0,0,1,0
404,0,1,1,0,0,1,0,1,0,0
411,0,1,1,0,0,1,1,0,1,1
210,0,0,1,1,0,1,0,0,1,0
34,0,0,0,0,1,0,0,0,1,0
110,0,0,0,1,1,0,1,1,1,0
31,0,0,0,0,0,1,1,1,1,1
131,0,0,1,0,0,0,0,0,1,1
535,1,0,0,0,0,1,0,1,1,1
583,1,0,0,1,0,0,0,1,1,1
980,1,1,1,1,0,1,0,1,0,0
255,0,0,1,1,1,1,1,1,1,1
899,1,1,1,0,0,0,0,0,1,1
354,0,1,0,1,1,0,0,0,1,0
962,1,1,1,1,0,0,0,0,1,0
122,0,0,0,1,1,1,1,0,1,0
108,0,0,0,1,1,0,1,1,0,0
647,1,0,1,0,0,0,0,1,1,1
637,1,0,0,1,1,1,1,1,0,1
630,1,0,0,1,1,1,0,1,1,0
69,0,0,0,1,0,0,0,1,0,1
466,0,1,1,1,0,1,0,0,1,0
676,1,0,1,0,1,0,0,1,0,0
1000,1,1,1,1,1,0,1,0,0,0
253,0,0,1,1,1,1,1,1,0,1
967,1,1,1,1,0,0,0,1,1,1
197,0,0,1,1,0,0,0,1,0,1
783,1,1,0,0,0,0,1,1,1,1
346,0,1,0,1,0,1,1,0,1,0
528,1,0,0,0,0,1,0,0,0,0
707,1,0,1,1,0,0,0,0,1,1
192,0,0,1,1,0,0,0,0,0,0
968,1,1,1,1,0,0,1,0,0,0
1018,1,1,1,1,1,1,1,0,1,0
296,0,1,0,0,1,0,1,0,0,0
450,0,1,1,1,0,0,0,0,1,0
635,1,0,0,1,1,1,1,0,1,1
54,0,0,0,0,1,1,0,1,1,0
872,1,1,0,1,1,0,1,0,0,0
81,0,0,0,1,0,1,0,0,0,1
658,1,0,1,0,0,1,0,0,1,0
411,0,1,1,0,0,1,1,0,1,1
526,1,0,0,0,0,0,1,1,1,0
484,0,1,1,1,1,0,0,1,0,0
215,0,0,1,1,0,1,0,1,1,1
983,1,1,1,1,0,1,0,1,1,1
17,0,0,0,0,0,1,0,0,0,1
863,1,1,0,1,0,1,1,1,1,1
191,0,0,1,0,1,1,1,1,1,1
595,1,0,0,1,0,1,0,0,1,1
325,0,1,0,1,0,0,0,1,0,1
985,1,1,1,1,0,1,1,0,0,1
867,1,1,0,1,1,0,0,0,1,1
579,1,0,0,1,0,0,0,0,1,1
22,0,0,0,0,0,1,0,1,1,0
571,1,0,0,0,1,1,1,0,1,1
697,1,0,1,0,1,1,1,0,0,1
619,1,0,0,1,1,0,1,0,1,1
894,1,1,0,1,1,1,1,1,1,0
541,1,0,0,0,0,1,1,1,0,1
132,0,0,1,0,0,0,0,1,0,0
444,0,1,1,0,1,1,1,1,0,0
1017,1,1,1,1,1,1,1,0,0,1
586,1,0,0,1,0,0,1,0,1,0
585,1,0,0,1,0,0,1,0,0,1
1017,1,1,1,1,1,1,1,0,0,1
290,0,1,0,0,1,0,0,0,1,0
270,0,1,0,0,0,0,1,1,1,0
624,1,0,0,1,1,1,0,0,0,0
820,1,1,0,0,1,1,0,1,0,0
193,0,0,1,1,0,0,0,0,0,1
270,0,1,0,0,0,0,1,1,1,0
589,1,0,0,1,0,0,1,1,0,1
807,1,1,0,0,1,0,0,1,1,1
62,0,0,0,0,1,1,1,1,1,0
587,1,0,0,1,0,0,1,0,1,1
191,0,0,1,0,1,1,1,1,1,1
282,0,1,0,0,0,1,1,0,1,0
908,1,1,1,0,0,0,1,1,0,0
367,0,1,0,1,1,0,1,1,1,1
340,0,1,0,1,0,1,0,1,0,0
423,0,1,1,0,1,0,0,1,1,1
907,1,1,1,0,0,0,1,0,1,1
603,1,0,0,1,0,1,1,0,1,1
824,1,1,0,0,1,1,1,0,0,0
150,0,0,1,0,0,1,0,1,1,0
110,0,0,0,1,1,0,1,1,1,0
959,1,1,1,0,1,1,1,1,1,1
516,1,0,0,0,0,0,0,1,0,0
245,0,0,1,1,1,1,0,1,0,1
254,0,0,1,1,1,1,1,1,1,0
599,1,0,0,1,0,1,0,1,1,1
874,1,1,0,1,1,0,1,0,1,0
774,1,1,0,0,0,0,0,1,1,0
212,0,0,1,1,0,1,0,1,0,0
800,1,1,0,0,1,0,0,0,0,0
406,0,1,1,0,0,1,0,1,1,0
197,0,0,1,1,0,0,0,1,0,1
253,0,0,1,1,1,1,1,1,0,1
98,0,0,0,1,1,0,0,0,1,0
720,1,0,1,1,0,1,0,0,0,0
329,0,1,0,1,0,0,1,0,0,1
512,1,0,0,0,0,0,0,0,0,0
879,1,1,0,1,1,0,1,1,1,1
629,1,0,0,1,1,1,0,1,0,1
564,1,0,0,0,1,1,0,1,0,0
1017,1,1,1,1,1,1,1,0,0,1
36,0,0,0,0,1,0,0,1,0,0
743,1,0,1,1,1,0,0,1,1,1
146,0,0,1,0,0,1,0,0,1,0
130,0,0,1,0,0,0,0,0,1,0
724,1,0,1,1,0,1,0,1,0,0
139,0,0,1,0,0,0,1,0,1,1
327,0,1,0,1,0,0,0,1,1,1
632,1,0,0,1,1,1,1,0,0,0
968,1,1,1,1,0,0,1,0,0,0
265,0,1,0,0,0,0,1,0,0,1
996,1,1,1,1,1,0,0,1,0,0
72,0,0,0,1,0,0,1,0,0,0
88,0,0,0,1,0,1,1,0,0,0
934,1,1,1,0,1,0,0,1,1,0
871,1,1,0,1,1,0,0,1,1,1
271,0,1,0,0,0,0,1,1,1,1
634,1,0,0,1,1,1,1,0,1,0
321,0,1,0,1,0,0,0,0,0,1
429,0,1,1,0,1,0,1,1,0,1
875,1,1,0,1,1,0,1,0,1,1
667,1,0,1,0,0,1,1,0,1,1
832,1,1,0,1,0,0,0,0,0,0
445,0,1,1,0,1,1,1,1,0,1
398,0,1,1,0,0,0,1,1,1,0
36,0,0,0,0,1,0,0,1,0,0
173,0,0,1,0,1,0,1,1,0,1
883,1,1,0,1,1,1,0,0,1,1
357,0,1,0,1,1,0,0,1,0,1
734,1,0,1,1,0,1,1,1,1,0
966,1,1,1,1,0,0,0,1,1,0
383,0,1,0,1,1,1,1,1,1,1
530,1,0,0,0,0,1,0,0,1,0
67,0,0,0,1,0,0,0,0,1,1
488,0,1,1,1,1,0,1,0,0,0
7,0,0,0,0,0,0,0,1,1,1
25,0,0,0,0,0,1,1,0,0,1
781,1,1,0,0,0,0,1,1,0,1
372,0,1,0,1,1,1,0,1,0,0
532,1,0,0,0,0,1,0,1,0,0
6,0,0,0,0,0,0,0,1,1,0
228,0,0,1,1,1,0,0,1,0,0
724,1,0,1,1,0,1,0,1,0,0
198,0,0,1,1,0,0,0,1,1,0
651,1,0,1,0,0,0,1,0,1,1
127,0,0,0,1,1,1,1,1,1,1
94,0,0,0,1,0,1,1,1,1,0
689,1,0,1,0,1,1,0,0,0,1
795,1,1,0,0,0,1,1,0,1,1
551,1,0,0,0,1,0,0,1,1,1
764,1,0,1,1,1,1,1,1,0,0
239,0,0,1,1,1,0,1,1,1,1
479,0,1,1,1,0,1,1,1,1,1
816,1,1,0,0,1,1,0,0,0,0
992,1,1,1,1,1,0,0,0,0,0
637,1,0,0,1,1,1,1,1,0,1
623,1,0,0,1,1,0,1,1,1,1
610,1,0,0,1,1,0,0,0,1,0
993,1,1,1,1,1,0,0,0,0,1
13,0,0,0,0,0,0,1,1,0,1
987,1,1,1,1,0,1,1,0,1,1
363,0,1,0,1,1,0,1,0,1,1
866,1,1,0,1,1,0,0,0,1,0
113,0,0,0,1,1,1,0,0,0,1
248,0,0,1,1,1,1,1,0,0,0
960,1,1,1,1,0,0,0,0,0,0
153,0,0,1,0,0,1,1,0,0,1
853,1,1,0,1,0,1,0,1,0,1
574,1,0,0,0,1,1,1,1,1,0
416,0,1,1,0,1,0,0,0,0,0
684,1,0,1,0,1,0,1,1,0,0
293,0,1,0,0,1,0,0,1,0,1
428,0,1,1,0,1,0,1,1,0,0
362,0,1,0,1,1,0,1,0,1,0
892,1,1,0,1,1,1,1,1,0,0
599,1,0,0,1,0,1,0,1,1,1
603,1,0,0,1,0,1,1,0,1,1
400,0,1,1,0,0,1,0,0,0,0
199,0,0,1,1,0,0,0,1,1,1
522,1,0,0,0,0,0,1,0,1,0
440,0,1,1,0,1,1,1,0,0,0
806,1,1,0,0,1,0,0,1,1,0
877,1,1,0,1,1,0,1,1,0,1
146,0,0,1,0,0,1,0,0,1,0
394,0,1,1,0,0,0,1,0,1,0
359,0,1,0,1,1,0,0,1,1,1
56,0,0,0,0,1,1,1,0,0,0
967,1,1,1,1,0,0,0,1,1,1
607,1,0,0,1,0,1,1,1,1,1
13,0,0,0,0,0,0,1,1,0,1
785,1,1,0,0,0,1,0,0,0,1
72,0,0,0,1,0,0,1,0,0,0
450,0,1,1,1,0,0,0,0,1,0
578,1,0,0,1,0,0,0,0,1,0
818,1,1,0,0,1,1,0,0,1,0
351,0,1,0,1,0,1,1,1,1,1
250,0,0,1,1,1,1,1,0,1,0
869,1,1,0,1,1,0,0,1,0,1
334,0,1,0,1,0,0,1,1,1,0
818,1,1,0,0,1,1,0,0,1,0
464,0,1,1,1,0,1,0,0,0,0
671,1,0,1,0,0,1,1,1,1,1
659,1,0,1,0,0,1,0,0,1,1
441,0,1,1,0,1,1,1,0,0,1
822,1,1,0,0,1,1,0,1,1,0
839,1,1,0,1,0,0,0,1,1,1
550,1,0,0,0,1,0,0,1,1,0
896,1,1,1,0,0,0,0,0,0,0
433,0,1,1,0,1,1,0,0,0,1
589,1,0,0,1,0,0,1,1,0,1
514,1,0,0,0,0,0,0,0,1,0
516,1,0,0,0,0,0,0,1,0,0
386,0,1,1,0,0,0,0,0,1,0
848,1,1,0,1,0,1,0,0,0,0
914,1,1,1,0,0,1,0,0,1,0
637,1,0,0,1,1,1,1,1,0,1
217,0,0,1,1,0,1,1,0,0,1
0,0,0,0,0,0,0,0,0,0,0
898,1,1,1,0,0,0,0,0,1,0
935,1,1,1,0,1,0,0,1,1,1
142,0,0,1,0,0,0,1,1,1,0
539,1,0,0,0,0,1,1,0,1,1
1022,1,1,1,1,1,1,1,1,1,0
485,0,1,1,1,1,0,0,1,0,1
276,0,1,0,0,0,1,0,1,0,0
955,1,1,1,0,1,1,1,0,1,1
376,0,1,0,1,1,1,1,0,0,0
116,0,0,0,1,1,1,0,1,0,0
786,1,1,0,0,0,1,0,0,1,0
678,1,0,1,0,1,0,0,1,1,0
10,0,0,0,0,0,0,1,0,1,0
323,0,1,0,1,0,0,0,0,1,1
687,1,0,1,0,1,0,1,1,1,1
483,0,1,1,1,1,0,0,0,1,1
27,0,0,0,0,0,1,1,0,1,1
61,0,0,0,0,1,1,1,1,0,1
395,0,1,1,0,0,0,1,0,1,1
312,0,1,0,0,1,1,1,0,0,0
669,1,0,1,0,0,1,1,1,0,1
923,1,1,1,0,0,1,1,0,1,1
569,1,0,0,0,1,1,1,0,0,1
962,1,1,1,1,0,0,0,0,1,0
348,0,1,0,1,0,1,1,1,0,0
766,1,0,1,1,1,1,1,1,1,0
21,0,0,0,0,0,1,0,1,0,1
27,0,0,0,0,0,1,1,0,1,1
801,1,1,0,0,1,0,0,0,0,1
890,1,1,0,1,1,1,1,0,1,0
318,0,1,0,0,1,1,1,1,1,0
588,1,0,0,1,0,0,1,1,0,0
123,0,0,0,1,1,1,1,0,1,1
100,0,0,0,1,1,0,0,1,0,0
457,0,1,1,1,0,0,1,0,0,1
47,0,0,0,0,1,0,1,1,1,1
246,0,0,1,1,1,1,0,1,1,0
551,1,0,0,0,1,0,0,1,1,1
670,1,0,1,0,0,1,1,1,1,0
625,1,0,0,1,1,1,0,0,0,1
1008,1,1,1,1,1,1,0,0,0,0
931,1,1,1,0,1,0,0,0,1,1
170,0,0,1,0,1,0,1,0,1,0
641,1,0,1,0,0,0,0,0,0,1
658,1,0,1,0,0,1,0,0,1,0
384,0,1,1,0,0,0,0,0,0,0
587,1,0,0,1,0,0,1,0,1,1
1004,1,1,1,1,1,0,1,1,0,0
968,1,1,1,1,0,0,1,0,0,0
300,0,1,0,0,1,0,1,1,0,0
729,1,0,1,1,0,1,1,0,0,1
321,0,1,0,1,0,0,0,0,0,1
697,1,0,1,0,1,1,1,0,0,1
917,1,1,1,0,0,1,0,1,0,1
344,0,1,0,1,0,1,1,0,0,0
942,1,1,1,0,1,0,1,1,1,0
858,1,1,0,1,0,1,1,0,1,0
496,0,1,1,1,1,1,0,0,0,0
317,0,1,0,0,1,1,1,1,0,1
406,0,1,1,0,0,1,0,1,1,0
144,0,0,1,0,0,1,0,0,0,0
725,1,0,1,1,0,1,0,1,0,1
1002,1,1,1,1,1,0,1,0,1,0
1020,1,1,1,1,1,1,1,1,0,0
677,1,0,1,0,1,0,0,1,0,1
641,1,0,1,0,0,0,0,0,0,1
113,0,0,0,1,1,1,0,0,0,1
814,1,1,0,0,1,0,1,1,1,0
801,1,1,0,0,1,0,0,0,0,1
295,0,1,0,0,1,0,0,1,1,1
95,0,0,0,1,0,1,1,1,1,1
482,0,1,1,1,1,0,0,0,1,0
496,0,1,1,1,1,1,0,0,0,0
262,0,1,0,0,0,0,0,1,1,0
625,1,0,0,1,1,1,0,0,0,1
728,1,0,1,1,0,1,1,0,0,0
649,1,0,1,0,0,0,1,0,0,1
560,1,0,0,0,1,1,0,0,0,0
916,1,1,1,0,0,1,0,1,0,0
293,0,1,0,0,1,0,0,1,0,1
168,0,0,1,0,1,0,1,0,0,0
177,0,0,1,0,1,1,0,0,0,1
11,0,0,0,0,0,0,1,0,1,1
135,0,0,1,0,0,0,0,1,1,1
449,0,1,1,1,0,0,0,0,0,1
611,1,0,0,1,1,0,0,0,1,1
225,0,0,1,1,1,0,0,0,0,1
512,1,0,0,0,0,0,0,0,0,0
495,0,1,1,1,1,0,1,1,1,1
724,1,0,1,1,0,1,0,1,0,0
384,0,1,1,0,0,0,0,0,0,0
85,0,0,0,1,0,1,0,1,0,1
70,0,0,0,1,0,0,0,1,1,0
397,0,1,1,0,0,0,1,1,0,1
567,1,0,0,0,1,1,0,1,1,1
681,1,0,1,0,1,0,1,0,0,1
647,1,0,1,0,0,0,0,1,1,1
887,1,1,0,1,1,1,0,1,1,1
886,1,1,0,1,1,1,0,1,1,0
644,1,0,1,0,0,0,0,1,0,0
813,1,1,0,0,1,0,1,1,0,1
731,1,0,1,1,0,1,1,0,1,1
852,1,1,0,1,0,1,0,1,0,0
771,1,1,0,0,0,0,0,0,1,1
154,0,0,1,0,0,1,1,0,1,0
541,1,0,0,0,0,1,1,1,0,1
207,0,0,1,1,0,0,1,1,1,1
558,1,0,0,0,1,0,1,1,1,0
100,0,0,0,1,1,0,0,1,0,0
551,1,0,0,0,1,0,0,1,1,1
988,1,1,1,1,0,1,1,1,0,0
933,1,1,1,0,1,0,0,1,0,1
73,0,0,0,1,0,0,1,0,0,1
773,1,1,0,0,0,0,0,1,0,1
154,0,0,1,0,0,1,1,0,1,0
733,1,0,1,1,0,1,1,1,0,1
810,1,1,0,0,1,0,1,0,1,0
887,1,1,0,1,1,1,0,1,1,1
324,0,1,0,1,0,0,0,1,0,0
4,0,0,0,0,0,0,0,1,0,0
28,0,0,0,0,0,1,1,1,0,0
829,1,1,0,0,1,1,1,1,0,1
740,1,0,1,1,1,0,0,1,0,0
679,1,0,1,0,1,0,0,1,1,1
597,1,0,0,1,0,1,0,1,0,1
158,0,0,1,0,0,1,1,1,1,0
900,1,1,1,0,0,0,0,1,0,0
838,1,1,0,1,0,0,0,1,1,0
379,0,1,0,1,1,1,1,0,1,1
521,1,0,0,0,0,0,1,0,0,1
146,0,0,1,0,0,1,0,0,1,0
41,0,0,0,0,1,0,1,0,0,1
800,1,1,0,0,1,0,0,0,0,0
644,1,0,1,0,0,0,0,1,0,0
556,1,0,0,0,1,0,1,1,0,0
136,0,0,1,0,0,0,1,0,0,0
49,0,0,0,0,1,1,0,0,0,1
207,0,0,1,1,0,0,1,1,1,1
156,0,0,1,0,0,1,1,1,0,0
339,0,1,0,1,0,1,0,0,1,1
154,0,0,1,0,0,1,1,0,1,0
262,0,1,0,0,0,0,0,1,1,0
368,0,1,0,1,1,1,0,0,0,0
552,1,0,0,0,1,0,1,0,0,0
165,0,0,1,0,1,0,0,1,0,1
524,1,0,0,0,0,0,1,1,0,0
922,1,1,1,0,0,1,1,0,1,0
757,1,0,1,1,1,1,0,1,0,1
733,1,0,1,1,0,1,1,1,0,1
55,0,0,0,0,1,1,0,1,1,1
938,1,1,1,0,1,0,1,0,1,0
445,0,1,1,0,1,1,1,1,0,1
954,1,1,1,0,1,1,1,0,1,0
830,1,1,0,0,1,1,1,1,1,0
612,1,0,0,1,1,0,0,1,0,0
411,0,1,1,0,0,1,1,0,1,1
926,1,1,1,0,0,1,1,1,1,0
499,0,1,1,1,1,1,0,0,1,1
90,0,0,0,1,0,1,1,0,1,0
528,1,0,0,0,0,1,0,0,0,0
744,1,0,1,1,1,0,1,0,0,0
752,1,0,1,1,1,1,0,0,0,0
471,0,1,1,1,0,1,0,1,1,1
39,0,0,0,0,1,0,0,1,1,1
419,0,1,1,0,1,0,0,0,1,1
672,1,0,1,0,1,0,0,0,0,0
6,0,0,0,0,0,0,0,1,1,0
683,1,0,1,0,1,0,1,0,1,1
715,1,0,1,1,0,0,1,0,1,1
413,0,1,1,0,0,1,1,1,0,1
869,1,1,0,1,1,0,0,1,0,1
763,1,0,1,1,1,1,1,0,1,1
3,0,0,0,0,0,0,0,0,1,1
498,0,1,1,1,1,1,0,0,1,0
954,1,1,1,0,1,1,1,0,1,0
959,1,1,1,0,1,1,1,1,1,1
341,0,1,0,1,0,1,0,1,0,1
453,0,1,1,1,0,0,0,1,0,1
1011,1,1,1,1,1,1,0,0,1,1
358,0,1,0,1,1,0,0,1,1,0
161,0,0,1,0,1,0,0,0,0,1
740,1,0,1,1,1,0,0,1,0,0
223,0,0,1,1,0,1,1,1,1,1
397,0,1,1,0,0,0,1,1,0,1
162,0,0,1,0,1,0,0,0,1,0
248,0,0,1,1,1,1,1,0,0,0
373,0,1,0,1,1,1,0,1,0,1
206,0,0,1,1,0,0,1,1,1,0
737,1,0,1,1,1,0,0,0,0,1
816,1,1,0,0,1,1,0,0,0,0
750,1,0,1,1,1,0,1,1,1,0
920,1,1,1,0,0,1,1,0,0,0
533,1,0,0,0,0,1,0,1,0,1
958,1,1,1,0,1,1,1,1,1,0
995,1,1,1,1,1,0,0,0,1,1
368,0,1,0,1,1,1,0,0,0,0
132,0,0,1,0,0,0,0,1,0,0
227,0,0,1,1,1,0,0,0,1,1
94,0,0,0,1,0,1,1,1,1,0
699,1,0,1,0,1,1,1,0,1,1
782,1,1,0,0,0,0,1,1,1,0
571,1,0,0,0,1,1,1,0,1,1
406,0,1,1,0,0,1,0,1,1,0
66,0,0,0,1,0,0,0,0,1,0
378,0,1,0,1,1,1,1,0,1,0
810,1,1,0,0,1,0,1,0,1,0
458,0,1,1,1,0,0,1,0,1,0
132,0,0,1,0,0,0,0,1,0,0
132,0,0,1,0,0,0,0,1,0,0
640,1,0,1,0,0,0,0,0,0,0
22,0,0,0,0,0,1,0,1,1,0
631,1,0,0,1,1,1,0,1,1,1
254,0,0,1,1,1,1,1,1,1,0
854,1,1,0,1,0,1,0,1,1,0
250,0,0,1,1,1,1,1,0,1,0
427,0,1,1,0,1,0,1,0,1,1
689,1,0,1,0,1,1,0,0,0,1
1013,1,1,1,1,1,1,0,1,0,1
67,0,0,0,1,0,0,0,0,1,1
848,1,1,0,1,0,1,0,0,0,0
824,1,1,0,0,1,1,1,0,0,0
342,0,1,0,1,0,1,0,1,1,0
902,1,1,1,0,0,0,0,1,1,0
593,1,0,0,1,0,1,0,0,0,1
319,0,1,0,0,1,1,1,1,1,1
273,0,1,0,0,0,1,0,0,0,1
359,0,1,0,1,1,0,0,1,1,1
31,0,0,0,0,0,1,1,1,1,1
646,1,0,1,0,0,0,0,1,1,0
473,0,1,1,1,0,1,1,0,0,1
31,0,0,0,0,0,1,1,1,1,1
444,0,1,1,0,1,1,1,1,0,0
254,0,0,1,1,1,1,1,1,1,0
15,0,0,0,0,0,0,1,1,1,1
60,0,0,0,0,1,1,1,1,0,0
1010,1,1,1,1,1,1,0,0,1,0
128,0,0,1,0,0,0,0,0,0,0
555,1,0,0,0,1,0,1,0,1,1
650,1,0,1,0,0,0,1,0,1,0
9,0,0,0,0,0,0,1,0,0,1
852,1,1,0,1,0,1,0,1,0,0
500,0,1,1,1,1,1,0,1,0,0
253,0,0,1,1,1,1,1,1,0,1
52,0,0,0,0,1,1,0,1,0,0
174,0,0,1,0,1,0,1,1,1,0
440,0,1,1,0,1,1,1,0,0,0
126,0,0,0,1,1,1,1,1,1,0
824,1,1,0,0,1,1,1,0,0,0
462,0,1,1,1,0,0,1,1,1,0
709,1,0,1,1,0,0,0,1,0,1
302,0,1,0,0,1,0,1,1,1,0
607,1,0,0,1,0,1,1,1,1,1
522,1,0,0,0,0,0,1,0,1,0
277,0,1,0,0,0,1,0,1,0,1
394,0,1,1,0,0,0,1,0,1,0
286,0,1,0,0,0,1,1,1,1,0
173,0,0,1,0,1,0,1,1,0,1
732,1,0,1,1,0,1,1,1,0,0
134,0,0,1,0,0,0,0,1,1,0
638,1,0,0,1,1,1,1,1,1,0
524,1,0,0,0,0,0,1,1,0,0
736,1,0,1,1,1,0,0,0,0,0
92,0,0,0,1,0,1,1,1,0,0
302,0,1,0,0,1,0,1,1,1,0
840,1,1,0,1,0,0,1,0,0,0
269,0,1,0,0,0,0,1,1,0,1
318,0,1,0,0,1,1,1,1,1,0
103,0,0,0,1,1,0,0,1,1,1
776,1,1,0,0,0,0,1,0,0,0
158,0,0,1,0,0,1,1,1,1,0
690,1,0,1,0,1,1,0,0,1,0
87,0,0,0,1,0,1,0,1,1,1
584,1,0,0,1,0,0,1,0,0,0
444,0,1,1,0,1,1,1,1,0,0
279,0,1,0,0,0,1,0,1,1,1
880,1,1,0,1,1,1,0,0,0,0
836,1,1,0,1,0,0,0,1,0,0
1015,1,1,1,1,1,1,0,1,1,1
271,0,1,0,0,0,0,1,1,1,1
831,1,1,0,0,1,1,1,1,1,1
224,0,0,1,1,1,0,0,0,0,0
839,1,1,0,1,0,0,0,1,1,1
796,1,1,0,0,0,1,1,1,0,0
389,0,1,1,0,0,0,0,1,0,1
978,1,1,1,1,0,1,0,0,1,0
79,0,0,0,1,0,0,1,1,1,1
677,1,0,1,0,1,0,0,1,0,1
319,0,1,0,0,1,1,1,1,1,1
973,1,1,1,1,0,0,1,1,0,1
20,0,0,0,0,0,1,0,1,0,0
305,0,1,0,0,1,1,0,0,0,1
357,0,1,0,1,1,0,0,1,0,1
674,1,0,1,0,1,0,0,0,1,0
857,1,1,0,1,0,1,1,0,0,1
166,0,0,1,0,1,0,0,1,1,0
267,0,1,0,0,0,0,1,0,1,1
312,0,1,0,0,1,1,1,0,0,0
999,1,1,1,1,1,0,0,1,1,1
741,1,0,1,1,1,0,0,1,0,1
870,1,1,0,1,1,0,0,1,1,0
203,0,0,1,1,0,0,1,0,1,1
647,1,0,1,0,0,0,0,1,1,1
484,0,1,1,1,1,0,0,1,0,0
389,0,1,1,0,0,0,0,1,0,1
358,0,1,0,1,1,0,0,1,1,0
113,0,0,0,1,1,1,0,0,0,1
368,0,1,0,1,1,1,0,0,0,0
779,1,1,0,0,0,0,1,0,1,1
533,1,0,0,0,0,1,0,1,0,1
873,1,1,0,1,1,0,1,0,0,1
662,1,0,1,0,0,1,0,1,1,0
1012,1,1,1,1,1,1,0,1,0,0
804,1,1,0,0,1,0,0,1,0,0
961,1,1,1,1,0,0,0,0,0,1
154,0,0,1,0,0,1,1,0,1,0
359,0,1,0,1,1,0,0,1,1,1
690,1,0,1,0,1,1,0,0,1,0
94,0,0,0,1,0,1,1,1,1,0
791,1,1,0,0,0,1,0,1,1,1
416,0,1,1,0,1,0,0,0,0,0
378,0,1,0,1,1,1,1,0,1,0
579,1,0,0,1,0,0,0,0,1,1
871,1,1,0,1,1,0,0,1,1,1
292,0,1,0,0,1,0,0,1,0,0
287,0,1,0,0,0,1,1,1,1,1
824,1,1,0,0,1,1,1,0,0,0
284,0,1,0,0,0,1,1,1,0,0
401,0,1,1,0,0,1,0,0,0,1
1020,1,1,1,1,1,1,1,1,0,0
136,0,0,1,0,0,0,1,0,0,0
730,1,0,1,1,0,1,1,0,1,0
139,0,0,1,0,0,0,1,0,1,1
329,0,1,0,1,0,0,1,0,0,1
966,1,1,1,1,0,0,0,1,1,0
638,1,0,0,1,1,1,1,1,1,0
559,1,0,0,0,1,0,1,1,1,1
696,1,0,1,0,1,1,1,0,0,0
391,0,1,1,0,0,0,0,1,1,1
138,0,0,1,0,0,0,1,0,1,0
486,0,1,1,1,1,0,0,1,1,0
214,0,0,1,1,0,1,0,1,1,0
331,0,1,0,1,0,0,1,0,1,1
886,1,1,0,1,1,1,0,1,1,0
867,1,1,0,1,1,0,0,0,1,1
324,0,1,0,1,0,0,0,1,0,0
640,1,0,1,0,0,0,0,0,0,0
764,1,0,1,1,1,1,1,1,0,0
112,0,0,0,1,1,1,0,0,0,0
839,1,1,0,1,0,0,0,1,1,1
75,0,0,0,1,0,0,1,0,1,1
63,0,0,0,0,1,1,1,1,1,1
516,1,0,0,0,0,0,0,1,0,0
849,1,1,0,1,0,1,0,0,0,1
717,1,0,1,1,0,0,1,1,0,1
872,1,1,0,1,1,0,1,0,0,0
82,0,0,0,1,0,1,0,0,1,0
68,0,0,0,1,0,0,0,1,0,0
761,1,0,1,1,1,1,1,0,0,1
203,0,0,1,1,0,0,1,0,1,1
760,1,0,1,1,1,1,1,0,0,0
657,1,0,1,0,0,1,0,0,0,1
460,0,1,1,1,0,0,1,1,0,0
176,0,0,1,0,1,1,0,0,0,0
109,0,0,0,1,1,0,1,1,0,1
140,0,0,1,0,0,0,1,1,0,0
862,1,1,0,1,0,1,1,1,1,0
309,0,1,0,0,1,1,0,1,0,1
423,0,1,1,0,1,0,0,1,1,1
598,1,0,0,1,0,1,0,1,1,0
647,1,0,1,0,0,0,0,1,1,1
493,0,1,1,1,1,0,1,1,0,1
319,0,1,0,0,1,1,1,1,1,1
35,0,0,0,0,1,0,0,0,1,1
654,1,0,1,0,0,0,1,1,1,0
902,1,1,1,0,0,0,0,1,1,0
751,1,0,1,1,1,0,1,1,1,1
114,0,0,0,1,1,1,0,0,1,0
323,0,1,0,1,0,0,0,0,1,1
338,0,1,0,1,0,1,0,0,1,0
102,0,0,0,1,1,0,0,1,1,0
374,0,1,0,1,1,1,0,1,1,0
1009,1,1,1,1,1,1,0,0,0,1
804,1,1,0,0,1,0,0,1,0,0
195,0,0,1,1,0,0,0,0,1,1
37,0,0,0,0,1,0,0,1,0,1
668,1,0,1,0,0,1,1,1,0,0
112,0,0,0,1,1,1,0,0,0,0
338,0,1,0,1,0,1,0,0,1,0
223,0,0,1,1,0,1,1,1,1,1
112,0,0,0,1,1,1,0,0,0,0
56,0,0,0,0,1,1,1,0,0,0
724,1,0,1,1,0,1,0,1,0,0
263,0,1,0,0,0,0,0,1,1,1
109,0,0,0,1,1,0,1,1,0,1
468,0,1,1,1,0,1,0,1,0,0
323,0,1,0,1,0,0,0,0,1,1
437,0,1,1,0,1,1,0,1,0,1
500,0,1,1,1,1,1,0,1,0,0
759,1,0,1,1,1,1,0,1,1,1
33,0,0,0,0,1,0,0,0,0,1
633,1,0,0,1,1,1,1,0,0,1
123,0,0,0,1,1,1,1,0,1,1
322,0,1,0,1,0,0,0,0,1,0
313,0,1,0,0,1,1,1,0,0,1
803,1,1,0,0,1,0,0,0,1,1
314,0,1,0,0,1,1,1,0,1,0
37,0,0,0,0,1,0,0,1,0,1
503,0,1,1,1,1,1,0,1,1,1
288,0,1,0,0,1,0,0,0,0,0
520,1,0,0,0,0,0,1,0,0,0
896,1,1,1,0,0,0,0,0,0,0
61,0,0,0,0,1,1,1,1,0,1
986,1,1,1,1,0,1,1,0,1,0
107,0,0,0,1,1,0,1,0,1,1
307,0,1,0,0,1,1,0,0,1,1
873,1,1,0,1,1,0,1,0,0,1
576,1,0,0,1,0,0,0,0,0,0
343,0,1,0,1,0,1,0,1,1,1
528,1,0,0,0,0,1,0,0,0,0
616,1,0,0,1,1,0,1,0,0,0
492,0,1,1,1,1,0,1,1,0,0
570,1,0,0,0,1,1,1,0,1,0
634,1,0,0,1,1,1,1,0,1,0
374,0,1,0,1,1,1,0,1,1,0
832,1,1,0,1,0,0,0,0,0,0
113,0,0,0,1,1,1,0,0,0,1
822,1,1,0,0,1,1,0,1,1,0
547,1,0,0,0,1,0,0,0,1,1
752,1,0,1,1,1,1,0,0,0,0
243,0,0,1,1,1,1,0,0,1,1
453,0,1,1,1,0,0,0,1,0,1
514,1,0,0,0,0,0,0,0,1,0
708,1,0,1,1,0,0,0,1,0,0
1020,1,1,1,1,1,1,1,1,0,0
1005,1,1,1,1,1,0,1,1,0,1
748,1,0,1,1,1,0,1,1,0,0
1017,1,1,1,1,1,1,1,0,0,1
495,0,1,1,1,1,0,1,1,1,1
313,0,1,0,0,1,1,1,0,0,1
646,1,0,1,0,0,0,0,1,1,0
693,1,0,1,0,1,1,0,1,0,1
408,0,1,1,0,0,1,1,0,0,0
506,0,1,1,1,1,1,1,0,1,0
73,0,0,0,1,0,0,1,0,0,1
503,0,1,1,1,1,1,0,1,1,1
814,1,1,0,0,1,0,1,1,1,0
842,1,1,0,1,0,0,1,0,1,0
185,0,0,1,0,1,1,1,0,0,1
1007,1,1,1,1,1,0,1,1,1,1
226,0,0,1,1,1,0,0,0,1,0
994,1,1,1,1,1,0,0,0,1,0
903,1,1,1,0,0,0,0,1,1,1
830,1,1,0,0,1,1,1,1,1,0
610,1,0,0,1,1,0,0,0,1,0
730,1,0,1,1,0,1,1,0,1,0
209,0,0,1,1,0,1,0,0,0,1
816,1,1,0,0,1,1,0,0,0,0
807,1,1,0,0,1,0,0,1,1,1
198,0,0,1,1,0,0,0,1,1,0
918,1,1,1,0,0,1,0,1,1,0
1012,1,1,1,1,1,1,0,1,0,0
106,0,0,0,1,1,0,1,0,1,0
204,0,0,1,1,0,0,1,1,0,0
361,0,1,0,1,1,0,1,0,0,1
436,0,1,1,0,1,1,0,1,0,0
851,1,1,0,1,0,1,0,0,1,1
621,1,0,0,1,1,0,1,1,0,1
226,0,0,1,1,1,0,0,0,1,0
177,0,0,1,0,1,1,0,0,0,1
927,1,1,1,0,0,1,1,1,1,1
913,1,1,1,0,0,1,0,0,0,1
858,1,1,0,1,0,1,1,0,1,0
931,1,1,1,0,1,0,0,0,1,1
897,1,1,1,0,0,0,0,0,0,1
44,0,0,0,0,1,0,1,1,0,0
558,1,0,0,0,1,0,1,1,1,0
668,1,0,1,0,0,1,1,1,0,0
283,0,1,0,0,0,1,1,0,1,1
1017,1,1,1,1,1,1,1,0,0,1
928,1,1,1,0,1,0,0,0,0,0
425,0,1,1,0,1,0,1,0,0,1
380,0,1,0,1,1,1,1,1,0,0
622,1,0,0,1,1,0,1,1,1,0
696,1,0,1,0,1,1,1,0,0,0
385,0,1,1,0,0,0,0,0,0,1
90,0,0,0,1,0,1,1,0,1,0
589,1,0,0,1,0,0,1,1,0,1
449,0,1,1,1,0,0,0,0,0,1
464,0,1,1,1,0,1,0,0,0,0
733,1,0,1,1,0,1,1,1,0,1
58,0,0,0,0,1,1,1,0,1,0
535,1,0,0,0,0,1,0,1,1,1
75,0,0,0,1,0,0,1,0,1,1
615,1,0,0,1,1,0,0,1,1,1
336,0,1,0,1,0,1,0,0,0,0
228,0,0,1,1,1,0,0,1,0,0
1016,1,1,1,1,1,1,1,0,0,0
267,0,1,0,0,0,0,1,0,1,1
368,0,1,0,1,1,1,0,0,0,0
767,1,0,1,1,1,1,1,1,1,1
935,1,1,1,0,1,0,0,1,1,1
604,1,0,0,1,0,1,1,1,0,0
367,0,1,0,1,1,0,1,1,1,1
474,0,1,1,1,0,1,1,0,1,0
667,1,0,1,0,0,1,1,0,1,1
240,0,0,1,1,1,1,0,0,0,0
619,1,0,0,1,1,0,1,0,1,1
272,0,1,0,0,0,1,0,0,0,0
182,0,0,1,0,1,1,0,1,1,0
676,1,0,1,0,1,0,0,1,0,0
638,1,0,0,1,1,1,1,1,1,0
904,1,1,1,0,0,0,1,0,0,0
507,0,1,1,1,1,1,1,0,1,1
898,1,1,1,0,0,0,0,0,1,0
312,0,1,0,0,1,1,1,0,0,0
542,1,0,0,0,0,1,1,1,1,0
714,1,0,1,1,0,0,1,0,1,0
974,1,1,1,1,0,0,1,1,1,0
601,1,0,0,1,0,1,1,0,0,1
108,0,0,0,1,1,0,1,1,0,0
443,0,1,1,0,1,1,1,0,1,1
428,0,1,1,0,1,0,1,1,0,0
397,0,1,1,0,0,0,1,1,0,1
832,1,1,0,1,0,0,0,0,0,0
756,1,0,1,1,1,1,0,1,0,0
652,1,0,1,0,0,0,1,1,0,0
759,1,0,1,1,1,1,0,1,1,1
693,1,0,1,0,1,1,0,1,0,1
18,0,0,0,0,0,1,0,0,1,0
771,1,1,0,0,0,0,0,0,1,1
807,1,1,0,0,1,0,0,1,1,1
696,1,0,1,0,1,1,1,0,0,0
494,0,1,1,1,1,0,1,1,1,0
150,0,0,1,0,0,1,0,1,1,0
983,1,1,1,1,0,1,0,1,1,1
965,1,1,1,1,0,0,0,1,0,1
251,0,0,1,1,1,1,1,0,1,1
647,1,0,1,0,0,0,0,1,1,1
625,1,0,0,1,1,1,0,0,0,1
93,0,0,0,1,0,1,1,1,0,1
234,0,0,1,1,1,0,1,0,1,0
888,1,1,0,1,1,1,1,0,0,0
170,0,0,1,0,1,0,1,0,1,0
1006,1,1,1,1,1,0,1,1,1,0
823,1,1,0,0,1,1,0,1,1,1
397,0,1,1,0,0,0,1,1,0,1
506,0,1,1,1,1,1,1,0,1,0
631,1,0,0,1,1,1,0,1,1,1
666,1,0,1,0,0,1,1,0,1,0
460,0,1,1,1,0,0,1,1,0,0
691,1,0,1,0,1,1,0,0,1,1
841,1,1,0,1,0,0,1,0,0,1
987,1,1,1,1,0,1,1,0,1,1
763,1,0,1,1,1,1,1,0,1,1
920,1,1,1,0,0,1,1,0,0,0
730,1,0,1,1,0,1,1,0,1,0
150,0,0,1,0,0,1,0,1,1,0
338,0,1,0,1,0,1,0,0,1,0
461,0,1,1,1,0,0,1,1,0,1
805,1,1,0,0,1,0,0,1,0,1
469,0,1,1,1,0,1,0,1,0,1
717,1,0,1,1,0,0,1,1,0,1
735,1,0,1,1,0,1,1,1,1,1
442,0,1,1,0,1,1,1,0,1,0
271,0,1,0,0,0,0,1,1,1,1
430,0,1,1,0,1,0,1,1,1,0
868,1,1,0,1,1,0,0,1,0,0
403,0,1,1,0,0,1,0,0,1,1
557,1,0,0,0,1,0,1,1,0,1
184,0,0,1,0,1,1,1,0,0,0
834,1,1,0,1,0,0,0,0,1,0
815,1,1,0,0,1,0,1,1,1,1
92,0,0,0,1,0,1,1,1,0,0
649,1,0,1,0,0,0,1,0,0,1
364,0,1,0,1,1,0,1,1,0,0
195,0,0,1,1,0,0,0,0,1,1
923,1,1,1,0,0,1,1,0,1,1
892,1,1,0,1,1,1,1,1,0,0
411,0,1,1,0,0,1,1,0,1,1
475,0,1,1,1,0,1,1,0,1,1
576,1,0,0,1,0,0,0,0,0,0
79,0,0,0,1,0,0,1,1,1,1
79,0,0,0,1,0,0,1,1,1,1
710,1,0,1,1,0,0,0,1,1,0
270,0,1,0,0,0,0,1,1,1,0
807,1,1,0,0,1,0,0,1,1,1
13,0,0,0,0,0,0,1,1,0,1
867,1,1,0,1,1,0,0,0,1,1
569,1,0,0,0,1,1,1,0,0,1
863,1,1,0,1,0,1,1,1,1,1
998,1,1,1,1,1,0,0,1,1,0
240,0,0,1,1,1,1,0,0,0,0
627,1,0,0,1,1,1,0,0,1,1
859,1,1,0,1,0,1,1,0,1,1
611,1,0,0,1,1,0,0,0,1,1
789,1,1,0,0,0,1,0,1,0,1
517,1,0,0,0,0,0,0,1,0,1
771,1,1,0,0,0,0,0,0,1,1
924,1,1,1,0,0,1,1,1,0,0
26,0,0,0,0,0,1,1,0,1,0
597,1,0,0,1,0,1,0,1,0,1
488,0,1,1,1,1,0,1,0,0,0
27,0,0,0,0,0,1,1,0,1,1
457,0,1,1,1,0,0,1,0,0,1
896,1,1,1,0,0,0,0,0,0,0
140,0,0,1,0,0,0,1,1,0,0
695,1,0,1,0,1,1,0,1,1,1
196,0,0,1,1,0,0,0,1,0,0
212,0,0,1,1,0,1,0,1,0,0
595,1,0,0,1,0,1,0,0,1,1
197,0,0,1,1,0,0,0,1,0,1
366,0,1,0,1,1,0,1,1,1,0
108,0,0,0,1,1,0,1,1,0,0
715,1,0,1,1,0,0,1,0,1,1
34,0,0,0,0,1,0,0,0,1,0
57,0,0,0,0,1,1,1,0,0,1
352,0,1,0,1,1,0,0,0,0,0
698,1,0,1,0,1,1,1,0,1,0
666,1,0,1,0,0,1,1,0,1,0
322,0,1,0,1,0,0,0,0,1,0
584,1,0,0,1,0,0,1,0,0,0
1021,1,1,1,1,1,1,1,1,0,1
27,0,0,0,0,0,1,1,0,1,1
899,1,1,1,0,0,0,0,0,1,1
205,0,0,1,1,0,0,1,1,0,1
684,1,0,1,0,1,0,1,1,0,0
630,1,0,0,1,1,1,0,1,1,0
188,0,0,1,0,1,1,1,1,0,0
167,0,0,1,0,1,0,0,1,1,1
350,0,1,0,1,0,1,1,1,1,0
96,0,0,0,1,1,0,0,0,0,0
807,1,1,0,0,1,0,0,1,1,1
130,0,0,1,0,0,0,0,0,1,0
873,1,1,0,1,1,0,1,0,0,1
384,0,1,1,0,0,0,0,0,0,0
96,0,0,0,1,1,0,0,0,0,0
585,1,0,0,1,0,0,1,0,0,1
365,0,1,0,1,1,0,1,1,0,1
701,1,0,1,0,1,1,1,1,0,1
169,0,0,1,0,1,0,1,0,0,1
519,1,0,0,0,0,0,0,1,1,1
255,0,0,1,1,1,1,1,1,1,1
464,0,1,1,1,0,1,0,0,0,0
386,0,1,1,0,0,0,0,0,1,0
231,0,0,1,1,1,0,0,1,1,1
212,0,0,1,1,0,1,0,1,0,0
596,1,0,0,1,0,1,0,1,0,0
874,1,1,0,1,1,0,1,0,1,0
617,1,0,0,1,1,0,1,0,0,1
886,1,1,0,1,1,1,0,1,1,0
653,1,0,1,0,0,0,1,1,0,1
845,1,1,0,1,0,0,1,1,0,1
663,1,0,1,0,0,1,0,1,1,1
108,0,0,0,1,1,0,1,1,0,0
450,0,1,1,1,0,0,0,0,1,0
693,1,0,1,0,1,1,0,1,0,1
106,0,0,0,1,1,0,1,0,1,0
60,0,0,0,0,1,1,1,1,0,0
375,0,1,0,1,1,1,0,1,1,1
885,1,1,0,1,1,1,0,1,0,1
123,0,0,0,1,1,1,1,0,1,1
50,0,0,0,0,1,1,0,0,1,0
234,0,0,1,1,1,0,1,0,1,0
386,0,1,1,0,0,0,0,0,1,0
989,1,1,1,1,0,1,1,1,0,1
785,1,1,0,0,0,1,0,0,0,1
487,0,1,1,1,1,0,0,1,1,1
578,1,0,0,1,0,0,0,0,1,0
597,1,0,0,1,0,1,0,1,0,1
364,0,1,0,1,1,0,1,1,0,0
426,0,1,1,0,1,0,1,0,1,0
236,0,0,1,1,1,0,1,1,0,0
168,0,0,1,0,1,0,1,0,0,0
249,0,0,1,1,1,1,1,0,0,1
981,1,1,1,1,0,1,0,1,0,1
572,1,0,0,0,1,1,1,1,0,0
25,0,0,0,0,0,1,1,0,0,1
441,0,1,1,0,1,1,1,0,0,1
447,0,1,1,0,1,1,1,1,1,1
606,1,0,0,1,0,1,1,1,1,0
771,1,1,0,0,0,0,0,0,1,1
139,0,0,1,0,0,0,1,0,1,1
618,1,0,0,1,1,0,1,0,1,0
443,0,1,1,0,1,1,1,0,1,1
845,1,1,0,1,0,0,1,1,0,1
744,1,0,1,1,1,0,1,0,0,0
820,1,1,0,0,1,1,0,1,0,0
947,1,1,1,0,1,1,0,0,1,1
211,0,0,1,1,0,1,0,0,1,1
69,0,0,0,1,0,0,0,1,0,1
559,1,0,0,0,1,0,1,1,1,1
816,1,1,0,0,1,1,0,0,0,0
719,1,0,1,1,0,0,1,1,1,1
25,0,0,0,0,0,1,1,0,0,1
590,1,0,0,1,0,0,1,1,1,0
658,1,0,1,0,0,1,0,0,1,0
731,1,0,1,1,0,1,1,0,1,1
883,1,1,0,1,1,1,0,0,1,1
480,0,1,1,1,1,0,0,0,0,0
679,1,0,1,0,1,0,0,1,1,1
173,0,0,1,0,1,0,1,1,0,1
114,0,0,0,1,1,1,0,0,1,0
231,0,0,1,1,1,0,0,1,1,1
469,0,1,1,1,0,1,0,1,0,1
752,1,0,1,1,1,1,0,0,0,0
49,0,0,0,0,1,1,0,0,0,1
46,0,0,0,0,1,0,1,1,1,0
513,1,0,0,0,0,0,0,0,0,1
362,0,1,0,1,1,0,1,0,1,0
846,1,1,0,1,0,0,1,1,1,0
78,0,0,0,1,0,0,1,1,1,0
779,1,1,0,0,0,0,1,0,1,1
39,0,0,0,0,1,0,0,1,1,1
471,0,1,1,1,0,1,0,1,1,1
906,1,1,1,0,0,0,1,0,1,0
720,1,0,1,1,0,1,0,0,0,0
749,1,0,1,1,1,0,1,1,0,1
961,1,1,1,1,0,0,0,0,0,1
409,0,1,1,0,0,1,1,0,0,1
572,1,0,0,0,1,1,1,1,0,0
844,1,1,0,1,0,0,1,1,0,0
933,1,1,1,0,1,0,0,1,0,1
983,1,1,1,1,0,1,0,1,1,1
747,1,0,1,1,1,0,1,0,1,1
1005,1,1,1,1,1,0,1,1,0,1
712,1,0,1,1,0,0,1,0,0,0
783,1,1,0,0,0,0,1,1,1,1
264,0,1,0,0,0,0,1,0,0,0
339,0,1,0,1,0,1,0,0,1,1
722,1,0,1,1,0,1,0,0,1,0
107,0,0,0,1,1,0,1,0,1,1
45,0,0,0,0,1,0,1,1,0,1
140,0,0,1,0,0,0,1,1,0,0
839,1,1,0,1,0,0,0,1,1,1
422,0,1,1,0,1,0,0,1,1,0
919,1,1,1,0,0,1,0,1,1,1
667,1,0,1,0,0,1,1,0,1,1
100,0,0,0,1,1,0,0,1,0,0
689,1,0,1,0,1,1,0,0,0,1
351,0,1,0,1,0,1,1,1,1,1
640,1,0,1,0,0,0,0,0,0,0
618,1,0,0,1,1,0,1,0,1,0
702,1,0,1,0,1,1,1,1,1,0
227,0,0,1,1,1,0,0,0,1,1
739,1,0,1,1,1,0,0,0,1,1
452,0,1,1,1,0,0,0,1,0,0
126,0,0,0,1,1,1,1,1,1,0
1021,1,1,1,1,1,1,1,1,0,1
961,1,1,1,1,0,0,0,0,0,1
55,0,0,0,0,1,1,0,1,1,1
712,1,0,1,1,0,0,1,0,0,0
337,0,1,0,1,0,1,0,0,0,1
573,1,0,0,0,1,1,1,1,0,1
619,1,0,0,1,1,0,1,0,1,1
669,1,0,1,0,0,1,1,1,0,1
245,0,0,1,1,1,1,0,1,0,1
61,0,0,0,0,1,1,1,1,0,1
0,0,0,0,0,0,0,0,0,0,0
321,0,1,0,1,0,0,0,0,0,1
561,1,0,0,0,1,1,0,0,0,1
70,0,0,0,1,0,0,0,1,1,0
654,1,0,1,0,0,0,1,1,1,0
645,1,0,1,0,0,0,0,1,0,1
66,0,0,0,1,0,0,0,0,1,0
212,0,0,1,1,0,1,0,1,0,0
582,1,0,0,1,0,0,0,1,1,0
745,1,0,1,1,1,0,1,0,0,1
276,0,1,0,0,0,1,0,1,0,0
133,0,0,1,0,0,0,0,1,0,1
420,0,1,1,0,1,0,0,1,0,0
613,1,0,0,1,1,0,0,1,0,1
302,0,1,0,0,1,0,1,1,1,0
474,0,1,1,1,0,1,1,0,1,0
911,1,1,1,0,0,0,1,1,1,1
426,0,1,1,0,1,0,1,0,1,0
407,0,1,1,0,0,1,0,1,1,1
942,1,1,1,0,1,0,1,1,1,0
973,1,1,1,1,0,0,1,1,0,1
5,0,0,0,0,0,0,0,1,0,1
798,1,1,0,0,0,1,1,1,1,0
680,1,0,1,0,1,0,1,0,0,0
522,1,0,0,0,0,0,1,0,1,0
1008,1,1,1,1,1,1,0,0,0,0
918,1,1,1,0,0,1,0,1,1,0
542,1,0,0,0,0,1,1,1,1,0
308,0,1,0,0,1,1,0,1,0,0
957,1,1,1,0,1,1,1,1,0,1
477,0,1,1,1,0,1,1,1,0,1
536,1,0,0,0,0,1,1,0,0,0
305,0,1,0,0,1,1,0,0,0,1
827,1,1,0,0,1,1,1,0,1,1
650,1,0,1,0,0,0,1,0,1,0
240,0,0,1,1,1,1,0,0,0,0
375,0,1,0,1,1,1,0,1,1,1
563,1,0,0,0,1,1,0,0,1,1
146,0,0,1,0,0,1,0,0,1,0
588,1,0,0,1,0,0,1,1,0,0
316,0,1,0,0,1,1,1,1,0,0
274,0,1,0,0,0,1,0,0,1,0
884,1,1,0,1,1,1,0,1,0,0
847,1,1,0,1,0,0,1,1,1,1
1015,1,1,1,1,1,1,0,1,1,1
502,0,1,1,1,1,1,0,1,1,0
223,0,0,1,1,0,1,1,1,1,1
80,0,0,0,1,0,1,0,0,0,0
544,1,0,0,0,1,0,0,0,0,0
713,1,0,1,1,0,0,1,0,0,1
411,0,1,1,0,0,1,1,0,1,1
183,0,0,1,0,1,1,0,1,1,1
235,0,0,1,1,1,0,1,0,1,1
102,0,0,0,1,1,0,0,1,1,0
696,1,0,1,0,1,1,1,0,0,0
860,1,1,0,1,0,1,1,1,0,0
485,0,1,1,1,1,0,0,1,0,1
568,1,0,0,0,1,1,1,0,0,0
38,0,0,0,0,1,0,0,1,1,0
564,1,0,0,0,1,1,0,1,0,0
952,1,1,1,0,1,1,1,0,0,0
208,0,0,1,1,0,1,0,0,0,0
252,0,0,1,1,1,1,1,1,0,0
191,0,0,1,0,1,1,1,1,1,1
6,0,0,0,0,0,0,0,1,1,0
345,0,1,0,1,0,1,1,0,0,1
206,0,0,1,1,0,0,1,1,1,0
660,1,0,1,0,0,1,0,1,0,0
428,0,1,1,0,1,0,1,1,0,0
307,0,1,0,0,1,1,0,0,1,1
802,1,1,0,0,1,0,0,0,1,0
736,1,0,1,1,1,0,0,0,0,0
542,1,0,0,0,0,1,1,1,1,0
712,1,0,1,1,0,0,1,0,0,0
962,1,1,1,1,0,0,0,0,1,0
922,1,1,1,0,0,1,1,0,1,0
823,1,1,0,0,1,1,0,1,1,1
940,1,1,1,0,1,0,1,1,0,0
71,0,0,0,1,0,0,0,1,1,1
480,0,1,1,1,1,0,0,0,0,0
103,0,0,0,1,1,0,0,1,1,1
362,0,1,0,1,1,0,1,0,1,0
179,0,0,1,0,1,1,0,0,1,1
286,0,1,0,0,0,1,1,1,1,0
628,1,0,0,1,1,1,0,1,0,0
923,1,1,1,0,0,1,1,0,1,1
161,0,0,1,0,1,0,0,0,0,1
331,0,1,0,1,0,0,1,0,1,1
144,0,0,1,0,0,1,0,0,0,0
300,0,1,0,0,1,0,1,1,0,0
671,1,0,1,0,0,1,1,1,1,1
997,1,1,1,1,1,0,0,1,0,1
18,0,0,0,0,0,1,0,0,1,0
14,0,0,0,0,0,0,1,1,1,0
470,0,1,1,1,0,1,0,1,1,0
17,0,0,0,0,0,1,0,0,0,1
516,1,0,0,0,0,0,0,1,0,0
163,0,0,1,0,1,0,0,0,1,1
6,0,0,0,0,0,0,0,1,1,0
29,0,0,0,0,0,1,1,1,0,1
348,0,1,0,1,0,1,1,1,0,0
71,0,0,0,1,0,0,0,1,1,1
131,0,0,1,0,0,0,0,0,1,1
679,1,0,1,0,1,0,0,1,1,1
483,0,1,1,1,1,0,0,0,1,1
678,1,0,1,0,1,0,0,1,1,0
356,0,1,0,1,1,0,0,1,0,0
528,1,0,0,0,0,1,0,0,0,0
947,1,1,1,0,1,1,0,0,1,1
93,0,0,0,1,0,1,1,1,0,1
934,1,1,1,0,1,0,0,1,1,0
121,0,0,0,1,1,1,1,0,0,1
834,1,1,0,1,0,0,0,0,1,0
436,0,1,1,0,1,1,0,1,0,0
938,1,1,1,0,1,0,1,0,1,0
996,1,1,1,1,1,0,0,1,0,0
826,1,1,0,0,1,1,1,0,1,0
839,1,1,0,1,0,0,0,1,1,1
503,0,1,1,1,1,1,0,1,1,1
290,0,1,0,0,1,0,0,0,1,0
793,1,1,0,0,0,1,1,0,0,1
821,1,1,0,0,1,1,0,1,0,1
945,1,1,1,0,1,1,0,0,0,1
326,0,1,0,1,0,0,0,1,1,0
1000,1,1,1,1,1,0,1,0,0,0
777,1,1,0,0,0,0,1,0,0,1
373,0,1,0,1,1,1,0,1,0,1
889,1,1,0,1,1,1,1,0,0,1
950,1,1,1,0,1,1,0,1,1,0
670,1,0,1,0,0,1,1,1,1,0
899,1,1,1,0,0,0,0,0,1,1
643,1,0,1,0,0,0,0,0,1,1
867,1,1,0,1,1,0,0,0,1,1
516,1,0,0,0,0,0,0,1,0,0
7,0,0,0,0,0,0,0,1,1,1
706,1,0,1,1,0,0,0,0,1,0
213,0,0,1,1,0,1,0,1,0,1
884,1,1,0,1,1,1,0,1,0,0
88,0,0,0,1,0,1,1,0,0,0
1022,1,1,1,1,1,1,1,1,1,0
638,1,0,0,1,1,1,1,1,1,0
258,0,1,0,0,0,0,0,0,1,0
84,0,0,0,1,0,1,0,1,0,0
484,0,1,1,1,1,0,0,1,0,0
445,0,1,1,0,1,1,1,1,0,1
659,1,0,1,0,0,1,0,0,1,1
516,1,0,0,0,0,0,0,1,0,0
572,1,0,0,0,1,1,1,1,0,0
553,1,0,0,0,1,0,1,0,0,1
735,1,0,1,1,0,1,1,1,1,1
729,1,0,1,1,0,1,1,0,0,1
709,1,0,1,1,0,0,0,1,0,1
190,0,0,1,0,1,1,1,1,1,0
480,0,1,1,1,1,0,0,0,0,0
318,0,1,0,0,1,1,1,1,1,0
948,1,1,1,0,1,1,0,1,0,0
736,1,0,1,1,1,0,0,0,0,0
909,1,1,1,0,0,0,1,1,0,1
311,0,1,0,0,1,1,0,1,1,1
482,0,1,1,1,1,0,0,0,1,0
631,1,0,0,1,1,1,0,1,1,1
317,0,1,0,0,1,1,1,1,0,1
636,1,0,0,1,1,1,1,1,0,0
487,0,1,1,1,1,0,0,1,1,1
213,0,0,1,1,0,1,0,1,0,1
173,0,0,1,0,1,0,1,1,0,1
919,1,1,1,0,0,1,0,1,1,1
419,0,1,1,0,1,0,0,0,1,1
1023,1,1,1,1,1,1,1,1,1,1
207,0,0,1,1,0,0,1,1,1,1
666,1,0,1,0,0,1,1,0,1,0
453,0,1,1,1,0,0,0,1,0,1
693,1,0,1,0,1,1,0,1,0,1
195,0,0,1,1,0,0,0,0,1,1
923,1,1,1,0,0,1,1,0,1,1
492,0,1,1,1,1,0,1,1,0,0
302,0,1,0,0,1,0,1,1,1,0
616,1,0,0,1,1,0,1,0,0,0
76,0,0,0,1,0,0,1,1,0,0
314,0,1,0,0,1,1,1,0,1,0
804,1,1,0,0,1,0,0,1,0,0
544,1,0,0,0,1,0,0,0,0,0
680,1,0,1,0,1,0,1,0,0,0
264,0,1,0,0,0,0,1,0,0,0
344,0,1,0,1,0,1,1,0,0,0
485,0,1,1,1,1,0,0,1,0,1
882,1,1,0,1,1,1,0,0,1,0
122,0,0,0,1,1,1,1,0,1,0
858,1,1,0,1,0,1,1,0,1,0
434,0,1,1,0,1,1,0,0,1,0
912,1,1,1,0,0,1,0,0,0,0
282,0,1,0,0,0,1,1,0,1,0
846,1,1,0,1,0,0,1,1,1,0
244,0,0,1,1,1,1,0,1,0,0
511,0,1,1,1,1,1,1,1,1,1
994,1,1,1,1,1,0,0,0,1,0
890,1,1,0,1,1,1,1,0,1,0
354,0,1,0,1,1,0,0,0,1,0
199,0,0,1,1,0,0,0,1,1,1
816,1,1,0,0,1,1,0,0,0,0
7,0,0,0,0,0,0,0,1,1,1
196,0,0,1,1,0,0,0,1,0,0
218,0,0,1,1,0,1,1,0,1,0
267,0,1,0,0,0,0,1,0,1,1
766,1,0,1,1,1,1,1,1,1,0
439,0,1,1,0,1,1,0,1,1,1
719,1,0,1,1,0,0,1,1,1,1
927,1,1,1,0,0,1,1,1,1,1
625,1,0,0,1,1,1,0,0,0,1
493,0,1,1,1,1,0,1,1,0,1
879,1,1,0,1,1,0,1,1,1,1
183,0,0,1,0,1,1,0,1,1,1
521,1,0,0,0,0,0,1,0,0,1
965,1,1,1,1,0,0,0,1,0,1
315,0,1,0,0,1,1,1,0,1,1
651,1,0,1,0,0,0,1,0,1,1
563,1,0,0,0,1,1,0,0,1,1
806,1,1,0,0,1,0,0,1,1,0
687,1,0,1,0,1,0,1,1,1,1
584,1,0,0,1,0,0,1,0,0,0
267,0,1,0,0,0,0,1,0,1,1
921,1,1,1,0,0,1,1,0,0,1
250,0,0,1,1,1,1,1,0,1,0
1014,1,1,1,1,1,1,0,1,1,0
308,0,1,0,0,1,1,0,1,0,0
255,0,0,1,1,1,1,1,1,1,1
991,1,1,1,1,0,1,1,1,1,1
236,0,0,1,1,1,0,1,1,0,0
875,1,1,0,1,1,0,1,0,1,1
1,0,0,0,0,0,0,0,0,0,1
656,1,0,1,0,0,1,0,0,0,0
734,1,0,1,1,0,1,1,1,1,0
219,0,0,1,1,0,1,1,0,1,1
5,0,0,0,0,0,0,0,1,0,1
497,0,1,1,1,1,1,0,0,0,1
867,1,1,0,1,1,0,0,0,1,1
493,0,1,1,1,1,0,1,1,0,1
699,1,0,1,0,1,1,1,0,1,1
453,0,1,1,1,0,0,0,1,0,1
159,0,0,1,0,0,1,1,1,1,1
940,1,1,1,0,1,0,1,1,0,0
491,0,1,1,1,1,0,1,0,1,1
381,0,1,0,1,1,1,1,1,0,1
928,1,1,1,0,1,0,0,0,0,0
518,1,0,0,0,0,0,0,1,1,0
63,0,0,0,0,1,1,1,1,1,1
185,0,0,1,0,1,1,1,0,0,1
317,0,1,0,0,1,1,1,1,0,1
370,0,1,0,1,1,1,0,0,1,0
708,1,0,1,1,0,0,0,1,0,0
105,0,0,0,1,1,0,1,0,0,1
1009,1,1,1,1,1,1,0,0,0,1
32,0,0,0,0,1,0,0,0,0,0
516,1,0,0,0,0,0,0,1,0,0
808,1,1,0,0,1,0,1,0,0,0
975,1,1,1,1,0,0,1,1,1,1
336,0,1,0,1,0,1,0,0,0,0
27,0,0,0,0,0,1,1,0,1,1
142,0,0,1,0,0,0,1,1,1,0
42,0,0,0,0,1,0,1,0,1,0
92,0,0,0,1,0,1,1,1,0,0
716,1,0,1,1,0,0,1,1,0,0
477,0,1,1,1,0,1,1,1,0,1
395,0,1,1,0,0,0,1,0,1,1
51,0,0,0,0,1,1,0,0,1,1
510,0,1,1,1,1,1,1,1,1,0
522,1,0,0,0,0,0,1,0,1,0
859,1,1,0,1,0,1,1,0,1,1
981,1,1,1,1,0,1,0,1,0,1
285,0,1,0,0,0,1,1,1,0,1
277,0,1,0,0,0,1,0,1,0,1
77,0,0,0,1,0,0,1,1,0,1
652,1,0,1,0,0,0,1,1,0,0
789,1,1,0,0,0,1,0,1,0,1
731,1,0,1,1,0,1,1,0,1,1
64,0,0,0,1,0,0,0,0,0,0
405,0,1,1,0,0,1,0,1,0,1
439,0,1,1,0,1,1,0,1,1,1
756,1,0,1,1,1,1,0,1,0,0
740,1,0,1,1,1,0,0,1,0,0
238,0,0,1,1,1,0,1,1,1,0
232,0,0,1,1,1,0,1,0,0,0
685,1,0,1,0,1,0,1,1,0,1
593,1,0,0,1,0,1,0,0,0,1
386,0,1,1,0,0,0,0,0,1,0
823,1,1,0,0,1,1,0,1,1,1
462,0,1,1,1,0,0,1,1,1,0
508,0,1,1,1,1,1,1,1,0,0
321,0,1,0,1,0,0,0,0,0,1
649,1,0,1,0,0,0,1,0,0,1
511,0,1,1,1,1,1,1,1,1,1
1020,1,1,1,1,1,1,1,1,0,0
821,1,1,0,0,1,1,0,1,0,1
418,0,1,1,0,1,0,0,0,1,0
543,1,0,0,0,0,1,1,1,1,1
764,1,0,1,1,1,1,1,1,0,0
678,1,0,1,0,1,0,0,1,1,0
1014,1,1,1,1,1,1,0,1,1,0
128,0,0,1,0,0,0,0,0,0,0
441,0,1,1,0,1,1,1,0,0,1
335,0,1,0,1,0,0,1,1,1,1
195,0,0,1,1,0,0,0,0,1,1
218,0,0,1,1,0,1,1,0,1,0
237,0,0,1,1,1,0,1,1,0,1
764,1,0,1,1,1,1,1,1,0,0
276,0,1,0,0,0,1,0,1,0,0
137,0,0,1,0,0,0,1,0,0,1
529,1,0,0,0,0,1,0,0,0,1
669,1,0,1,0,0,1,1,1,0,1
285,0,1,0,0,0,1,1,1,0,1
928,1,1,1,0,1,0,0,0,0,0
834,1,1,0,1,0,0,0,0,1,0
980,1,1,1,1,0,1,0,1,0,0
955,1,1,1,0,1,1,1,0,1,1
256,0,1,0,0,0,0,0,0,0,0
11,0,0,0,0,0,0,1,0,1,1
978,1,1,1,1,0,1,0,0,1,0
381,0,1,0,1,1,1,1,1,0,1
766,1,0,1,1,1,1,1,1,1,0
739,1,0,1,1,1,0,0,0,1,1
231,0,0,1,1,1,0,0,1,1,1
281,0,1,0,0,0,1,1,0,0,1
488,0,1,1,1,1,0,1,0,0,0
893,1,1,0,1,1,1,1,1,0,1
658,1,0,1,0,0,1,0,0,1,0
690,1,0,1,0,1,1,0,0,1,0
227,0,0,1,1,1,0,0,0,1,1
787,1,1,0,0,0,1,0,0,1,1
310,0,1,0,0,1,1,0,1,1,0
234,0,0,1,1,1,0,1,0,1,0
543,1,0,0,0,0,1,1,1,1,1
441,0,1,1,0,1,1,1,0,0,1
298,0,1,0,0,1,0,1,0,1,0
979,1,1,1,1,0,1,0,0,1,1
888,1,1,0,1,1,1,1,0,0,0
685,1,0,1,0,1,0,1,1,0,1
89,0,0,0,1,0,1,1,0,0,1
738,1,0,1,1,1,0,0,0,1,0
282,0,1,0,0,0,1,1,0,1,0
88,0,0,0,1,0,1,1,0,0,0
487,0,1,1,1,1,0,0,1,1,1
178,0,0,1,0,1,1,0,0,1,0
30,0,0,0,0,0,1,1,1,1,0
712,1,0,1,1,0,0,1,0,0,0
383,0,1,0,1,1,1,1,1,1,1
312,0,1,0,0,1,1,1,0,0,0
696,1,0,1,0,1,1,1,0,0,0
243,0,0,1,1,1,1,0,0,1,1
198,0,0,1,1,0,0,0,1,1,0
883,1,1,0,1,1,1,0,0,1,1
890,1,1,0,1,1,1,1,0,1,0
274,0,1,0,0,0,1,0,0,1,0
1001,1,1,1,1,1,0,1,0,0,1
225,0,0,1,1,1,0,0,0,0,1
170,0,0,1,0,1,0,1,0,1,0
475,0,1,1,1,0,1,1,0,1,1
546,1,0,0,0,1,0,0,0,1,0
70,0,0,0,1,0,0,0,1,1,0
729,1,0,1,1,0,1,1,0,0,1
931,1,1,1,0,1,0,0,0,1,1
30,0,0,0,0,0,1,1,1,1,0
287,0,1,0,0,0,1,1,1,1,1
693,1,0,1,0,1,1,0,1,0,1
351,0,1,0,1,0,1,1,1,1,1
519,1,0,0,0,0,0,0,1,1,1
283,0,1,0,0,0,1,1,0,1,1
412,0,1,1,0,0,1,1,1,0,0
399,0,1,1,0,0,0,1,1,1,1
394,0,1,1,0,0,0,1,0,1,0
811,1,1,0,0,1,0,1,0,1,1
492,0,1,1,1,1,0,1,1,0,0
949,1,1,1,0,1,1,0,1,0,1
401,0,1,1,0,0,1,0,0,0,1
549,1,0,0,0,1,0,0,1,0,1
757,1,0,1,1,1,1,0,1,0,1
694,1,0,1,0,1,1,0,1,1,0
999,1,1,1,1,1,0,0,1,1,1
495,0,1,1,1,1,0,1,1,1,1
935,1,1,1,0,1,0,0,1,1,1
100,0,0,0,1,1,0,0,1,0,0
22,0,0,0,0,0,1,0,1,1,0
724,1,0,1,1,0,1,0,1,0,0
605,1,0,0,1,0,1,1,1,0,1
464,0,1,1,1,0,1,0,0,0,0
364,0,1,0,1,1,0,1,1,0,0
576,1,0,0,1,0,0,0,0,0,0
757,1,0,1,1,1,1,0,1,0,1
594,1,0,0,1,0,1,0,0,1,0
749,1,0,1,1,1,0,1,1,0,1
811,1,1,0,0,1,0,1,0,1,1
714,1,0,1,1,0,0,1,0,1,0
471,0,1,1,1,0,1,0,1,1,1
355,0,1,0,1,1,0,0,0,1,1
298,0,1,0,0,1,0,1,0,1,0
744,1,0,1,1,1,0,1,0,0,0
632,1,0,0,1,1,1,1,0,0,0
177,0,0,1,0,1,1,0,0,0,1
890,1,1,0,1,1,1,1,0,1,0
79,0,0,0,1,0,0,1,1,1,1
406,0,1,1,0,0,1,0,1,1,0
107,0,0,0,1,1,0,1,0,1,1
965,1,1,1,1,0,0,0,1,0,1
867,1,1,0,1,1,0,0,0,1,1
465,0,1,1,1,0,1,0,0,0,1
820,1,1,0,0,1,1,0,1,0,0
144,0,0,1,0,0,1,0,0,0,0
970,1,1,1,1,0,0,1,0,1,0
966,1,1,1,1,0,0,0,1,1,0
98,0,0,0,1,1,0,0,0,1,0
787,1,1,0,0,0,1,0,0,1,1
763,1,0,1,1,1,1,1,0,1,1
632,1,0,0,1,1,1,1,0,0,0
800,1,1,0,0,1,0,0,0,0,0
979,1,1,1,1,0,1,0,0,1,1
793,1,1,0,0,0,1,1,0,0,1
548,1,0,0,0,1,0,0,1,0,0
421,0,1,1,0,1,0,0,1,0,1
617,1,0,0,1,1,0,1,0,0,1
259,0,1,0,0,0,0,0,0,1,1
496,0,1,1,1,1,1,0,0,0,0
402,0,1,1,0,0,1,0,0,1,0
36,0,0,0,0,1,0,0,1,0,0
1007,1,1,1,1,1,0,1,1,1,1
291,0,1,0,0,1,0,0,0,1,1
474,0,1,1,1,0,1,1,0,1,0
979,1,1,1,1,0,1,0,0,1,1
1019,1,1,1,1,1,1,1,0,1,1
430,0,1,1,0,1,0,1,1,1,0
95,0,0,0,1,0,1,1,1,1,1
427,0,1,1,0,1,0,1,0,1,1
404,0,1,1,0,0,1,0,1,0,0
473,0,1,1,1,0,1,1,0,0,1
988,1,1,1,1,0,1,1,1,0,0
988,1,1,1,1,0,1,1,1,0,0
92,0,0,0,1,0,1,1,1,0,0
397,0,1,1,0,0,0,1,1,0,1
748,1,0,1,1,1,0,1,1,0,0
912,1,1,1,0,0,1,0,0,0,0
237,0,0,1,1,1,0,1,1,0,1
932,1,1,1,0,1,0,0,1,0,0
194,0,0,1,1,0,0,0,0,1,0
570,1,0,0,0,1,1,1,0,1,0
321,0,1,0,1,0,0,0,0,0,1
214,0,0,1,1,0,1,0,1,1,0
555,1,0,0,0,1,0,1,0,1,1
779,1,1,0,0,0,0,1,0,1,1
17,0,0,0,0,0,1,0,0,0,1
477,0,1,1,1,0,1,1,1,0,1
440,0,1,1,0,1,1,1,0,0,0
905,1,1,1,0,0,0,1,0,0,1
404,0,1,1,0,0,1,0,1,0,0
802,1,1,0,0,1,0,0,0,1,0
217,0,0,1,1,0,1,1,0,0,1
50,0,0,0,0,1,1,0,0,1,0
130,0,0,1,0,0,0,0,0,1,0
768,1,1,0,0,0,0,0,0,0,0
142,0,0,1,0,0,0,1,1,1,0
604,1,0,0,1,0,1,1,1,0,0
173,0,0,1,0,1,0,1,1,0,1
172,0,0,1,0,1,0,1,1,0,0
681,1,0,1,0,1,0,1,0,0,1
997,1,1,1,1,1,0,0,1,0,1
416,0,1,1,0,1,0,0,0,0,0
19,0,0,0,0,0,1,0,0,1,1
794,1,1,0,0,0,1,1,0,1,0
792,1,1,0,0,0,1,1,0,0,0
794,1,1,0,0,0,1,1,0,1,0
144,0,0,1,0,0,1,0,0,0,0
895,1,1,0,1,1,1,1,1,1,1
513,1,0,0,0,0,0,0,0,0,1
197,0,0,1,1,0,0,0,1,0,1
462,0,1,1,1,0,0,1,1,1,0
610,1,0,0,1,1,0,0,0,1,0
383,0,1,0,1,1,1,1,1,1,1
846,1,1,0,1,0,0,1,1,1,0
560,1,0,0,0,1,1,0,0,0,0
795,1,1,0,0,0,1,1,0,1,1
504,0,1,1,1,1,1,1,0,0,0
927,1,1,1,0,0,1,1,1,1,1
175,0,0,1,0,1,0,1,1,1,1
482,0,1,1,1,1,0,0,0,1,0
599,1,0,0,1,0,1,0,1,1,1
700,1,0,1,0,1,1,1,1,0,0
601,1,0,0,1,0,1,1,0,0,1
892,1,1,0,1,1,1,1,1,0,0
82,0,0,0,1,0,1,0,0,1,0
274,0,1,0,0,0,1,0,0,1,0
968,1,1,1,1,0,0,1,0,0,0
718,1,0,1,1,0,0,1,1,1,0
543,1,0,0,0,0,1,1,1,1,1
847,1,1,0,1,0,0,1,1,1,1
39,0,0,0,0,1,0,0,1,1,1
431,0,1,1,0,1,0,1,1,1,1
72,0,0,0,1,0,0,1,0,0,0
709,1,0,1,1,0,0,0,1,0,1
375,0,1,0,1,1,1,0,1,1,1
417,0,1,1,0,1,0,0,0,0,1
381,0,1,0,1,1,1,1,1,0,1
770,1,1,0,0,0,0,0,0,1,0
1013,1,1,1,1,1,1,0,1,0,1
902,1,1,1,0,0,0,0,1,1,0
815,1,1,0,0,1,0,1,1,1,1
899,1,1,1,0,0,0,0,0,1,1
373,0,1,0,1,1,1,0,1,0,1
122,0,0,0,1,1,1,1,0,1,0
373,0,1,0,1,1,1,0,1,0,1
795,1,1,0,0,0,1,1,0,1,1
777,1,1,0,0,0,0,1,0,0,1
397,0,1,1,0,0,0,1,1,0,1
362,0,1,0,1,1,0,1,0,1,0
171,0,0,1,0,1,0,1,0,1,1
626,1,0,0,1,1,1,0,0,1,0
53,0,0,0,0,1,1,0,1,0,1
115,0,0,0,1,1,1,0,0,1,1
66,0,0,0,1,0,0,0,0,1,0
758,1,0,1,1,1,1,0,1,1,0
861,1,1,0,1,0,1,1,1,0,1
482,0,1,1,1,1,0,0,0,1,0
359,0,1,0,1,1,0,0,1,1,1
685,1,0,1,0,1,0,1,1,0,1
468,0,1,1,1,0,1,0,1,0,0
971,1,1,1,1,0,0,1,0,1,1
943,1,1,1,0,1,0,1,1,1,1
242,0,0,1,1,1,1,0,0,1,0
328,0,1,0,1,0,0,1,0,0,0
210,0,0,1,1,0,1,0,0,1,0
601,1,0,0,1,0,1,1,0,0,1
144,0,0,1,0,0,1,0,0,0,0
139,0,0,1,0,0,0,1,0,1,1
903,1,1,1,0,0,0,0,1,1,1
903,1,1,1,0,0,0,0,1,1,1
8,0,0,0,0,0,0,1,0,0,0
589,1,0,0,1,0,0,1,1,0,1
726,1,0,1,1,0,1,0,1,1,0
1003,1,1,1,1,1,0,1,0,1,1
484,0,1,1,1,1,0,0,1,0,0
771,1,1,0,0,0,0,0,0,1,1
395,0,1,1,0,0,0,1,0,1,1
288,0,1,0,0,1,0,0,0,0,0
332,0,1,0,1,0,0,1,1,0,0
981,1,1,1,1,0,1,0,1,0,1
494,0,1,1,1,1,0,1,1,1,0
275,0,1,0,0,0,1,0,0,1,1
671,1,0,1,0,0,1,1,1,1,1
641,1,0,1,0,0,0,0,0,0,1
78,0,0,0,1,0,0,1,1,1,0
932,1,1,1,0,1,0,0,1,0,0
338,0,1,0,1,0,1,0,0,1,0
860,1,1,0,1,0,1,1,1,0,0
146,0,0,1,0,0,1,0,0,1,0
32,0,0,0,0,1,0,0,0,0,0
69,0,0,0,1,0,0,0,1,0,1
48,0,0,0,0,1,1,0,0,0,0
743,1,0,1,1,1,0,0,1,1,1
137,0,0,1,0,0,0,1,0,0,1
728,1,0,1,1,0,1,1,0,0,0
666,1,0,1,0,0,1,1,0,1,0
589,1,0,0,1,0,0,1,1,0,1
131,0,0,1,0,0,0,0,0,1,1
495,0,1,1,1,1,0,1,1,1,1
889,1,1,0,1,1,1,1,0,0,1
934,1,1,1,0,1,0,0,1,1,0
759,1,0,1,1,1,1,0,1,1,1
302,0,1,0,0,1,0,1,1,1,0
203,0,0,1,1,0,0,1,0,1,1
397,0,1,1,0,0,0,1,1,0,1
498,0,1,1,1,1,1,0,0,1,0
455,0,1,1,1,0,0,0,1,1,1
793,1,1,0,0,0,1,1,0,0,1
270,0,1,0,0,0,0,1,1,1,0
692,1,0,1,0,1,1,0,1,0,0
503,0,1,1,1,1,1,0,1,1,1
46,0,0,0,0,1,0,1,1,1,0
514,1,0,0,0,0,0,0,0,1,0
756,1,0,1,1,1,1,0,1,0,0
342,0,1,0,1,0,1,0,1,1,0
505,0,1,1,1,1,1,1,0,0,1
354,0,1,0,1,1,0,0,0,1,0
566,1,0,0,0,1,1,0,1,1,0
80,0,0,0,1,0,1,0,0,0,0
254,0,0,1,1,1,1,1,1,1,0
705,1,0,1,1,0,0,0,0,0,1
69,0,0,0,1,0,0,0,1,0,1
765,1,0,1,1,1,1,1,1,0,1
669,1,0,1,0,0,1,1,1,0,1
458,0,1,1,1,0,0,1,0,1,0
397,0,1,1,0,0,0,1,1,0,1
427,0,1,1,0,1,0,1,0,1,1
614,1,0,0,1,1,0,0,1,1,0
207,0,0,1,1,0,0,1,1,1,1
455,0,1,1,1,0,0,0,1,1,1
703,1,0,1,0,1,1,1,1,1,1
27,0,0,0,0,0,1,1,0,1,1
846,1,1,0,1,0,0,1,1,1,0
640,1,0,1,0,0,0,0,0,0,0
740,1,0,1,1,1,0,0,1,0,0
1016,1,1,1,1,1,1,1,0,0,0
750,1,0,1,1,1,0,1,1,1,0
472,0,1,1,1,0,1,1,0,0,0
78,0,0,0,1,0,0,1,1,1,0
50,0,0,0,0,1,1,0,0,1,0
1021,1,1,1,1,1,1,1,1,0,1
982,1,1,1,1,0,1,0,1,1,0
400,0,1,1,0,0,1,0,0,0,0
504,0,1,1,1,1,1,1,0,0,0
524,1,0,0,0,0,0,1,1,0,0
818,1,1,0,0,1,1,0,0,1,0
590,1,0,0,1,0,0,1,1,1,0
979,1,1,1,1,0,1,0,0,1,1
744,1,0,1,1,1,0,1,0,0,0
861,1,1,0,1,0,1,1,1,0,1
484,0,1,1,1,1,0,0,1,0,0
487,0,1,1,1,1,0,0,1,1,1
471,0,1,1,1,0,1,0,1,1,1
345,0,1,0,1,0,1,1,0,0,1
839,1,1,0,1,0,0,0,1,1,1
654,1,0,1,0,0,0,1,1,1,0
285,0,1,0,0,0,1,1,1,0,1
629,1,0,0,1,1,1,0,1,0,1
702,1,0,1,0,1,1,1,1,1,0
857,1,1,0,1,0,1,1,0,0,1
262,0,1,0,0,0,0,0,1,1,0
660,1,0,1,0,0,1,0,1,0,0
376,0,1,0,1,1,1,1,0,0,0
472,0,1,1,1,0,1,1,0,0,0
57,0,0,0,0,1,1,1,0,0,1
353,0,1,0,1,1,0,0,0,0,1
1002,1,1,1,1,1,0,1,0,1,0
343,0,1,0,1,0,1,0,1,1,1
482,0,1,1,1,1,0,0,0,1,0
27,0,0,0,0,0,1,1,0,1,1
912,1,1,1,0,0,1,0,0,0,0
117,0,0,0,1,1,1,0,1,0,1
695,1,0,1,0,1,1,0,1,1,1
770,1,1,0,0,0,0,0,0,1,0
444,0,1,1,0,1,1,1,1,0,0
935,1,1,1,0,1,0,0,1,1,1
964,1,1,1,1,0,0,0,1,0,0
698,1,0,1,0,1,1,1,0,1,0
272,0,1,0,0,0,1,0,0,0,0
240,0,0,1,1,1,1,0,0,0,0
796,1,1,0,0,0,1,1,1,0,0
465,0,1,1,1,0,1,0,0,0,1
1005,1,1,1,1,1,0,1,1,0,1
650,1,0,1,0,0,0,1,0,1,0
767,1,0,1,1,1,1,1,1,1,1
520,1,0,0,0,0,0,1,0,0,0
391,0,1,1,0,0,0,0,1,1,1
365,0,1,0,1,1,0,1,1,0,1
640,1,0,1,0,0,0,0,0,0,0
8,0,0,0,0,0,0,1,0,0,0
702,1,0,1,0,1,1,1,1,1,0
245,0,0,1,1,1,1,0,1,0,1
979,1,1,1,1,0,1,0,0,1,1
972,1,1,1,1,0,0,1,1,0,0
355,0,1,0,1,1,0,0,0,1,1
343,0,1,0,1,0,1,0,1,1,1
411,0,1,1,0,0,1,1,0,1,1
101,0,0,0,1,1,0,0,1,0,1
219,0,0,1,1,0,1,1,0,1,1
775,1,1,0,0,0,0,0,1,1,1
115,0,0,0,1,1,1,0,0,1,1
621,1,0,0,1,1,0,1,1,0,1
877,1,1,0,1,1,0,1,1,0,1
832,1,1,0,1,0,0,0,0,0,0
442,0,1,1,0,1,1,1,0,1,0
285,0,1,0,0,0,1,1,1,0,1
812,1,1,0,0,1,0,1,1,0,0
51,0,0,0,0,1,1,0,0,1,1
250,0,0,1,1,1,1,1,0,1,0
680,1,0,1,0,1,0,1,0,0,0
429,0,1,1,0,1,0,1,1,0,1
466,0,1,1,1,0,1,0,0,1,0
646,1,0,1,0,0,0,0,1,1,0
118,0,0,0,1,1,1,0,1,1,0
515,1,0,0,0,0,0,0,0,1,1
464,0,1,1,1,0,1,0,0,0,0
109,0,0,0,1,1,0,1,1,0,1
297,0,1,0,0,1,0,1,0,0,1
863,1,1,0,1,0,1,1,1,1,1
228,0,0,1,1,1,0,0,1,0,0
529,1,0,0,0,0,1,0,0,0,1
1008,1,1,1,1,1,1,0,0,0,0
601,1,0,0,1,0,1,1,0,0,1
281,0,1,0,0,0,1,1,0,0,1
956,1,1,1,0,1,1,1,1,0,0
410,0,1,1,0,0,1,1,0,1,0
750,1,0,1,1,1,0,1,1,1,0
663,1,0,1,0,0,1,0,1,1,1
524,1,0,0,0,0,0,1,1,0,0
538,1,0,0,0,0,1,1,0,1,0
748,1,0,1,1,1,0,1,1,0,0
73,0,0,0,1,0,0,1,0,0,1
604,1,0,0,1,0,1,1,1,0,0
295,0,1,0,0,1,0,0,1,1,1
69,0,0,0,1,0,0,0,1,0,1
411,0,1,1,0,0,1,1,0,1,1
654,1,0,1,0,0,0,1,1,1,0
7,0,0,0,0,0,0,0,1,1,1
686,1,0,1,0,1,0,1,1,1,0
997,1,1,1,1,1,0,0,1,0,1
950,1,1,1,0,1,1,0,1,1,0
478,0,1,1,1,0,1,1,1,1,0
326,0,1,0,1,0,0,0,1,1,0
666,1,0,1,0,0,1,1,0,1,0
483,0,1,1,1,1,0,0,0,1,1
456,0,1,1,1,0,0,1,0,0,0
176,0,0,1,0,1,1,0,0,0,0
945,1,1,1,0,1,1,0,0,0,1
360,0,1,0,1,1,0,1,0,0,0
944,1,1,1,0,1,1,0,0,0,0
65,0,0,0,1,0,0,0,0,0,1
395,0,1,1,0,0,0,1,0,1,1
205,0,0,1,1,0,0,1,1,0,1
113,0,0,0,1,1,1,0,0,0,1
127,0,0,0,1,1,1,1,1,1,1
51,0,0,0,0,1,1,0,0,1,1
693,1,0,1,0,1,1,0,1,0,1
767,1,0,1,1,1,1,1,1,1,1
736,1,0,1,1,1,0,0,0,0,0
374,0,1,0,1,1,1,0,1,1,0
319,0,1,0,0,1,1,1,1,1,1
772,1,1,0,0,0,0,0,1,0,0
657,1,0,1,0,0,1,0,0,0,1
973,1,1,1,1,0,0,1,1,0,1
409,0,1,1,0,0,1,1,0,0,1
508,0,1,1,1,1,1,1,1,0,0
714,1,0,1,1,0,0,1,0,1,0
946,1,1,1,0,1,1,0,0,1,0
910,1,1,1,0,0,0,1,1,1,0
270,0,1,0,0,0,0,1,1,1,0
187,0,0,1,0,1,1,1,0,1,1
348,0,1,0,1,0,1,1,1,0,0
271,0,1,0,0,0,0,1,1,1,1
855,1,1,0,1,0,1,0,1,1,1
620,1,0,0,1,1,0,1,1,0,0
246,0,0,1,1,1,1,0,1,1,0
526,1,0,0,0,0,0,1,1,1,0
273,0,1,0,0,0,1,0,0,0,1
315,0,1,0,0,1,1,1,0,1,1
655,1,0,1,0,0,0,1,1,1,1
420,0,1,1,0,1,0,0,1,0,0
475,0,1,1,1,0,1,1,0,1,1
374,0,1,0,1,1,1,0,1,1,0
765,1,0,1,1,1,1,1,1,0,1
280,0,1,0,0,0,1,1,0,0,0
105,0,0,0,1,1,0,1,0,0,1
314,0,1,0,0,1,1,1,0,1,0
358,0,1,0,1,1,0,0,1,1,0
600,1,0,0,1,0,1,1,0,0,0
1009,1,1,1,1,1,1,0,0,0,1
268,0,1,0,0,0,0,1,1,0,0
771,1,1,0,0,0,0,0,0,1,1
881,1,1,0,1,1,1,0,0,0,1
590,1,0,0,1,0,0,1,1,1,0
795,1,1,0,0,0,1,1,0,1,1
887,1,1,0,1,1,1,0,1,1,1
332,0,1,0,1,0,0,1,1,0,0
1017,1,1,1,1,1,1,1,0,0,1
817,1,1,0,0,1,1,0,0,0,1
739,1,0,1,1,1,0,0,0,1,1
380,0,1,0,1,1,1,1,1,0,0
749,1,0,1,1,1,0,1,1,0,1
7,0,0,0,0,0,0,0,1,1,1
1004,1,1,1,1,1,0,1,1,0,0
266,0,1,0,0,0,0,1,0,1,0
172,0,0,1,0,1,0,1,1,0,0
383,0,1,0,1,1,1,1,1,1,1
150,0,0,1,0,0,1,0,1,1,0
808,1,1,0,0,1,0,1,0,0,0
742,1,0,1,1,1,0,0,1,1,0
104,0,0,0,1,1,0,1,0,0,0
469,0,1,1,1,0,1,0,1,0,1
508,0,1,1,1,1,1,1,1,0,0
427,0,1,1,0,1,0,1,0,1,1
965,1,1,1,1,0,0,0,1,0,1
106,0,0,0,1,1,0,1,0,1,0
735,1,0,1,1,0,1,1,1,1,1
987,1,1,1,1,0,1,1,0,1,1
866,1,1,0,1,1,0,0,0,1,0
595,1,0,0,1,0,1,0,0,1,1
336,0,1,0,1,0,1,0,0,0,0
911,1,1,1,0,0,0,1,1,1,1
45,0,0,0,0,1,0,1,1,0,1
702,1,0,1,0,1,1,1,1,1,0
989,1,1,1,1,0,1,1,1,0,1
887,1,1,0,1,1,1,0,1,1,1
558,1,0,0,0,1,0,1,1,1,0
404,0,1,1,0,0,1,0,1,0,0
491,0,1,1,1,1,0,1,0,1,1
560,1,0,0,0,1,1,0,0,0,0
997,1,1,1,1,1,0,0,1,0,1
613,1,0,0,1,1,0,0,1,0,1
577,1,0,0,1,0,0,0,0,0,1
116,0,0,0,1,1,1,0,1,0,0
983,1,1,1,1,0,1,0,1,1,1
256,0,1,0,0,0,0,0,0,0,0
461,0,1,1,1,0,0,1,1,0,1
265,0,1,0,0,0,0,1,0,0,1
827,1,1,0,0,1,1,1,0,1,1
75,0,0,0,1,0,0,1,0,1,1
473,0,1,1,1,0,1,1,0,0,1
648,1,0,1,0,0,0,1,0,0,0
826,1,1,0,0,1,1,1,0,1,0
293,0,1,0,0,1,0,0,1,0,1
610,1,0,0,1,1,0,0,0,1,0
101,0,0,0,1,1,0,0,1,0,1
935,1,1,1,0,1,0,0,1,1,1
477,0,1,1,1,0,1,1,1,0,1
24,0,0,0,0,0,1,1,0,0,0
395,0,1,1,0,0,0,1,0,1,1
320,0,1,0,1,0,0,0,0,0,0
857,1,1,0,1,0,1,1,0,0,1
1002,1,1,1,1,1,0,1,0,1,0
78,0,0,0,1,0,0,1,1,1,0
547,1,0,0,0,1,0,0,0,1,1
41,0,0,0,0,1,0,1,0,0,1
182,0,0,1,0,1,1,0,1,1,0
163,0,0,1,0,1,0,0,0,1,1
514,1,0,0,0,0,0,0,0,1,0
298,0,1,0,0,1,0,1,0,1,0
652,1,0,1,0,0,0,1,1,0,0
1009,1,1,1,1,1,1,0,0,0,1
585,1,0,0,1,0,0,1,0,0,1
924,1,1,1,0,0,1,1,1,0,0
415,0,1,1,0,0,1,1,1,1,1
904,1,1,1,0,0,0,1,0,0,0
915,1,1,1,0,0,1,0,0,1,1
1023,1,1,1,1,1,1,1,1,1,1
286,0,1,0,0,0,1,1,1,1,0
491,0,1,1,1,1,0,1,0,1,1
970,1,1,1,1,0,0,1,0,1,0
671,1,0,1,0,0,1,1,1,1,1
396,0,1,1,0,0,0,1,1,0,0
659,1,0,1,0,0,1,0,0,1,1
448,0,1,1,1,0,0,0,0,0,0
401,0,1,1,0,0,1,0,0,0,1
865,1,1,0,1,1,0,0,0,0,1
522,1,0,0,0,0,0,1,0,1,0
639,1,0,0,1,1,1,1,1,1,1
565,1,0,0,0,1,1,0,1,0,1
904,1,1,1,0,0,0,1,0,0,0
121,0,0,0,1,1,1,1,0,0,1
91,0,0,0,1,0,1,1,0,1,1
927,1,1,1,0,0,1,1,1,1,1
842,1,1,0,1,0,0,1,0,1,0
267,0,1,0,0,0,0,1,0,1,1
781,1,1,0,0,0,0,1,1,0,1
1020,1,1,1,1,1,1,1,1,0,0
717,1,0,1,1,0,0,1,1,0,1
426,0,1,1,0,1,0,1,0,1,0
22,0,0,0,0,0,1,0,1,1,0
776,1,1,0,0,0,0,1,0,0,0
798,1,1,0,0,0,1,1,1,1,0
535,1,0,0,0,0,1,0,1,1,1
23,0,0,0,0,0,1,0,1,1,1
575,1,0,0,0,1,1,1,1,1,1
274,0,1,0,0,0,1,0,0,1,0
459,0,1,1,1,0,0,1,0,1,1
561,1,0,0,0,1,1,0,0,0,1
531,1,0,0,0,0,1,0,0,1,1
275,0,1,0,0,0,1,0,0,1,1
524,1,0,0,0,0,0,1,1,0,0
12,0,0,0,0,0,0,1,1,0,0
386,0,1,1,0,0,0,0,0,1,0
375,0,1,0,1,1,1,0,1,1,1
412,0,1,1,0,0,1,1,1,0,0
107,0,0,0,1,1,0,1,0,1,1
245,0,0,1,1,1,1,0,1,0,1
104,0,0,0,1,1,0,1,0,0,0
187,0,0,1,0,1,1,1,0,1,1
879,1,1,0,1,1,0,1,1,1,1
733,1,0,1,1,0,1,1,1,0,1
983,1,1,1,1,0,1,0,1,1,1
196,0,0,1,1,0,0,0,1,0,0
149,0,0,1,0,0,1,0,1,0,1
507,0,1,1,1,1,1,1,0,1,1
849,1,1,0,1,0,1,0,0,0,1
458,0,1,1,1,0,0,1,0,1,0
800,1,1,0,0,1,0,0,0,0,0
533,1,0,0,0,0,1,0,1,0,1
45,0,0,0,0,1,0,1,1,0,1
515,1,0,0,0,0,0,0,0,1,1
469,0,1,1,1,0,1,0,1,0,1
652,1,0,1,0,0,0,1,1,0,0
434,0,1,1,0,1,1,0,0,1,0
299,0,1,0,0,1,0,1,0,1,1
101,0,0,0,1,1,0,0,1,0,1
89,0,0,0,1,0,1,1,0,0,1
190,0,0,1,0,1,1,1,1,1,0
867,1,1,0,1,1,0,0,0,1,1
737,1,0,1,1,1,0,0,0,0,1
890,1,1,0,1,1,1,1,0,1,0
551,1,0,0,0,1,0,0,1,1,1
577,1,0,0,1,0,0,0,0,0,1
1012,1,1,1,1,1,1,0,1,0,0
92,0,0,0,1,0,1,1,1,0,0
1007,1,1,1,1,1,0,1,1,1,1
422,0,1,1,0,1,0,0,1,1,0
428,0,1,1,0,1,0,1,1,0,0
728,1,0,1,1,0,1,1,0,0,0
694,1,0,1,0,1,1,0,1,1,0
1009,1,1,1,1,1,1,0,0,0,1
144,0,0,1,0,0,1,0,0,0,0
197,0,0,1,1,0,0,0,1,0,1
677,1,0,1,0,1,0,0,1,0,1
280,0,1,0,0,0,1,1,0,0,0
549,1,0,0,0,1,0,0,1,0,1
960,1,1,1,1,0,0,0,0,0,0
148,0,0,1,0,0,1,0,1,0,0
749,1,0,1,1,1,0,1,1,0,1
566,1,0,0,0,1,1,0,1,1,0
171,0,0,1,0,1,0,1,0,1,1
1007,1,1,1,1,1,0,1,1,1,1
568,1,0,0,0,1,1,1,0,0,0
961,1,1,1,1,0,0,0,0,0,1
414,0,1,1,0,0,1,1,1,1,0
538,1,0,0,0,0,1,1,0,1,0
483,0,1,1,1,1,0,0,0,1,1
283,0,1,0,0,0,1,1,0,1,1
738,1,0,1,1,1,0,0,0,1,0
663,1,0,1,0,0,1,0,1,1,1
897,1,1,1,0,0,0,0,0,0,1
891,1,1,0,1,1,1,1,0,1,1
612,1,0,0,1,1,0,0,1,0,0
313,0,1,0,0,1,1,1,0,0,1
970,1,1,1,1,0,0,1,0,1,0
485,0,1,1,1,1,0,0,1,0,1
966,1,1,1,1,0,0,0,1,1,0
374,0,1,0,1,1,1,0,1,1,0
807,1,1,0,0,1,0,0,1,1,1
933,1,1,1,0,1,0,0,1,0,1
11,0,0,0,0,0,0,1,0,1,1
82,0,0,0,1,0,1,0,0,1,0
527,1,0,0,0,0,0,1,1,1,1
527,1,0,0,0,0,0,1,1,1,1
536,1,0,0,0,0,1,1,0,0,0
120,0,0,0,1,1,1,1,0,0,0
299,0,1,0,0,1,0,1,0,1,1
171,0,0,1,0,1,0,1,0,1,1
237,0,0,1,1,1,0,1,1,0,1
258,0,1,0,0,0,0,0,0,1,0
605,1,0,0,1,0,1,1,1,0,1
775,1,1,0,0,0,0,0,1,1,1
541,1,0,0,0,0,1,1,1,0,1
607,1,0,0,1,0,1,1,1,1,1
98,0,0,0,1,1,0,0,0,1,0
308,0,1,0,0,1,1,0,1,0,0
226,0,0,1,1,1,0,0,0,1,0
153,0,0,1,0,0,1,1,0,0,1
851,1,1,0,1,0,1,0,0,1,1
297,0,1,0,0,1,0,1,0,0,1
98,0,0,0,1,1,0,0,0,1,0
431,0,1,1,0,1,0,1,1,1,1
140,0,0,1,0,0,0,1,1,0,0
131,0,0,1,0,0,0,0,0,1,1
952,1,1,1,0,1,1,1,0,0,0
473,0,1,1,1,0,1,1,0,0,1
997,1,1,1,1,1,0,0,1,0,1
597,1,0,0,1,0,1,0,1,0,1
76,0,0,0,1,0,0,1,1,0,0
181,0,0,1,0,1,1,0,1,0,1
894,1,1,0,1,1,1,1,1,1,0
871,1,1,0,1,1,0,0,1,1,1
680,1,0,1,0,1,0,1,0,0,0
228,0,0,1,1,1,0,0,1,0,0
235,0,0,1,1,1,0,1,0,1,1
382,0,1,0,1,1,1,1,1,1,0
823,1,1,0,0,1,1,0,1,1,1
329,0,1,0,1,0,0,1,0,0,1
58,0,0,0,0,1,1,1,0,1,0
644,1,0,1,0,0,0,0,1,0,0
458,0,1,1,1,0,0,1,0,1,0
272,0,1,0,0,0,1,0,0,0,0
945,1,1,1,0,1,1,0,0,0,1
330,0,1,0,1,0,0,1,0,1,0
799,1,1,0,0,0,1,1,1,1,1
861,1,1,0,1,0,1,1,1,0,1
827,1,1,0,0,1,1,1,0,1,1
732,1,0,1,1,0,1,1,1,0,0
711,1,0,1,1,0,0,0,1,1,1
690,1,0,1,0,1,1,0,0,1,0
963,1,1,1,1,0,0,0,0,1,1
83,0,0,0,1,0,1,0,0,1,1
250,0,0,1,1,1,1,1,0,1,0
825,1,1,0,0,1,1,1,0,0,1
374,0,1,0,1,1,1,0,1,1,0
491,0,1,1,1,1,0,1,0,1,1
559,1,0,0,0,1,0,1,1,1,1
983,1,1,1,1,0,1,0,1,1,1
518,1,0,0,0,0,0,0,1,1,0
250,0,0,1,1,1,1,1,0,1,0
763,1,0,1,1,1,1,1,0,1,1
1017,1,1,1,1,1,1,1,0,0,1
983,1,1,1,1,0,1,0,1,1,1
525,1,0,0,0,0,0,1,1,0,1
783,1,1,0,0,0,0,1,1,1,1
893,1,1,0,1,1,1,1,1,0,1
616,1,0,0,1,1,0,1,0,0,0
591,1,0,0,1,0,0,1,1,1,1
1023,1,1,1,1,1,1,1,1,1,1
395,0,1,1,0,0,0,1,0,1,1
64,0,0,0,1,0,0,0,0,0,0
174,0,0,1,0,1,0,1,1,1,0
803,1,1,0,0,1,0,0,0,1,1
261,0,1,0,0,0,0,0,1,0,1
243,0,0,1,1,1,1,0,0,1,1
1010,1,1,1,1,1,1,0,0,1,0
676,1,0,1,0,1,0,0,1,0,0
232,0,0,1,1,1,0,1,0,0,0
806,1,1,0,0,1,0,0,1,1,0
605,1,0,0,1,0,1,1,1,0,1
187,0,0,1,0,1,1,1,0,1,1
625,1,0,0,1,1,1,0,0,0,1
323,0,1,0,1,0,0,0,0,1,1
648,1,0,1,0,0,0,1,0,0,0
503,0,1,1,1,1,1,0,1,1,1
851,1,1,0,1,0,1,0,0,1,1
597,1,0,0,1,0,1,0,1,0,1
156,0,0,1,0,0,1,1,1,0,0
573,1,0,0,0,1,1,1,1,0,1
642,1,0,1,0,0,0,0,0,1,0
808,1,1,0,0,1,0,1,0,0,0
631,1,0,0,1,1,1,0,1,1,1
73,0,0,0,1,0,0,1,0,0,1
1016,1,1,1,1,1,1,1,0,0,0
230,0,0,1,1,1,0,0,1,1,0
310,0,1,0,0,1,1,0,1,1,0
360,0,1,0,1,1,0,1,0,0,0
473,0,1,1,1,0,1,1,0,0,1
562,1,0,0,0,1,1,0,0,1,0
214,0,0,1,1,0,1,0,1,1,0
386,0,1,1,0,0,0,0,0,1,0
230,0,0,1,1,1,0,0,1,1,0
858,1,1,0,1,0,1,1,0,1,0
801,1,1,0,0,1,0,0,0,0,1
765,1,0,1,1,1,1,1,1,0,1
632,1,0,0,1,1,1,1,0,0,0
116,0,0,0,1,1,1,0,1,0,0
978,1,1,1,1,0,1,0,0,1,0
573,1,0,0,0,1,1,1,1,0,1
258,0,1,0,0,0,0,0,0,1,0
898,1,1,1,0,0,0,0,0,1,0
612,1,0,0,1,1,0,0,1,0,0
42,0,0,0,0,1,0,1,0,1,0
869,1,1,0,1,1,0,0,1,0,1
489,0,1,1,1,1,0,1,0,0,1
947,1,1,1,0,1,1,0,0,1,1
1020,1,1,1,1,1,1,1,1,0,0
1003,1,1,1,1,1,0,1,0,1,1
1015,1,1,1,1,1,1,0,1,1,1
842,1,1,0,1,0,0,1,0,1,0
656,1,0,1,0,0,1,0,0,0,0
718,1,0,1,1,0,0,1,1,1,0
190,0,0,1,0,1,1,1,1,1,0
659,1,0,1,0,0,1,0,0,1,1
556,1,0,0,0,1,0,1,1,0,0
872,1,1,0,1,1,0,1,0,0,0
519,1,0,0,0,0,0,0,1,1,1
738,1,0,1,1,1,0,0,0,1,0
176,0,0,1,0,1,1,0,0,0,0
986,1,1,1,1,0,1,1,0,1,0
141,0,0,1,0,0,0,1,1,0,1
990,1,1,1,1,0,1,1,1,1,0
358,0,1,0,1,1,0,0,1,1,0
793,1,1,0,0,0,1,1,0,0,1
828,1,1,0,0,1,1,1,1,0,0
70,0,0,0,1,0,0,0,1,1,0
66,0,0,0,1,0,0,0,0,1,0
52,0,0,0,0,1,1,0,1,0,0
46,0,0,0,0,1,0,1,1,1,0
54,0,0,0,0,1,1,0,1,1,0
254,0,0,1,1,1,1,1,1,1,0
619,1,0,0,1,1,0,1,0,1,1
35,0,0,0,0,1,0,0,0,1,1
328,0,1,0,1,0,0,1,0,0,0
785,1,1,0,0,0,1,0,0,0,1
273,0,1,0,0,0,1,0,0,0,1
125,0,0,0,1,1,1,1,1,0,1
999,1,1,1,1,1,0,0,1,1,1
645,1,0,1,0,0,0,0,1,0,1
559,1,0,0,0,1,0,1,1,1,1
11,0,0,0,0,0,0,1,0,1,1
821,1,1,0,0,1,1,0,1,0,1
514,1,0,0,0,0,0,0,0,1,0
632,1,0,0,1,1,1,1,0,0,0
157,0,0,1,0,0,1,1,1,0,1
975,1,1,1,1,0,0,1,1,1,1
890,1,1,0,1,1,1,1,0,1,0
978,1,1,1,1,0,1,0,0,1,0
506,0,1,1,1,1,1,1,0,1,0
555,1,0,0,0,1,0,1,0,1,1
473,0,1,1,1,0,1,1,0,0,1
267,0,1,0,0,0,0,1,0,1,1
532,1,0,0,0,0,1,0,1,0,0
603,1,0,0,1,0,1,1,0,1,1
108,0,0,0,1,1,0,1,1,0,0
419,0,1,1,0,1,0,0,0,1,1
962,1,1,1,1,0,0,0,0,1,0
134,0,0,1,0,0,0,0,1,1,0
490,0,1,1,1,1,0,1,0,1,0
713,1,0,1,1,0,0,1,0,0,1
868,1,1,0,1,1,0,0,1,0,0
557,1,0,0,0,1,0,1,1,0,1
895,1,1,0,1,1,1,1,1,1,1
109,0,0,0,1,1,0,1,1,0,1
182,0,0,1,0,1,1,0,1,1,0
881,1,1,0,1,1,1,0,0,0,1
42,0,0,0,0,1,0,1,0,1,0
682,1,0,1,0,1,0,1,0,1,0
140,0,0,1,0,0,0,1,1,0,0
919,1,1,1,0,0,1,0,1,1,1
657,1,0,1,0,0,1,0,0,0,1
814,1,1,0,0,1,0,1,1,1,0
472,0,1,1,1,0,1,1,0,0,0
744,1,0,1,1,1,0,1,0,0,0
720,1,0,1,1,0,1,0,0,0,0
721,1,0,1,1,0,1,0,0,0,1
341,0,1,0,1,0,1,0,1,0,1
282,0,1,0,0,0,1,1,0,1,0
183,0,0,1,0,1,1,0,1,1,1
201,0,0,1,1,0,0,1,0,0,1
481,0,1,1,1,1,0,0,0,0,1
474,0,1,1,1,0,1,1,0,1,0
415,0,1,1,0,0,1,1,1,1,1
993,1,1,1,1,1,0,0,0,0,1
497,0,1,1,1,1,1,0,0,0,1
217,0,0,1,1,0,1,1,0,0,1
547,1,0,0,0,1,0,0,0,1,1
278,0,1,0,0,0,1,0,1,1,0
528,1,0,0,0,0,1,0,0,0,0
837,1,1,0,1,0,0,0,1,0,1
700,1,0,1,0,1,1,1,1,0,0
25,0,0,0,0,0,1,1,0,0,1
637,1,0,0,1,1,1,1,1,0,1
261,0,1,0,0,0,0,0,1,0,1
318,0,1,0,0,1,1,1,1,1,0
173,0,0,1,0,1,0,1,1,0,1
182,0,0,1,0,1,1,0,1,1,0
960,1,1,1,1,0,0,0,0,0,0
996,1,1,1,1,1,0,0,1,0,0
98,0,0,0,1,1,0,0,0,1,0
106,0,0,0,1,1,0,1,0,1,0
542,1,0,0,0,0,1,1,1,1,0
972,1,1,1,1,0,0,1,1,0,0
960,1,1,1,1,0,0,0,0,0,0
679,1,0,1,0,1,0,0,1,1,1
521,1,0,0,0,0,0,1,0,0,1
285,0,1,0,0,0,1,1,1,0,1
233,0,0,1,1,1,0,1,0,0,1
273,0,1,0,0,0,1,0,0,0,1
184,0,0,1,0,1,1,1,0,0,0
118,0,0,0,1,1,1,0,1,1,0
436,0,1,1,0,1,1,0,1,0,0
813,1,1,0,0,1,0,1,1,0,1
659,1,0,1,0,0,1,0,0,1,1
791,1,1,0,0,0,1,0,1,1,1
242,0,0,1,1,1,1,0,0,1,0
982,1,1,1,1,0,1,0,1,1,0
204,0,0,1,1,0,0,1,1,0,0
1003,1,1,1,1,1,0,1,0,1,1
886,1,1,0,1,1,1,0,1,1,0
620,1,0,0,1,1,0,1,1,0,0
988,1,1,1,1,0,1,1,1,0,0
585,1,0,0,1,0,0,1,0,0,1
718,1,0,1,1,0,0,1,1,1,0
151,0,0,1,0,0,1,0,1,1,1
888,1,1,0,1,1,1,1,0,0,0
470,0,1,1,1,0,1,0,1,1,0
1005,1,1,1,1,1,0,1,1,0,1
999,1,1,1,1,1,0,0,1,1,1
848,1,1,0,1,0,1,0,0,0,0
1002,1,1,1,1,1,0,1,0,1,0
585,1,0,0,1,0,0,1,0,0,1
63,0,0,0,0,1,1,1,1,1,1
101,0,0,0,1,1,0,0,1,0,1
337,0,1,0,1,0,1,0,0,0,1
128,0,0,1,0,0,0,0,0,0,0
693,1,0,1,0,1,1,0,1,0,1
923,1,1,1,0,0,1,1,0,1,1
472,0,1,1,1,0,1,1,0,0,0
248,0,0,1,1,1,1,1,0,0,0
360,0,1,0,1,1,0,1,0,0,0
238,0,0,1,1,1,0,1,1,1,0
494,0,1,1,1,1,0,1,1,1,0
276,0,1,0,0,0,1,0,1,0,0
814,1,1,0,0,1,0,1,1,1,0
322,0,1,0,1,0,0,0,0,1,0
680,1,0,1,0,1,0,1,0,0,0
838,1,1,0,1,0,0,0,1,1,0
807,1,1,0,0,1,0,0,1,1,1
217,0,0,1,1,0,1,1,0,0,1
531,1,0,0,0,0,1,0,0,1,1
662,1,0,1,0,0,1,0,1,1,0
238,0,0,1,1,1,0,1,1,1,0
206,0,0,1,1,0,0,1,1,1,0
114,0,0,0,1,1,1,0,0,1,0
315,0,1,0,0,1,1,1,0,1,1
197,0,0,1,1,0,0,0,1,0,1
821,1,1,0,0,1,1,0,1,0,1
454,0,1,1,1,0,0,0,1,1,0
144,0,0,1,0,0,1,0,0,0,0
266,0,1,0,0,0,0,1,0,1,0
130,0,0,1,0,0,0,0,0,1,0
936,1,1,1,0,1,0,1,0,0,0
160,0,0,1,0,1,0,0,0,0,0
58,0,0,0,0,1,1,1,0,1,0
207,0,0,1,1,0,0,1,1,1,1
993,1,1,1,1,1,0,0,0,0,1
112,0,0,0,1,1,1,0,0,0,0
814,1,1,0,0,1,0,1,1,1,0
584,1,0,0,1,0,0,1,0,0,0
5,0,0,0,0,0,0,0,1,0,1
66,0,0,0,1,0,0,0,0,1,0
616,1,0,0,1,1,0,1,0,0,0
793,1,1,0,0,0,1,1,0,0,1
950,1,1,1,0,1,1,0,1,1,0
72,0,0,0,1,0,0,1,0,0,0
987,1,1,1,1,0,1,1,0,1,1
905,1,1,1,0,0,0,1,0,0,1
159,0,0,1,0,0,1,1,1,1,1
878,1,1,0,1,1,0,1,1,1,0
69,0,0,0,1,0,0,0,1,0,1
871,1,1,0,1,1,0,0,1,1,1
878,1,1,0,1,1,0,1,1,1,0
557,1,0,0,0,1,0,1,1,0,1
251,0,0,1,1,1,1,1,0,1,1
551,1,0,0,0,1,0,0,1,1,1
99,0,0,0,1,1,0,0,0,1,1
460,0,1,1,1,0,0,1,1,0,0
131,0,0,1,0,0,0,0,0,1,1
576,1,0,0,1,0,0,0,0,0,0
645,1,0,1,0,0,0,0,1,0,1
942,1,1,1,0,1,0,1,1,1,0
739,1,0,1,1,1,0,0,0,1,1
836,1,1,0,1,0,0,0,1,0,0
258,0,1,0,0,0,0,0,0,1,0
977,1,1,1,1,0,1,0,0,0,1
136,0,0,1,0,0,0,1,0,0,0
454,0,1,1,1,0,0,0,1,1,0
177,0,0,1,0,1,1,0,0,0,1
410,0,1,1,0,0,1,1,0,1,0
76,0,0,0,1,0,0,1,1,0,0
888,1,1,0,1,1,1,1,0,0,0
484,0,1,1,1,1,0,0,1,0,0
630,1,0,0,1,1,1,0,1,1,0
308,0,1,0,0,1,1,0,1,0,0
166,0,0,1,0,1,0,0,1,1,0
471,0,1,1,1,0,1,0,1,1,1
419,0,1,1,0,1,0,0,0,1,1
76,0,0,0,1,0,0,1,1,0,0
181,0,0,1,0,1,1,0,1,0,1
447,0,1,1,0,1,1,1,1,1,1
950,1,1,1,0,1,1,0,1,1,0
589,1,0,0,1,0,0,1,1,0,1
189,0,0,1,0,1,1,1,1,0,1
835,1,1,0,1,0,0,0,0,1,1
136,0,0,1,0,0,0,1,0,0,0
754,1,0,1,1,1,1,0,0,1,0
391,0,1,1,0,0,0,0,1,1,1
332,0,1,0,1,0,0,1,1,0,0
547,1,0,0,0,1,0,0,0,1,1
517,1,0,0,0,0,0,0,1,0,1
196,0,0,1,1,0,0,0,1,0,0
813,1,1,0,0,1,0,1,1,0,1
715,1,0,1,1,0,0,1,0,1,1
706,1,0,1,1,0,0,0,0,1,0
389,0,1,1,0,0,0,0,1,0,1
645,1,0,1,0,0,0,0,1,0,1
412,0,1,1,0,0,1,1,1,0,0
249,0,0,1,1,1,1,1,0,0,1
27,0,0,0,0,0,1,1,0,1,1
37,0,0,0,0,1,0,0,1,0,1
677,1,0,1,0,1,0,0,1,0,1
687,1,0,1,0,1,0,1,1,1,1
580,1,0,0,1,0,0,0,1,0,0
994,1,1,1,1,1,0,0,0,1,0
584,1,0,0,1,0,0,1,0,0,0
825,1,1,0,0,1,1,1,0,0,1
694,1,0,1,0,1,1,0,1,1,0
50,0,0,0,0,1,1,0,0,1,0
177,0,0,1,0,1,1,0,0,0,1
472,0,1,1,1,0,1,1,0,0,0
876,1,1,0,1,1,0,1,1,0,0
768,1,1,0,0,0,0,0,0,0,0
562,1,0,0,0,1,1,0,0,1,0
639,1,0,0,1,1,1,1,1,1,1
772,1,1,0,0,0,0,0,1,0,0
448,0,1,1,1,0,0,0,0,0,0
960,1,1,1,1,0,0,0,0,0,0
164,0,0,1,0,1,0,0,1,0,0
660,1,0,1,0,0,1,0,1,0,0
701,1,0,1,0,1,1,1,1,0,1
99,0,0,0,1,1,0,0,0,1,1
752,1,0,1,1,1,1,0,0,0,0
523,1,0,0,0,0,0,1,0,1,1
601,1,0,0,1,0,1,1,0,0,1
421,0,1,1,0,1,0,0,1,0,1
477,0,1,1,1,0,1,1,1,0,1
833,1,1,0,1,0,0,0,0,0,1
630,1,0,0,1,1,1,0,1,1,0
446,0,1,1,0,1,1,1,1,1,0
869,1,1,0,1,1,0,0,1,0,1
627,1,0,0,1,1,1,0,0,1,1
1017,1,1,1,1,1,1,1,0,0,1
539,1,0,0,0,0,1,1,0,1,1
583,1,0,0,1,0,0,0,1,1,1
134,0,0,1,0,0,0,0,1,1,0
943,1,1,1,0,1,0,1,1,1,1
496,0,1,1,1,1,1,0,0,0,0
584,1,0,0,1,0,0,1,0,0,0
376,0,1,0,1,1,1,1,0,0,0
897,1,1,1,0,0,0,0,0,0,1
674,1,0,1,0,1,0,0,0,1,0
708,1,0,1,1,0,0,0,1,0,0
903,1,1,1,0,0,0,0,1,1,1
365,0,1,0,1,1,0,1,1,0,1
396,0,1,1,0,0,0,1,1,0,0
207,0,0,1,1,0,0,1,1,1,1
806,1,1,0,0,1,0,0,1,1,0
790,1,1,0,0,0,1,0,1,1,0
481,0,1,1,1,1,0,0,0,0,1
626,1,0,0,1,1,1,0,0,1,0
687,1,0,1,0,1,0,1,1,1,1
471,0,1,1,1,0,1,0,1,1,1
628,1,0,0,1,1,1,0,1,0,0
703,1,0,1,0,1,1,1,1,1,1
126,0,0,0,1,1,1,1,1,1,0
1004,1,1,1,1,1,0,1,1,0,0
598,1,0,0,1,0,1,0,1,1,0
419,0,1,1,0,1,0,0,0,1,1
228,0,0,1,1,1,0,0,1,0,0
759,1,0,1,1,1,1,0,1,1,1
35,0,0,0,0,1,0,0,0,1,1
773,1,1,0,0,0,0,0,1,0,1
801,1,1,0,0,1,0,0,0,0,1
97,0,0,0,1,1,0,0,0,0,1
1006,1,1,1,1,1,0,1,1,1,0
964,1,1,1,1,0,0,0,1,0,0
126,0,0,0,1,1,1,1,1,1,0
487,0,1,1,1,1,0,0,1,1,1
900,1,1,1,0,0,0,0,1,0,0
573,1,0,0,0,1,1,1,1,0,1
778,1,1,0,0,0,0,1,0,1,0
534,1,0,0,0,0,1,0,1,1,0
106,0,0,0,1,1,0,1,0,1,0
531,1,0,0,0,0,1,0,0,1,1
387,0,1,1,0,0,0,0,0,1,1
54,0,0,0,0,1,1,0,1,1,0
491,0,1,1,1,1,0,1,0,1,1
211,0,0,1,1,0,1,0,0,1,1
13,0,0,0,0,0,0,1,1,0,1
102,0,0,0,1,1,0,0,1,1,0
385,0,1,1,0,0,0,0,0,0,1
822,1,1,0,0,1,1,0,1,1,0
920,1,1,1,0,0,1,1,0,0,0
177,0,0,1,0,1,1,0,0,0,1
358,0,1,0,1,1,0,0,1,1,0
817,1,1,0,0,1,1,0,0,0,1
296,0,1,0,0,1,0,1,0,0,0
225,0,0,1,1,1,0,0,0,0,1
651,1,0,1,0,0,0,1,0,1,1
321,0,1,0,1,0,0,0,0,0,1
151,0,0,1,0,0,1,0,1,1,1
373,0,1,0,1,1,1,0,1,0,1
718,1,0,1,1,0,0,1,1,1,0
288,0,1,0,0,1,0,0,0,0,0
538,1,0,0,0,0,1,1,0,1,0
599,1,0,0,1,0,1,0,1,1,1
582,1,0,0,1,0,0,0,1,1,0
284,0,1,0,0,0,1,1,1,0,0
466,0,1,1,1,0,1,0,0,1,0
375,0,1,0,1,1,1,0,1,1,1
118,0,0,0,1,1,1,0,1,1,0
457,0,1,1,1,0,0,1,0,0,1
533,1,0,0,0,0,1,0,1,0,1
450,0,1,1,1,0,0,0,0,1,0
869,1,1,0,1,1,0,0,1,0,1
141,0,0,1,0,0,0,1,1,0,1
792,1,1,0,0,0,1,1,0,0,0
329,0,1,0,1,0,0,1,0,0,1
710,1,0,1,1,0,0,0,1,1,0
91,0,0,0,1,0,1,1,0,1,1
519,1,0,0,0,0,0,0,1,1,1
998,1,1,1,1,1,0,0,1,1,0
216,0,0,1,1,0,1,1,0,0,0
571,1,0,0,0,1,1,1,0,1,1
510,0,1,1,1,1,1,1,1,1,0
15,0,0,0,0,0,0,1,1,1,1
626,1,0,0,1,1,1,0,0,1,0
856,1,1,0,1,0,1,1,0,0,0
996,1,1,1,1,1,0,0,1,0,0
718,1,0,1,1,0,0,1,1,1,0
983,1,1,1,1,0,1,0,1,1,1
561,1,0,0,0,1,1,0,0,0,1
574,1,0,0,0,1,1,1,1,1,0
325,0,1,0,1,0,0,0,1,0,1
15,0,0,0,0,0,0,1,1,1,1
792,1,1,0,0,0,1,1,0,0,0
365,0,1,0,1,1,0,1,1,0,1
521,1,0,0,0,0,0,1,0,0,1
791,1,1,0,0,0,1,0,1,1,1
943,1,1,1,0,1,0,1,1,1,1
940,1,1,1,0,1,0,1,1,0,0
642,1,0,1,0,0,0,0,0,1,0
220,0,0,1,1,0,1,1,1,0,0
808,1,1,0,0,1,0,1,0,0,0
262,0,1,0,0,0,0,0,1,1,0
656,1,0,1,0,0,1,0,0,0,0
485,0,1,1,1,1,0,0,1,0,1
254,0,0,1,1,1,1,1,1,1,0
907,1,1,1,0,0,0,1,0,1,1
265,0,1,0,0,0,0,1,0,0,1
535,1,0,0,0,0,1,0,1,1,1
179,0,0,1,0,1,1,0,0,1,1
557,1,0,0,0,1,0,1,1,0,1
873,1,1,0,1,1,0,1,0,0,1
754,1,0,1,1,1,1,0,0,1,0
131,0,0,1,0,0,0,0,0,1,1
383,0,1,0,1,1,1,1,1,1,1
29,0,0,0,0,0,1,1,1,0,1
632,1,0,0,1,1,1,1,0,0,0
869,1,1,0,1,1,0,0,1,0,1
999,1,1,1,1,1,0,0,1,1,1
290,0,1,0,0,1,0,0,0,1,0
524,1,0,0,0,0,0,1,1,0,0
211,0,0,1,1,0,1,0,0,1,1
87,0,0,0,1,0,1,0,1,1,1
127,0,0,0,1,1,1,1,1,1,1
503,0,1,1,1,1,1,0,1,1,1
433,0,1,1,0,1,1,0,0,0,1
980,1,1,1,1,0,1,0,1,0,0
719,1,0,1,1,0,0,1,1,1,1
369,0,1,0,1,1,1,0,0,0,1
662,1,0,1,0,0,1,0,1,1,0
554,1,0,0,0,1,0,1,0,1,0
306,0,1,0,0,1,1,0,0,1,0
865,1,1,0,1,1,0,0,0,0,1
850,1,1,0,1,0,1,0,0,1,0
989,1,1,1,1,0,1,1,1,0,1
499,0,1,1,1,1,1,0,0,1,1
698,1,0,1,0,1,1,1,0,1,0
606,1,0,0,1,0,1,1,1,1,0
686,1,0,1,0,1,0,1,1,1,0
804,1,1,0,0,1,0,0,1,0,0
367,0,1,0,1,1,0,1,1,1,1
460,0,1,1,1,0,0,1,1,0,0
311,0,1,0,0,1,1,0,1,1,1
511,0,1,1,1,1,1,1,1,1,1
507,0,1,1,1,1,1,1,0,1,1
126,0,0,0,1,1,1,1,1,1,0
835,1,1,0,1,0,0,0,0,1,1
961,1,1,1,1,0,0,0,0,0,1
636,1,0,0,1,1,1,1,1,0,0
286,0,1,0,0,0,1,1,1,1,0
471,0,1,1,1,0,1,0,1,1,1
303,0,1,0,0,1,0,1,1,1,1
194,0,0,1,1,0,0,0,0,1,0
426,0,1,1,0,1,0,1,0,1,0
763,1,0,1,1,1,1,1,0,1,1
232,0,0,1,1,1,0,1,0,0,0
981,1,1,1,1,0,1,0,1,0,1
707,1,0,1,1,0,0,0,0,1,1
408,0,1,1,0,0,1,1,0,0,0
582,1,0,0,1,0,0,0,1,1,0
719,1,0,1,1,0,0,1,1,1,1
313,0,1,0,0,1,1,1,0,0,1
801,1,1,0,0,1,0,0,0,0,1
867,1,1,0,1,1,0,0,0,1,1
408,0,1,1,0,0,1,1,0,0,0
496,0,1,1,1,1,1,0,0,0,0
863,1,1,0,1,0,1,1,1,1,1
800,1,1,0,0,1,0,0,0,0,0
918,1,1,1,0,0,1,0,1,1,0
245,0,0,1,1,1,1,0,1,0,1
1001,1,1,1,1,1,0,1,0,0,1
776,1,1,0,0,0,0,1,0,0,0
496,0,1,1,1,1,1,0,0,0,0
369,0,1,0,1,1,1,0,0,0,1
745,1,0,1,1,1,0,1,0,0,1
821,1,1,0,0,1,1,0,1,0,1
864,1,1,0,1,1,0,0,0,0,0
120,0,0,0,1,1,1,1,0,0,0
211,0,0,1,1,0,1,0,0,1,1
292,0,1,0,0,1,0,0,1,0,0
922,1,1,1,0,0,1,1,0,1,0
324,0,1,0,1,0,0,0,1,0,0
832,1,1,0,1,0,0,0,0,0,0
578,1,0,0,1,0,0,0,0,1,0
920,1,1,1,0,0,1,1,0,0,0
234,0,0,1,1,1,0,1,0,1,0
817,1,1,0,0,1,1,0,0,0,1
676,1,0,1,0,1,0,0,1,0,0
961,1,1,1,1,0,0,0,0,0,1
762,1,0,1,1,1,1,1,0,1,0
35,0,0,0,0,1,0,0,0,1,1
773,1,1,0,0,0,0,0,1,0,1
467,0,1,1,1,0,1,0,0,1,1
798,1,1,0,0,0,1,1,1,1,0
250,0,0,1,1,1,1,1,0,1,0
733,1,0,1,1,0,1,1,1,0,1
963,1,1,1,1,0,0,0,0,1,1
22,0,0,0,0,0,1,0,1,1,0
984,1,1,1,1,0,1,1,0,0,0
676,1,0,1,0,1,0,0,1,0,0
614,1,0,0,1,1,0,0,1,1,0
634,1,0,0,1,1,1,1,0,1,0
54,0,0,0,0,1,1,0,1,1,0
364,0,1,0,1,1,0,1,1,0,0
669,1,0,1,0,0,1,1,1,0,1
209,0,0,1,1,0,1,0,0,0,1
232,0,0,1,1,1,0,1,0,0,0
606,1,0,0,1,0,1,1,1,1,0
82,0,0,0,1,0,1,0,0,1,0
280,0,1,0,0,0,1,1,0,0,0
735,1,0,1,1,0,1,1,1,1,1
498,0,1,1,1,1,1,0,0,1,0
634,1,0,0,1,1,1,1,0,1,0
869,1,1,0,1,1,0,0,1,0,1
284,0,1,0,0,0,1,1,1,0,0
152,0,0,1,0,0,1,1,0,0,0
559,1,0,0,0,1,0,1,1,1,1
617,1,0,0,1,1,0,1,0,0,1
71,0,0,0,1,0,0,0,1,1,1
541,1,0,0,0,0,1,1,1,0,1
557,1,0,0,0,1,0,1,1,0,1
745,1,0,1,1,1,0,1,0,0,1
303,0,1,0,0,1,0,1,1,1,1
752,1,0,1,1,1,1,0,0,0,0
1023,1,1,1,1,1,1,1,1,1,1
223,0,0,1,1,0,1,1,1,1,1
370,0,1,0,1,1,1,0,0,1,0
137,0,0,1,0,0,0,1,0,0,1
875,1,1,0,1,1,0,1,0,1,1
53,0,0,0,0,1,1,0,1,0,1
38,0,0,0,0,1,0,0,1,1,0
796,1,1,0,0,0,1,1,1,0,0
712,1,0,1,1,0,0,1,0,0,0
93,0,0,0,1,0,1,1,1,0,1
475,0,1,1,1,0,1,1,0,1,1
976,1,1,1,1,0,1,0,0,0,0
824,1,1,0,0,1,1,1,0,0,0
636,1,0,0,1,1,1,1,1,0,0
695,1,0,1,0,1,1,0,1,1,1
151,0,0,1,0,0,1,0,1,1,1
655,1,0,1,0,0,0,1,1,1,1
922,1,1,1,0,0,1,1,0,1,0
407,0,1,1,0,0,1,0,1,1,1
708,1,0,1,1,0,0,0,1,0,0
540,1,0,0,0,0,1,1,1,0,0
354,0,1,0,1,1,0,0,0,1,0
45,0,0,0,0,1,0,1,1,0,1
757,1,0,1,1,1,1,0,1,0,1
704,1,0,1,1,0,0,0,0,0,0
185,0,0,1,0,1,1,1,0,0,1
43,0,0,0,0,1,0,1,0,1,1
194,0,0,1,1,0,0,0,0,1,0
173,0,0,1,0,1,0,1,1,0,1
655,1,0,1,0,0,0,1,1,1,1
368,0,1,0,1,1,1,0,0,0,0
967,1,1,1,1,0,0,0,1,1,1
975,1,1,1,1,0,0,1,1,1,1
151,0,0,1,0,0,1,0,1,1,1
723,1,0,1,1,0,1,0,0,1,1
255,0,0,1,1,1,1,1,1,1,1
57,0,0,0,0,1,1,1,0,0,1
407,0,1,1,0,0,1,0,1,1,1
685,1,0,1,0,1,0,1,1,0,1
925,1,1,1,0,0,1,1,1,0,1
51,0,0,0,0,1,1,0,0,1,1
855,1,1,0,1,0,1,0,1,1,1
707,1,0,1,1,0,0,0,0,1,1
848,1,1,0,1,0,1,0,0,0,0
43,0,0,0,0,1,0,1,0,1,1
451,0,1,1,1,0,0,0,0,1,1
782,1,1,0,0,0,0,1,1,1,0
1012,1,1,1,1,1,1,0,1,0,0
443,0,1,1,0,1,1,1,0,1,1
199,0,0,1,1,0,0,0,1,1,1
944,1,1,1,0,1,1,0,0,0,0
29,0,0,0,0,0,1,1,1,0,1
54,0,0,0,0,1,1,0,1,1,0
950,1,1,1,0,1,1,0,1,1,0
326,0,1,0,1,0,0,0,1,1,0
281,0,1,0,0,0,1,1,0,0,1
552,1,0,0,0,1,0,1,0,0,0
787,1,1,0,0,0,1,0,0,1,1
510,0,1,1,1,1,1,1,1,1,0
387,0,1,1,0,0,0,0,0,1,1
317,0,1,0,0,1,1,1,1,0,1
394,0,1,1,0,0,0,1,0,1,0
409,0,1,1,0,0,1,1,0,0,1
183,0,0,1,0,1,1,0,1,1,1
101,0,0,0,1,1,0,0,1,0,1
45,0,0,0,0,1,0,1,1,0,1
518,1,0,0,0,0,0,0,1,1,0
900,1,1,1,0,0,0,0,1,0,0
462,0,1,1,1,0,0,1,1,1,0
461,0,1,1,1,0,0,1,1,0,1
129,0,0,1,0,0,0,0,0,0,1
18,0,0,0,0,0,1,0,0,1,0
870,1,1,0,1,1,0,0,1,1,0
61,0,0,0,0,1,1,1,1,0,1
783,1,1,0,0,0,0,1,1,1,1
987,1,1,1,1,0,1,1,0,1,1
132,0,0,1,0,0,0,0,1,0,0
544,1,0,0,0,1,0,0,0,0,0
376,0,1,0,1,1,1,1,0,0,0
74,0,0,0,1,0,0,1,0,1,0
289,0,1,0,0,1,0,0,0,0,1
973,1,1,1,1,0,0,1,1,0,1
621,1,0,0,1,1,0,1,1,0,1
797,1,1,0,0,0,1,1,1,0,1
439,0,1,1,0,1,1,0,1,1,1
699,1,0,1,0,1,1,1,0,1,1
148,0,0,1,0,0,1,0,1,0,0
955,1,1,1,0,1,1,1,0,1,1
495,0,1,1,1,1,0,1,1,1,1
747,1,0,1,1,1,0,1,0,1,1
441,0,1,1,0,1,1,1,0,0,1
710,1,0,1,1,0,0,0,1,1,0
980,1,1,1,1,0,1,0,1,0,0
707,1,0,1,1,0,0,0,0,1,1
91,0,0,0,1,0,1,1,0,1,1
596,1,0,0,1,0,1,0,1,0,0
647,1,0,1,0,0,0,0,1,1,1
634,1,0,0,1,1,1,1,0,1,0
13,0,0,0,0,0,0,1,1,0,1
510,0,1,1,1,1,1,1,1,1,0
147,0,0,1,0,0,1,0,0,1,1
429,0,1,1,0,1,0,1,1,0,1
759,1,0,1,1,1,1,0,1,1,1
834,1,1,0,1,0,0,0,0,1,0
811,1,1,0,0,1,0,1,0,1,1
47,0,0,0,0,1,0,1,1,1,1
206,0,0,1,1,0,0,1,1,1,0
171,0,0,1,0,1,0,1,0,1,1
639,1,0,0,1,1,1,1,1,1,1
891,1,1,0,1,1,1,1,0,1,1
952,1,1,1,0,1,1,1,0,0,0
404,0,1,1,0,0,1,0,1,0,0
61,0,0,0,0,1,1,1,1,0,1
66,0,0,0,1,0,0,0,0,1,0
766,1,0,1,1,1,1,1,1,1,0
455,0,1,1,1,0,0,0,1,1,1
472,0,1,1,1,0,1,1,0,0,0
451,0,1,1,1,0,0,0,0,1,1
440,0,1,1,0,1,1,1,0,0,0
353,0,1,0,1,1,0,0,0,0,1
779,1,1,0,0,0,0,1,0,1,1
583,1,0,0,1,0,0,0,1,1,1
829,1,1,0,0,1,1,1,1,0,1
286,0,1,0,0,0,1,1,1,1,0
995,1,1,1,1,1,0,0,0,1,1
263,0,1,0,0,0,0,0,1,1,1
529,1,0,0,0,0,1,0,0,0,1
109,0,0,0,1,1,0,1,1,0,1
597,1,0,0,1,0,1,0,1,0,1
1018,1,1,1,1,1,1,1,0,1,0
259,0,1,0,0,0,0,0,0,1,1
285,0,1,0,0,0,1,1,1,0,1
752,1,0,1,1,1,1,0,0,0,0
155,0,0,1,0,0,1,1,0,1,1
409,0,1,1,0,0,1,1,0,0,1
547,1,0,0,0,1,0,0,0,1,1
536,1,0,0,0,0,1,1,0,0,0
182,0,0,1,0,1,1,0,1,1,0
93,0,0,0,1,0,1,1,1,0,1
733,1,0,1,1,0,1,1,1,0,1
123,0,0,0,1,1,1,1,0,1,1
265,0,1,0,0,0,0,1,0,0,1
181,0,0,1,0,1,1,0,1,0,1
581,1,0,0,1,0,0,0,1,0,1
771,1,1,0,0,0,0,0,0,1,1
477,0,1,1,1,0,1,1,1,0,1
63,0,0,0,0,1,1,1,1,1,1
802,1,1,0,0,1,0,0,0,1,0
463,0,1,1,1,0,0,1,1,1,1
676,1,0,1,0,1,0,0,1,0,0
563,1,0,0,0,1,1,0,0,1,1
68,0,0,0,1,0,0,0,1,0,0
303,0,1,0,0,1,0,1,1,1,1
850,1,1,0,1,0,1,0,0,1,0
292,0,1,0,0,1,0,0,1,0,0
719,1,0,1,1,0,0,1,1,1,1
256,0,1,0,0,0,0,0,0,0,0
545,1,0,0,0,1,0,0,0,0,1
638,1,0,0,1,1,1,1,1,1,0
467,0,1,1,1,0,1,0,0,1,1
119,0,0,0,1,1,1,0,1,1,1
496,0,1,1,1,1,1,0,0,0,0
289,0,1,0,0,1,0,0,0,0,1
600,1,0,0,1,0,1,1,0,0,0
4,0,0,0,0,0,0,0,1,0,0
861,1,1,0,1,0,1,1,1,0,1
995,1,1,1,1,1,0,0,0,1,1
764,1,0,1,1,1,1,1,1,0,0
360,0,1,0,1,1,0,1,0,0,0
911,1,1,1,0,0,0,1,1,1,1
437,0,1,1,0,1,1,0,1,0,1
354,0,1,0,1,1,0,0,0,1,0
721,1,0,1,1,0,1,0,0,0,1
943,1,1,1,0,1,0,1,1,1,1
310,0,1,0,0,1,1,0,1,1,0
909,1,1,1,0,0,0,1,1,0,1
187,0,0,1,0,1,1,1,0,1,1
822,1,1,0,0,1,1,0,1,1,0
310,0,1,0,0,1,1,0,1,1,0
606,1,0,0,1,0,1,1,1,1,0
712,1,0,1,1,0,0,1,0,0,0
951,1,1,1,0,1,1,0,1,1,1
198,0,0,1,1,0,0,0,1,1,0
341,0,1,0,1,0,1,0,1,0,1
881,1,1,0,1,1,1,0,0,0,1
281,0,1,0,0,0,1,1,0,0,1
908,1,1,1,0,0,0,1,1,0,0
93,0,0,0,1,0,1,1,1,0,1
166,0,0,1,0,1,0,0,1,1,0
874,1,1,0,1,1,0,1,0,1,0
548,1,0,0,0,1,0,0,1,0,0
233,0,0,1,1,1,0,1,0,0,1
195,0,0,1,1,0,0,0,0,1,1
363,0,1,0,1,1,0,1,0,1,1
435,0,1,1,0,1,1,0,0,1,1
219,0,0,1,1,0,1,1,0,1,1
399,0,1,1,0,0,0,1,1,1,1
93,0,0,0,1,0,1,1,1,0,1
624,1,0,0,1,1,1,0,0,0,0
486,0,1,1,1,1,0,0,1,1,0
860,1,1,0,1,0,1,1,1,0,0
61,0,0,0,0,1,1,1,1,0,1
402,0,1,1,0,0,1,0,0,1,0
142,0,0,1,0,0,0,1,1,1,0
704,1,0,1,1,0,0,0,0,0,0
470,0,1,1,1,0,1,0,1,1,0
996,1,1,1,1,1,0,0,1,0,0
575,1,0,0,0,1,1,1,1,1,1
701,1,0,1,0,1,1,1,1,0,1
110,0,0,0,1,1,0,1,1,1,0
33,0,0,0,0,1,0,0,0,0,1
652,1,0,1,0,0,0,1,1,0,0
298,0,1,0,0,1,0,1,0,1,0
342,0,1,0,1,0,1,0,1,1,0
476,0,1,1,1,0,1,1,1,0,0
388,0,1,1,0,0,0,0,1,0,0
776,1,1,0,0,0,0,1,0,0,0
326,0,1,0,1,0,0,0,1,1,0
892,1,1,0,1,1,1,1,1,0,0
349,0,1,0,1,0,1,1,1,0,1
413,0,1,1,0,0,1,1,1,0,1
902,1,1,1,0,0,0,0,1,1,0
910,1,1,1,0,0,0,1,1,1,0
102,0,0,0,1,1,0,0,1,1,0
248,0,0,1,1,1,1,1,0,0,0
138,0,0,1,0,0,0,1,0,1,0
303,0,1,0,0,1,0,1,1,1,1
555,1,0,0,0,1,0,1,0,1,1
86,0,0,0,1,0,1,0,1,1,0
198,0,0,1,1,0,0,0,1,1,0
394,0,1,1,0,0,0,1,0,1,0
27,0,0,0,0,0,1,1,0,1,1
774,1,1,0,0,0,0,0,1,1,0
120,0,0,0,1,1,1,1,0,0,0
558,1,0,0,0,1,0,1,1,1,0
217,0,0,1,1,0,1,1,0,0,1
230,0,0,1,1,1,0,0,1,1,0
646,1,0,1,0,0,0,0,1,1,0
245,0,0,1,1,1,1,0,1,0,1
966,1,1,1,1,0,0,0,1,1,0
876,1,1,0,1,1,0,1,1,0,0
752,1,0,1,1,1,1,0,0,0,0
762,1,0,1,1,1,1,1,0,1,0
1000,1,1,1,1,1,0,1,0,0,0
247,0,0,1,1,1,1,0,1,1,1
23,0,0,0,0,0,1,0,1,1,1
419,0,1,1,0,1,0,0,0,1,1
729,1,0,1,1,0,1,1,0,0,1
554,1,0,0,0,1,0,1,0,1,0
307,0,1,0,0,1,1,0,0,1,1
795,1,1,0,0,0,1,1,0,1,1
158,0,0,1,0,0,1,1,1,1,0
794,1,1,0,0,0,1,1,0,1,0
518,1,0,0,0,0,0,0,1,1,0
988,1,1,1,1,0,1,1,1,0,0
999,1,1,1,1,1,0,0,1,1,1
160,0,0,1,0,1,0,0,0,0,0
511,0,1,1,1,1,1,1,1,1,1
433,0,1,1,0,1,1,0,0,0,1
1022,1,1,1,1,1,1,1,1,1,0
688,1,0,1,0,1,1,0,0,0,0
219,0,0,1,1,0,1,1,0,1,1
204,0,0,1,1,0,0,1,1,0,0
576,1,0,0,1,0,0,0,0,0,0
631,1,0,0,1,1,1,0,1,1,1
288,0,1,0,0,1,0,0,0,0,0
537,1,0,0,0,0,1,1,0,0,1
208,0,0,1,1,0,1,0,0,0,0
937,1,1,1,0,1,0,1,0,0,1
195,0,0,1,1,0,0,0,0,1,1
60,0,0,0,0,1,1,1,1,0,0
486,0,1,1,1,1,0,0,1,1,0
36,0,0,0,0,1,0,0,1,0,0
1008,1,1,1,1,1,1,0,0,0,0
939,1,1,1,0,1,0,1,0,1,1
415,0,1,1,0,0,1,1,1,1,1
661,1,0,1,0,0,1,0,1,0,1
259,0,1,0,0,0,0,0,0,1,1
69,0,0,0,1,0,0,0,1,0,1
140,0,0,1,0,0,0,1,1,0,0
798,1,1,0,0,0,1,1,1,1,0
902,1,1,1,0,0,0,0,1,1,0
243,0,0,1,1,1,1,0,0,1,1
84,0,0,0,1,0,1,0,1,0,0
40,0,0,0,0,1,0,1,0,0,0
280,0,1,0,0,0,1,1,0,0,0
504,0,1,1,1,1,1,1,0,0,0
677,1,0,1,0,1,0,0,1,0,1
29,0,0,0,0,0,1,1,1,0,1
567,1,0,0,0,1,1,0,1,1,1
549,1,0,0,0,1,0,0,1,0,1
283,0,1,0,0,0,1,1,0,1,1
544,1,0,0,0,1,0,0,0,0,0
279,0,1,0,0,0,1,0,1,1,1
306,0,1,0,0,1,1,0,0,1,0
267,0,1,0,0,0,0,1,0,1,1
41,0,0,0,0,1,0,1,0,0,1
985,1,1,1,1,0,1,1,0,0,1
13,0,0,0,0,0,0,1,1,0,1
533,1,0,0,0,0,1,0,1,0,1
44,0,0,0,0,1,0,1,1,0,0
650,1,0,1,0,0,0,1,0,1,0
703,1,0,1,0,1,1,1,1,1,1
88,0,0,0,1,0,1,1,0,0,0
737,1,0,1,1,1,0,0,0,0,1
918,1,1,1,0,0,1,0,1,1,0
584,1,0,0,1,0,0,1,0,0,0
95,0,0,0,1,0,1,1,1,1,1
627,1,0,0,1,1,1,0,0,1,1
964,1,1,1,1,0,0,0,1,0,0
998,1,1,1,1,1,0,0,1,1,0
242,0,0,1,1,1,1,0,0,1,0
705,1,0,1,1,0,0,0,0,0,1
838,1,1,0,1,0,0,0,1,1,0
823,1,1,0,0,1,1,0,1,1,1
79,0,0,0,1,0,0,1,1,1,1
156,0,0,1,0,0,1,1,1,0,0
61,0,0,0,0,1,1,1,1,0,1
909,1,1,1,0,0,0,1,1,0,1
767,1,0,1,1,1,1,1,1,1,1
776,1,1,0,0,0,0,1,0,0,0
189,0,0,1,0,1,1,1,1,0,1
847,1,1,0,1,0,0,1,1,1,1
265,0,1,0,0,0,0,1,0,0,1
897,1,1,1,0,0,0,0,0,0,1
526,1,0,0,0,0,0,1,1,1,0
266,0,1,0,0,0,0,1,0,1,0
893,1,1,0,1,1,1,1,1,0,1
441,0,1,1,0,1,1,1,0,0,1
277,0,1,0,0,0,1,0,1,0,1
615,1,0,0,1,1,0,0,1,1,1
517,1,0,0,0,0,0,0,1,0,1
187,0,0,1,0,1,1,1,0,1,1
905,1,1,1,0,0,0,1,0,0,1
545,1,0,0,0,1,0,0,0,0,1
329,0,1,0,1,0,0,1,0,0,1
825,1,1,0,0,1,1,1,0,0,1
950,1,1,1,0,1,1,0,1,1,0
930,1,1,1,0,1,0,0,0,1,0
275,0,1,0,0,0,1,0,0,1,1
339,0,1,0,1,0,1,0,0,1,1
914,1,1,1,0,0,1,0,0,1,0
593,1,0,0,1,0,1,0,0,0,1
751,1,0,1,1,1,0,1,1,1,1
1008,1,1,1,1,1,1,0,0,0,0
486,0,1,1,1,1,0,0,1,1,0
880,1,1,0,1,1,1,0,0,0,0
86,0,0,0,1,0,1,0,1,1,0
748,1,0,1,1,1,0,1,1,0,0
532,1,0,0,0,0,1,0,1,0,0
490,0,1,1,1,1,0,1,0,1,0
613,1,0,0,1,1,0,0,1,0,1
479,0,1,1,1,0,1,1,1,1,1
80,0,0,0,1,0,1,0,0,0,0
585,1,0,0,1,0,0,1,0,0,1
566,1,0,0,0,1,1,0,1,1,0
976,1,1,1,1,0,1,0,0,0,0
627,1,0,0,1,1,1,0,0,1,1
447,0,1,1,0,1,1,1,1,1,1
171,0,0,1,0,1,0,1,0,1,1
550,1,0,0,0,1,0,0,1,1,0
735,1,0,1,1,0,1,1,1,1,1
1019,1,1,1,1,1,1,1,0,1,1
541,1,0,0,0,0,1,1,1,0,1
123,0,0,0,1,1,1,1,0,1,1
612,1,0,0,1,1,0,0,1,0,0
23,0,0,0,0,0,1,0,1,1,1
921,1,1,1,0,0,1,1,0,0,1
790,1,1,0,0,0,1,0,1,1,0
170,0,0,1,0,1,0,1,0,1,0
532,1,0,0,0,0,1,0,1,0,0
217,0,0,1,1,0,1,1,0,0,1
512,1,0,0,0,0,0,0,0,0,0
465,0,1,1,1,0,1,0,0,0,1
182,0,0,1,0,1,1,0,1,1,0
85,0,0,0,1,0,1,0,1,0,1
321,0,1,0,1,0,0,0,0,0,1
811,1,1,0,0,1,0,1,0,1,1
708,1,0,1,1,0,0,0,1,0,0
99,0,0,0,1,1,0,0,0,1,1
750,1,0,1,1,1,0,1,1,1,0
603,1,0,0,1,0,1,1,0,1,1
562,1,0,0,0,1,1,0,0,1,0
747,1,0,1,1,1,0,1,0,1,1
690,1,0,1,0,1,1,0,0,1,0
644,1,0,1,0,0,0,0,1,0,0
436,0,1,1,0,1,1,0,1,0,0
798,1,1,0,0,0,1,1,1,1,0
936,1,1,1,0,1,0,1,0,0,0
451,0,1,1,1,0,0,0,0,1,1
362,0,1,0,1,1,0,1,0,1,0
201,0,0,1,1,0,0,1,0,0,1
100,0,0,0,1,1,0,0,1,0,0
458,0,1,1,1,0,0,1,0,1,0
919,1,1,1,0,0,1,0,1,1,1
703,1,0,1,0,1,1,1,1,1,1
525,1,0,0,0,0,0,1,1,0,1
791,1,1,0,0,0,1,0,1,1,1
786,1,1,0,0,0,1,0,0,1,0
969,1,1,1,1,0,0,1,0,0,1
826,1,1,0,0,1,1,1,0,1,0
580,1,0,0,1,0,0,0,1,0,0
478,0,1,1,1,0,1,1,1,1,0
969,1,1,1,1,0,0,1,0,0,1
330,0,1,0,1,0,0,1,0,1,0
527,1,0,0,0,0,0,1,1,1,1
424,0,1,1,0,1,0,1,0,0,0
641,1,0,1,0,0,0,0,0,0,1
195,0,0,1,1,0,0,0,0,1,1
940,1,1,1,0,1,0,1,1,0,0
63,0,0,0,0,1,1,1,1,1,1
868,1,1,0,1,1,0,0,1,0,0
160,0,0,1,0,1,0,0,0,0,0
56,0,0,0,0,1,1,1,0,0,0
724,1,0,1,1,0,1,0,1,0,0
77,0,0,0,1,0,0,1,1,0,1
64,0,0,0,1,0,0,0,0,0,0
281,0,1,0,0,0,1,1,0,0,1
42,0,0,0,0,1,0,1,0,1,0
359,0,1,0,1,1,0,0,1,1,1
92,0,0,0,1,0,1,1,1,0,0
968,1,1,1,1,0,0,1,0,0,0
344,0,1,0,1,0,1,1,0,0,0
434,0,1,1,0,1,1,0,0,1,0
436,0,1,1,0,1,1,0,1,0,0
878,1,1,0,1,1,0,1,1,1,0
732,1,0,1,1,0,1,1,1,0,0
356,0,1,0,1,1,0,0,1,0,0
937,1,1,1,0,1,0,1,0,0,1
89,0,0,0,1,0,1,1,0,0,1
740,1,0,1,1,1,0,0,1,0,0
769,1,1,0,0,0,0,0,0,0,1
57,0,0,0,0,1,1,1,0,0,1
558,1,0,0,0,1,0,1,1,1,0
452,0,1,1,1,0,0,0,1,0,0
153,0,0,1,0,0,1,1,0,0,1
563,1,0,0,0,1,1,0,0,1,1
829,1,1,0,0,1,1,1,1,0,1
22,0,0,0,0,0,1,0,1,1,0
911,1,1,1,0,0,0,1,1,1,1
122,0,0,0,1,1,1,1,0,1,0
301,0,1,0,0,1,0,1,1,0,1
9,0,0,0,0,0,0,1,0,0,1
699,1,0,1,0,1,1,1,0,1,1
229,0,0,1,1,1,0,0,1,0,1
538,1,0,0,0,0,1,1,0,1,0
340,0,1,0,1,0,1,0,1,0,0
263,0,1,0,0,0,0,0,1,1,1
369,0,1,0,1,1,1,0,0,0,1
212,0,0,1,1,0,1,0,1,0,0
853,1,1,0,1,0,1,0,1,0,1
204,0,0,1,1,0,0,1,1,0,0
423,0,1,1,0,1,0,0,1,1,1
452,0,1,1,1,0,0,0,1,0,0
273,0,1,0,0,0,1,0,0,0,1
572,1,0,0,0,1,1,1,1,0,0
958,1,1,1,0,1,1,1,1,1,0
884,1,1,0,1,1,1,0,1,0,0
653,1,0,1,0,0,0,1,1,0,1
351,0,1,0,1,0,1,1,1,1,1
222,0,0,1,1,0,1,1,1,1,0
534,1,0,0,0,0,1,0,1,1,0
403,0,1,1,0,0,1,0,0,1,1
988,1,1,1,1,0,1,1,1,0,0
802,1,1,0,0,1,0,0,0,1,0
284,0,1,0,0,0,1,1,1,0,0
435,0,1,1,0,1,1,0,0,1,1
691,1,0,1,0,1,1,0,0,1,1
295,0,1,0,0,1,0,0,1,1,1
1013,1,1,1,1,1,1,0,1,0,1
543,1,0,0,0,0,1,1,1,1,1
694,1,0,1,0,1,1,0,1,1,0
276,0,1,0,0,0,1,0,1,0,0
226,0,0,1,1,1,0,0,0,1,0
369,0,1,0,1,1,1,0,0,0,1
409,0,1,1,0,0,1,1,0,0,1
666,1,0,1,0,0,1,1,0,1,0
965,1,1,1,1,0,0,0,1,0,1
638,1,0,0,1,1,1,1,1,1,0
256,0,1,0,0,0,0,0,0,0,0
692,1,0,1,0,1,1,0,1,0,0
183,0,0,1,0,1,1,0,1,1,1
270,0,1,0,0,0,0,1,1,1,0
179,0,0,1,0,1,1,0,0,1,1
41,0,0,0,0,1,0,1,0,0,1
374,0,1,0,1,1,1,0,1,1,0
796,1,1,0,0,0,1,1,1,0,0
875,1,1,0,1,1,0,1,0,1,1
826,1,1,0,0,1,1,1,0,1,0
256,0,1,0,0,0,0,0,0,0,0
94,0,0,0,1,0,1,1,1,1,0
189,0,0,1,0,1,1,1,1,0,1
176,0,0,1,0,1,1,0,0,0,0
315,0,1,0,0,1,1,1,0,1,1
583,1,0,0,1,0,0,0,1,1,1
809,1,1,0,0,1,0,1,0,0,1
605,1,0,0,1,0,1,1,1,0,1
951,1,1,1,0,1,1,0,1,1,1
517,1,0,0,0,0,0,0,1,0,1
745,1,0,1,1,1,0,1,0,0,1
267,0,1,0,0,0,0,1,0,1,1
825,1,1,0,0,1,1,1,0,0,1
45,0,0,0,0,1,0,1,1,0,1
217,0,0,1,1,0,1,1,0,0,1
528,1,0,0,0,0,1,0,0,0,0
79,0,0,0,1,0,0,1,1,1,1
452,0,1,1,1,0,0,0,1,0,0
298,0,1,0,0,1,0,1,0,1,0
987,1,1,1,1,0,1,1,0,1,1
538,1,0,0,0,0,1,1,0,1,0
530,1,0,0,0,0,1,0,0,1,0
421,0,1,1,0,1,0,0,1,0,1
828,1,1,0,0,1,1,1,1,0,0
731,1,0,1,1,0,1,1,0,1,1
24,0,0,0,0,0,1,1,0,0,0
149,0,0,1,0,0,1,0,1,0,1
214,0,0,1,1,0,1,0,1,1,0
331,0,1,0,1,0,0,1,0,1,1
251,0,0,1,1,1,1,1,0,1,1
1020,1,1,1,1,1,1,1,1,0,0
503,0,1,1,1,1,1,0,1,1,1
942,1,1,1,0,1,0,1,1,1,0
756,1,0,1,1,1,1,0,1,0,0
588,1,0,0,1,0,0,1,1,0,0
77,0,0,0,1,0,0,1,1,0,1
499,0,1,1,1,1,1,0,0,1,1
875,1,1,0,1,1,0,1,0,1,1
268,0,1,0,0,0,0,1,1,0,0
109,0,0,0,1,1,0,1,1,0,1
208,0,0,1,1,0,1,0,0,0,0
108,0,0,0,1,1,0,1,1,0,0
644,1,0,1,0,0,0,0,1,0,0
390,0,1,1,0,0,0,0,1,1,0
297,0,1,0,0,1,0,1,0,0,1
996,1,1,1,1,1,0,0,1,0,0
767,1,0,1,1,1,1,1,1,1,1
345,0,1,0,1,0,1,1,0,0,1
695,1,0,1,0,1,1,0,1,1,1
265,0,1,0,0,0,0,1,0,0,1
625,1,0,0,1,1,1,0,0,0,1
188,0,0,1,0,1,1,1,1,0,0
595,1,0,0,1,0,1,0,0,1,1
558,1,0,0,0,1,0,1,1,1,0
725,1,0,1,1,0,1,0,1,0,1
865,1,1,0,1,1,0,0,0,0,1
982,1,1,1,1,0,1,0,1,1,0
464,0,1,1,1,0,1,0,0,0,0
77,0,0,0,1,0,0,1,1,0,1
680,1,0,1,0,1,0,1,0,0,0
358,0,1,0,1,1,0,0,1,1,0
74,0,0,0,1,0,0,1,0,1,0
162,0,0,1,0,1,0,0,0,1,0
219,0,0,1,1,0,1,1,0,1,1
835,1,1,0,1,0,0,0,0,1,1
393,0,1,1,0,0,0,1,0,0,1
388,0,1,1,0,0,0,0,1,0,0
595,1,0,0,1,0,1,0,0,1,1
129,0,0,1,0,0,0,0,0,0,1
34,0,0,0,0,1,0,0,0,1,0
497,0,1,1,1,1,1,0,0,0,1
745,1,0,1,1,1,0,1,0,0,1
425,0,1,1,0,1,0,1,0,0,1
91,0,0,0,1,0,1,1,0,1,1
464,0,1,1,1,0,1,0,0,0,0
712,1,0,1,1,0,0,1,0,0,0
991,1,1,1,1,0,1,1,1,1,1
362,0,1,0,1,1,0,1,0,1,0
688,1,0,1,0,1,1,0,0,0,0
581,1,0,0,1,0,0,0,1,0,1
994,1,1,1,1,1,0,0,0,1,0
775,1,1,0,0,0,0,0,1,1,1
350,0,1,0,1,0,1,1,1,1,0
1006,1,1,1,1,1,0,1,1,1,0
641,1,0,1,0,0,0,0,0,0,1
596,1,0,0,1,0,1,0,1,0,0
834,1,1,0,1,0,0,0,0,1,0
389,0,1,1,0,0,0,0,1,0,1
445,0,1,1,0,1,1,1,1,0,1
299,0,1,0,0,1,0,1,0,1,1
240,0,0,1,1,1,1,0,0,0,0
864,1,1,0,1,1,0,0,0,0,0
226,0,0,1,1,1,0,0,0,1,0
716,1,0,1,1,0,0,1,1,0,0
170,0,0,1,0,1,0,1,0,1,0
66,0,0,0,1,0,0,0,0,1,0
577,1,0,0,1,0,0,0,0,0,1
112,0,0,0,1,1,1,0,0,0,0
371,0,1,0,1,1,1,0,0,1,1
951,1,1,1,0,1,1,0,1,1,1
632,1,0,0,1,1,1,1,0,0,0
722,1,0,1,1,0,1,0,0,1,0
774,1,1,0,0,0,0,0,1,1,0
232,0,0,1,1,1,0,1,0,0,0
792,1,1,0,0,0,1,1,0,0,0
477,0,1,1,1,0,1,1,1,0,1
532,1,0,0,0,0,1,0,1,0,0
611,1,0,0,1,1,0,0,0,1,1
388,0,1,1,0,0,0,0,1,0,0
1017,1,1,1,1,1,1,1,0,0,1
382,0,1,0,1,1,1,1,1,1,0
26,0,0,0,0,0,1,1,0,1,0
432,0,1,1,0,1,1,0,0,0,0
727,1,0,1,1,0,1,0,1,1,1
349,0,1,0,1,0,1,1,1,0,1
370,0,1,0,1,1,1,0,0,1,0
484,0,1,1,1,1,0,0,1,0,0
502,0,1,1,1,1,1,0,1,1,0
580,1,0,0,1,0,0,0,1,0,0
72,0,0,0,1,0,0,1,0,0,0
927,1,1,1,0,0,1,1,1,1,1
1,0,0,0,0,0,0,0,0,0,1
97,0,0,0,1,1,0,0,0,0,1
758,1,0,1,1,1,1,0,1,1,0
84,0,0,0,1,0,1,0,1,0,0
512,1,0,0,0,0,0,0,0,0,0
489,0,1,1,1,1,0,1,0,0,1
493,0,1,1,1,1,0,1,1,0,1
398,0,1,1,0,0,0,1,1,1,0
357,0,1,0,1,1,0,0,1,0,1
121,0,0,0,1,1,1,1,0,0,1
795,1,1,0,0,0,1,1,0,1,1
371,0,1,0,1,1,1,0,0,1,1
444,0,1,1,0,1,1,1,1,0,0
375,0,1,0,1,1,1,0,1,1,1
304,0,1,0,0,1,1,0,0,0,0
784,1,1,0,0,0,1,0,0,0,0
58,0,0,0,0,1,1,1,0,1,0
734,1,0,1,1,0,1,1,1,1,0
32,0,0,0,0,1,0,0,0,0,0
395,0,1,1,0,0,0,1,0,1,1
434,0,1,1,0,1,1,0,0,1,0
67,0,0,0,1,0,0,0,0,1,1
938,1,1,1,0,1,0,1,0,1,0
677,1,0,1,0,1,0,0,1,0,1
141,0,0,1,0,0,0,1,1,0,1
848,1,1,0,1,0,1,0,0,0,0
999,1,1,1,1,1,0,0,1,1,1
91,0,0,0,1,0,1,1,0,1,1
255,0,0,1,1,1,1,1,1,1,1
676,1,0,1,0,1,0,0,1,0,0
165,0,0,1,0,1,0,0,1,0,1
818,1,1,0,0,1,1,0,0,1,0
645,1,0,1,0,0,0,0,1,0,1
892,1,1,0,1,1,1,1,1,0,0
59,0,0,0,0,1,1,1,0,1,1
24,0,0,0,0,0,1,1,0,0,0
194,0,0,1,1,0,0,0,0,1,0
202,0,0,1,1,0,0,1,0,1,0
801,1,1,0,0,1,0,0,0,0,1
778,1,1,0,0,0,0,1,0,1,0
673,1,0,1,0,1,0,0,0,0,1
783,1,1,0,0,0,0,1,1,1,1
753,1,0,1,1,1,1,0,0,0,1
785,1,1,0,0,0,1,0,0,0,1
536,1,0,0,0,0,1,1,0,0,0
229,0,0,1,1,1,0,0,1,0,1
397,0,1,1,0,0,0,1,1,0,1
845,1,1,0,1,0,0,1,1,0,1
616,1,0,0,1,1,0,1,0,0,0
192,0,0,1,1,0,0,0,0,0,0
608,1,0,0,1,1,0,0,0,0,0
302,0,1,0,0,1,0,1,1,1,0
886,1,1,0,1,1,1,0,1,1,0
666,1,0,1,0,0,1,1,0,1,0
888,1,1,0,1,1,1,1,0,0,0
283,0,1,0,0,0,1,1,0,1,1
91,0,0,0,1,0,1,1,0,1,1
504,0,1,1,1,1,1,1,0,0,0
256,0,1,0,0,0,0,0,0,0,0
83,0,0,0,1,0,1,0,0,1,1
1007,1,1,1,1,1,0,1,1,1,1
497,0,1,1,1,1,1,0,0,0,1
512,1,0,0,0,0,0,0,0,0,0
190,0,0,1,0,1,1,1,1,1,0
541,1,0,0,0,0,1,1,1,0,1
309,0,1,0,0,1,1,0,1,0,1
70,0,0,0,1,0,0,0,1,1,0
585,1,0,0,1,0,0,1,0,0,1
38,0,0,0,0,1,0,0,1,1,0
819,1,1,0,0,1,1,0,0,1,1
474,0,1,1,1,0,1,1,0,1,0
85,0,0,0,1,0,1,0,1,0,1
19,0,0,0,0,0,1,0,0,1,1
98,0,0,0,1,1,0,0,0,1,0
15,0,0,0,0,0,0,1,1,1,1
685,1,0,1,0,1,0,1,1,0,1
235,0,0,1,1,1,0,1,0,1,1
431,0,1,1,0,1,0,1,1,1,1
168,0,0,1,0,1,0,1,0,0,0
257,0,1,0,0,0,0,0,0,0,1
827,1,1,0,0,1,1,1,0,1,1
414,0,1,1,0,0,1,1,1,1,0
29,0,0,0,0,0,1,1,1,0,1
21,0,0,0,0,0,1,0,1,0,1
980,1,1,1,1,0,1,0,1,0,0
340,0,1,0,1,0,1,0,1,0,0
270,0,1,0,0,0,0,1,1,1,0
555,1,0,0,0,1,0,1,0,1,1
733,1,0,1,1,0,1,1,1,0,1
878,1,1,0,1,1,0,1,1,1,0
728,1,0,1,1,0,1,1,0,0,0
654,1,0,1,0,0,0,1,1,1,0
842,1,1,0,1,0,0,1,0,1,0
941,1,1,1,0,1,0,1,1,0,1
729,1,0,1,1,0,1,1,0,0,1
348,0,1,0,1,0,1,1,1,0,0
518,1,0,0,0,0,0,0,1,1,0
223,0,0,1,1,0,1,1,1,1,1
666,1,0,1,0,0,1,1,0,1,0
463,0,1,1,1,0,0,1,1,1,1
327,0,1,0,1,0,0,0,1,1,1
467,0,1,1,1,0,1,0,0,1,1
274,0,1,0,0,0,1,0,0,1,0
362,0,1,0,1,1,0,1,0,1,0
590,1,0,0,1,0,0,1,1,1,0
141,0,0,1,0,0,0,1,1,0,1
748,1,0,1,1,1,0,1,1,0,0
85,0,0,0,1,0,1,0,1,0,1
438,0,1,1,0,1,1,0,1,1,0
755,1,0,1,1,1,1,0,0,1,1
116,0,0,0,1,1,1,0,1,0,0
691,1,0,1,0,1,1,0,0,1,1
396,0,1,1,0,0,0,1,1,0,0
456,0,1,1,1,0,0,1,0,0,0
542,1,0,0,0,0,1,1,1,1,0
539,1,0,0,0,0,1,1,0,1,1
273,0,1,0,0,0,1,0,0,0,1
42,0,0,0,0,1,0,1,0,1,0
798,1,1,0,0,0,1,1,1,1,0
695,1,0,1,0,1,1,0,1,1,1
354,0,1,0,1,1,0,0,0,1,0
891,1,1,0,1,1,1,1,0,1,1
151,0,0,1,0,0,1,0,1,1,1
461,0,1,1,1,0,0,1,1,0,1
354,0,1,0,1,1,0,0,0,1,0
17,0,0,0,0,0,1,0,0,0,1
346,0,1,0,1,0,1,1,0,1,0
966,1,1,1,1,0,0,0,1,1,0
198,0,0,1,1,0,0,0,1,1,0
277,0,1,0,0,0,1,0,1,0,1
712,1,0,1,1,0,0,1,0,0,0
32,0,0,0,0,1,0,0,0,0,0
376,0,1,0,1,1,1,1,0,0,0
726,1,0,1,1,0,1,0,1,1,0
545,1,0,0,0,1,0,0,0,0,1
21,0,0,0,0,0,1,0,1,0,1
423,0,1,1,0,1,0,0,1,1,1
462,0,1,1,1,0,0,1,1,1,0
821,1,1,0,0,1,1,0,1,0,1
852,1,1,0,1,0,1,0,1,0,0
750,1,0,1,1,1,0,1,1,1,0
989,1,1,1,1,0,1,1,1,0,1
996,1,1,1,1,1,0,0,1,0,0
427,0,1,1,0,1,0,1,0,1,1
417,0,1,1,0,1,0,0,0,0,1
756,1,0,1,1,1,1,0,1,0,0
921,1,1,1,0,0,1,1,0,0,1
803,1,1,0,0,1,0,0,0,1,1
619,1,0,0,1,1,0,1,0,1,1
743,1,0,1,1,1,0,0,1,1,1
789,1,1,0,0,0,1,0,1,0,1
318,0,1,0,0,1,1,1,1,1,0
134,0,0,1,0,0,0,0,1,1,0
16,0,0,0,0,0,1,0,0,0,0
9,0,0,0,0,0,0,1,0,0,1
32,0,0,0,0,1,0,0,0,0,0
883,1,1,0,1,1,1,0,0,1,1
302,0,1,0,0,1,0,1,1,1,0
690,1,0,1,0,1,1,0,0,1,0
829,1,1,0,0,1,1,1,1,0,1
337,0,1,0,1,0,1,0,0,0,1
225,0,0,1,1,1,0,0,0,0,1
355,0,1,0,1,1,0,0,0,1,1
267,0,1,0,0,0,0,1,0,1,1
929,1,1,1,0,1,0,0,0,0,1
519,1,0,0,0,0,0,0,1,1,1
720,1,0,1,1,0,1,0,0,0,0
325,0,1,0,1,0,0,0,1,0,1
832,1,1,0,1,0,0,0,0,0,0
614,1,0,0,1,1,0,0,1,1,0
894,1,1,0,1,1,1,1,1,1,0
215,0,0,1,1,0,1,0,1,1,1
30,0,0,0,0,0,1,1,1,1,0
152,0,0,1,0,0,1,1,0,0,0
1009,1,1,1,1,1,1,0,0,0,1
631,1,0,0,1,1,1,0,1,1,1
639,1,0,0,1,1,1,1,1,1,1
579,1,0,0,1,0,0,0,0,1,1
782,1,1,0,0,0,0,1,1,1,0
957,1,1,1,0,1,1,1,1,0,1
503,0,1,1,1,1,1,0,1,1,1
168,0,0,1,0,1,0,1,0,0,0
31,0,0,0,0,0,1,1,1,1,1
545,1,0,0,0,1,0,0,0,0,1
226,0,0,1,1,1,0,0,0,1,0
950,1,1,1,0,1,1,0,1,1,0
445,0,1,1,0,1,1,1,1,0,1
754,1,0,1,1,1,1,0,0,1,0
192,0,0,1,1,0,0,0,0,0,0
491,0,1,1,1,1,0,1,0,1,1
248,0,0,1,1,1,1,1,0,0,0
95,0,0,0,1,0,1,1,1,1,1
922,1,1,1,0,0,1,1,0,1,0
1005,1,1,1,1,1,0,1,1,0,1
92,0,0,0,1,0,1,1,1,0,0
848,1,1,0,1,0,1,0,0,0,0
662,1,0,1,0,0,1,0,1,1,0
874,1,1,0,1,1,0,1,0,1,0
850,1,1,0,1,0,1,0,0,1,0
392,0,1,1,0,0,0,1,0,0,0
598,1,0,0,1,0,1,0,1,1,0
400,0,1,1,0,0,1,0,0,0,0
613,1,0,0,1,1,0,0,1,0,1
8,0,0,0,0,0,0,1,0,0,0
403,0,1,1,0,0,1,0,0,1,1
203,0,0,1,1,0,0,1,0,1,1
730,1,0,1,1,0,1,1,0,1,0
499,0,1,1,1,1,1,0,0,1,1
451,0,1,1,1,0,0,0,0,1,1
687,1,0,1,0,1,0,1,1,1,1
992,1,1,1,1,1,0,0,0,0,0
414,0,1,1,0,0,1,1,1,1,0
317,0,1,0,0,1,1,1,1,0,1
731,1,0,1,1,0,1,1,0,1,1
241,0,0,1,1,1,1,0,0,0,1
394,0,1,1,0,0,0,1,0,1,0
724,1,0,1,1,0,1,0,1,0,0
719,1,0,1,1,0,0,1,1,1,1
625,1,0,0,1,1,1,0,0,0,1
51,0,0,0,0,1,1,0,0,1,1
82,0,0,0,1,0,1,0,0,1,0
47,0,0,0,0,1,0,1,1,1,1
508,0,1,1,1,1,1,1,1,0,0
322,0,1,0,1,0,0,0,0,1,0
637,1,0,0,1,1,1,1,1,0,1
1004,1,1,1,1,1,0,1,1,0,0
40,0,0,0,0,1,0,1,0,0,0
516,1,0,0,0,0,0,0,1,0,0
88,0,0,0,1,0,1,1,0,0,0
824,1,1,0,0,1,1,1,0,0,0
592,1,0,0,1,0,1,0,0,0,0
109,0,0,0,1,1,0,1,1,0,1
191,0,0,1,0,1,1,1,1,1,1
827,1,1,0,0,1,1,1,0,1,1
1002,1,1,1,1,1,0,1,0,1,0
604,1,0,0,1,0,1,1,1,0,0
438,0,1,1,0,1,1,0,1,1,0
235,0,0,1,1,1,0,1,0,1,1
1002,1,1,1,1,1,0,1,0,1,0
136,0,0,1,0,0,0,1,0,0,0
261,0,1,0,0,0,0,0,1,0,1
236,0,0,1,1,1,0,1,1,0,0
225,0,0,1,1,1,0,0,0,0,1
532,1,0,0,0,0,1,0,1,0,0
8,0,0,0,0,0,0,1,0,0,0
825,1,1,0,0,1,1,1,0,0,1
530,1,0,0,0,0,1,0,0,1,0
817,1,1,0,0,1,1,0,0,0,1
370,0,1,0,1,1,1,0,0,1,0
963,1,1,1,1,0,0,0,0,1,1
545,1,0,0,0,1,0,0,0,0,1
475,0,1,1,1,0,1,1,0,1,1
4,0,0,0,0,0,0,0,1,0,0
853,1,1,0,1,0,1,0,1,0,1
926,1,1,1,0,0,1,1,1,1,0
28,0,0,0,0,0,1,1,1,0,0
195,0,0,1,1,0,0,0,0,1,1
318,0,1,0,0,1,1,1,1,1,0
44,0,0,0,0,1,0,1,1,0,0
327,0,1,0,1,0,0,0,1,1,1
170,0,0,1,0,1,0,1,0,1,0
943,1,1,1,0,1,0,1,1,1,1
144,0,0,1,0,0,1,0,0,0,0
314,0,1,0,0,1,1,1,0,1,0
884,1,1,0,1,1,1,0,1,0,0
1014,1,1,1,1,1,1,0,1,1,0
552,1,0,0,0,1,0,1,0,0,0
841,1,1,0,1,0,0,1,0,0,1
151,0,0,1,0,0,1,0,1,1,1
668,1,0,1,0,0,1,1,1,0,0
360,0,1,0,1,1,0,1,0,0,0
328,0,1,0,1,0,0,1,0,0,0
573,1,0,0,0,1,1,1,1,0,1
926,1,1,1,0,0,1,1,1,1,0
508,0,1,1,1,1,1,1,1,0,0
370,0,1,0,1,1,1,0,0,1,0
98,0,0,0,1,1,0,0,0,1,0
635,1,0,0,1,1,1,1,0,1,1
660,1,0,1,0,0,1,0,1,0,0
866,1,1,0,1,1,0,0,0,1,0
713,1,0,1,1,0,0,1,0,0,1
522,1,0,0,0,0,0,1,0,1,0
176,0,0,1,0,1,1,0,0,0,0
851,1,1,0,1,0,1,0,0,1,1
644,1,0,1,0,0,0,0,1,0,0
473,0,1,1,1,0,1,1,0,0,1
644,1,0,1,0,0,0,0,1,0,0
908,1,1,1,0,0,0,1,1,0,0
444,0,1,1,0,1,1,1,1,0,0
875,1,1,0,1,1,0,1,0,1,1
1008,1,1,1,1,1,1,0,0,0,0
637,1,0,0,1,1,1,1,1,0,1
868,1,1,0,1,1,0,0,1,0,0
588,1,0,0,1,0,0,1,1,0,0
76,0,0,0,1,0,0,1,1,0,0
757,1,0,1,1,1,1,0,1,0,1
137,0,0,1,0,0,0,1,0,0,1
750,1,0,1,1,1,0,1,1,1,0
691,1,0,1,0,1,1,0,0,1,1
745,1,0,1,1,1,0,1,0,0,1
226,0,0,1,1,1,0,0,0,1,0
789,1,1,0,0,0,1,0,1,0,1
146,0,0,1,0,0,1,0,0,1,0
290,0,1,0,0,1,0,0,0,1,0
413,0,1,1,0,0,1,1,1,0,1
121,0,0,0,1,1,1,1,0,0,1
290,0,1,0,0,1,0,0,0,1,0
176,0,0,1,0,1,1,0,0,0,0
147,0,0,1,0,0,1,0,0,1,1
489,0,1,1,1,1,0,1,0,0,1
486,0,1,1,1,1,0,0,1,1,0
475,0,1,1,1,0,1,1,0,1,1
36,0,0,0,0,1,0,0,1,0,0
346,0,1,0,1,0,1,1,0,1,0
510,0,1,1,1,1,1,1,1,1,0
440,0,1,1,0,1,1,1,0,0,0
393,0,1,1,0,0,0,1,0,0,1
617,1,0,0,1,1,0,1,0,0,1
434,0,1,1,0,1,1,0,0,1,0
417,0,1,1,0,1,0,0,0,0,1
965,1,1,1,1,0,0,0,1,0,1
617,1,0,0,1,1,0,1,0,0,1
406,0,1,1,0,0,1,0,1,1,0
28,0,0,0,0,0,1,1,1,0,0
284,0,1,0,0,0,1,1,1,0,0
923,1,1,1,0,0,1,1,0,1,1
794,1,1,0,0,0,1,1,0,1,0
920,1,1,1,0,0,1,1,0,0,0
672,1,0,1,0,1,0,0,0,0,0
238,0,0,1,1,1,0,1,1,1,0
55,0,0,0,0,1,1,0,1,1,1
597,1,0,0,1,0,1,0,1,0,1
499,0,1,1,1,1,1,0,0,1,1
351,0,1,0,1,0,1,1,1,1,1
681,1,0,1,0,1,0,1,0,0,1
950,1,1,1,0,1,1,0,1,1,0
884,1,1,0,1,1,1,0,1,0,0
744,1,0,1,1,1,0,1,0,0,0
517,1,0,0,0,0,0,0,1,0,1
871,1,1,0,1,1,0,0,1,1,1
69,0,0,0,1,0,0,0,1,0,1
572,1,0,0,0,1,1,1,1,0,0
963,1,1,1,1,0,0,0,0,1,1
12,0,0,0,0,0,0,1,1,0,0
895,1,1,0,1,1,1,1,1,1,1
914,1,1,1,0,0,1,0,0,1,0
553,1,0,0,0,1,0,1,0,0,1
494,0,1,1,1,1,0,1,1,1,0
304,0,1,0,0,1,1,0,0,0,0
558,1,0,0,0,1,0,1,1,1,0
365,0,1,0,1,1,0,1,1,0,1
213,0,0,1,1,0,1,0,1,0,1
414,0,1,1,0,0,1,1,1,1,0
850,1,1,0,1,0,1,0,0,1,0
564,1,0,0,0,1,1,0,1,0,0
672,1,0,1,0,1,0,0,0,0,0
816,1,1,0,0,1,1,0,0,0,0
157,0,0,1,0,0,1,1,1,0,1
476,0,1,1,1,0,1,1,1,0,0
108,0,0,0,1,1,0,1,1,0,0
285,0,1,0,0,0,1,1,1,0,1
165,0,0,1,0,1,0,0,1,0,1
512,1,0,0,0,0,0,0,0,0,0
139,0,0,1,0,0,0,1,0,1,1
115,0,0,0,1,1,1,0,0,1,1
812,1,1,0,0,1,0,1,1,0,0
396,0,1,1,0,0,0,1,1,0,0
690,1,0,1,0,1,1,0,0,1,0
233,0,0,1,1,1,0,1,0,0,1
814,1,1,0,0,1,0,1,1,1,0
960,1,1,1,1,0,0,0,0,0,0
423,0,1,1,0,1,0,0,1,1,1
668,1,0,1,0,0,1,1,1,0,0
895,1,1,0,1,1,1,1,1,1,1
404,0,1,1,0,0,1,0,1,0,0
359,0,1,0,1,1,0,0,1,1,1
344,0,1,0,1,0,1,1,0,0,0
130,0,0,1,0,0,0,0,0,1,0
589,1,0,0,1,0,0,1,1,0,1
101,0,0,0,1,1,0,0,1,0,1
989,1,1,1,1,0,1,1,1,0,1
793,1,1,0,0,0,1,1,0,0,1
70,0,0,0,1,0,0,0,1,1,0
38,0,0,0,0,1,0,0,1,1,0
805,1,1,0,0,1,0,0,1,0,1
978,1,1,1,1,0,1,0,0,1,0
837,1,1,0,1,0,0,0,1,0,1
140,0,0,1,0,0,0,1,1,0,0
921,1,1,1,0,0,1,1,0,0,1
651,1,0,1,0,0,0,1,0,1,1
321,0,1,0,1,0,0,0,0,0,1
705,1,0,1,1,0,0,0,0,0,1
834,1,1,0,1,0,0,0,0,1,0
731,1,0,1,1,0,1,1,0,1,1
635,1,0,0,1,1,1,1,0,1,1
732,1,0,1,1,0,1,1,1,0,0
824,1,1,0,0,1,1,1,0,0,0
233,0,0,1,1,1,0,1,0,0,1
967,1,1,1,1,0,0,0,1,1,1
763,1,0,1,1,1,1,1,0,1,1
670,1,0,1,0,0,1,1,1,1,0
97,0,0,0,1,1,0,0,0,0,1
32,0,0,0,0,1,0,0,0,0,0
541,1,0,0,0,0,1,1,1,0,1
493,0,1,1,1,1,0,1,1,0,1
818,1,1,0,0,1,1,0,0,1,0
630,1,0,0,1,1,1,0,1,1,0
322,0,1,0,1,0,0,0,0,1,0
735,1,0,1,1,0,1,1,1,1,1
738,1,0,1,1,1,0,0,0,1,0
154,0,0,1,0,0,1,1,0,1,0
739,1,0,1,1,1,0,0,0,1,1
272,0,1,0,0,0,1,0,0,0,0
390,0,1,1,0,0,0,0,1,1,0
775,1,1,0,0,0,0,0,1,1,1
686,1,0,1,0,1,0,1,1,1,0
359,0,1,0,1,1,0,0,1,1,1
960,1,1,1,1,0,0,0,0,0,0
417,0,1,1,0,1,0,0,0,0,1
106,0,0,0,1,1,0,1,0,1,0
217,0,0,1,1,0,1,1,0,0,1
256,0,1,0,0,0,0,0,0,0,0
1022,1,1,1,1,1,1,1,1,1,0
845,1,1,0,1,0,0,1,1,0,1
925,1,1,1,0,0,1,1,1,0,1
592,1,0,0,1,0,1,0,0,0,0
204,0,0,1,1,0,0,1,1,0,0
647,1,0,1,0,0,0,0,1,1,1
918,1,1,1,0,0,1,0,1,1,0
737,1,0,1,1,1,0,0,0,0,1
40,0,0,0,0,1,0,1,0,0,0
8,0,0,0,0,0,0,1,0,0,0
821,1,1,0,0,1,1,0,1,0,1
23,0,0,0,0,0,1,0,1,1,1
742,1,0,1,1,1,0,0,1,1,0
714,1,0,1,1,0,0,1,0,1,0
232,0,0,1,1,1,0,1,0,0,0
471,0,1,1,1,0,1,0,1,1,1
906,1,1,1,0,0,0,1,0,1,0
864,1,1,0,1,1,0,0,0,0,0
861,1,1,0,1,0,1,1,1,0,1
112,0,0,0,1,1,1,0,0,0,0
167,0,0,1,0,1,0,0,1,1,1
963,1,1,1,1,0,0,0,0,1,1
324,0,1,0,1,0,0,0,1,0,0
367,0,1,0,1,1,0,1,1,1,1
365,0,1,0,1,1,0,1,1,0,1
181,0,0,1,0,1,1,0,1,0,1
15,0,0,0,0,0,0,1,1,1,1
35,0,0,0,0,1,0,0,0,1,1
877,1,1,0,1,1,0,1,1,0,1
915,1,1,1,0,0,1,0,0,1,1
158,0,0,1,0,0,1,1,1,1,0
600,1,0,0,1,0,1,1,0,0,0
947,1,1,1,0,1,1,0,0,1,1
732,1,0,1,1,0,1,1,1,0,0
133,0,0,1,0,0,0,0,1,0,1
279,0,1,0,0,0,1,0,1,1,1
17,0,0,0,0,0,1,0,0,0,1
55,0,0,0,0,1,1,0,1,1,1
314,0,1,0,0,1,1,1,0,1,0
939,1,1,1,0,1,0,1,0,1,1
985,1,1,1,1,0,1,1,0,0,1
163,0,0,1,0,1,0,0,0,1,1
971,1,1,1,1,0,0,1,0,1,1
199,0,0,1,1,0,0,0,1,1,1
885,1,1,0,1,1,1,0,1,0,1
583,1,0,0,1,0,0,0,1,1,1
695,1,0,1,0,1,1,0,1,1,1
316,0,1,0,0,1,1,1,1,0,0
953,1,1,1,0,1,1,1,0,0,1
423,0,1,1,0,1,0,0,1,1,1
773,1,1,0,0,0,0,0,1,0,1
571,1,0,0,0,1,1,1,0,1,1
422,0,1,1,0,1,0,0,1,1,0
771,1,1,0,0,0,0,0,0,1,1
21,0,0,0,0,0,1,0,1,0,1
550,1,0,0,0,1,0,0,1,1,0
15,0,0,0,0,0,0,1,1,1,1
207,0,0,1,1,0,0,1,1,1,1
86,0,0,0,1,0,1,0,1,1,0
234,0,0,1,1,1,0,1,0,1,0
634,1,0,0,1,1,1,1,0,1,0
894,1,1,0,1,1,1,1,1,1,0
371,0,1,0,1,1,1,0,0,1,1
632,1,0,0,1,1,1,1,0,0,0
324,0,1,0,1,0,0,0,1,0,0
61,0,0,0,0,1,1,1,1,0,1
793,1,1,0,0,0,1,1,0,0,1
577,1,0,0,1,0,0,0,0,0,1
718,1,0,1,1,0,0,1,1,1,0
324,0,1,0,1,0,0,0,1,0,0
72,0,0,0,1,0,0,1,0,0,0
265,0,1,0,0,0,0,1,0,0,1
377,0,1,0,1,1,1,1,0,0,1
845,1,1,0,1,0,0,1,1,0,1
730,1,0,1,1,0,1,1,0,1,0
596,1,0,0,1,0,1,0,1,0,0
768,1,1,0,0,0,0,0,0,0,0
969,1,1,1,1,0,0,1,0,0,1
829,1,1,0,0,1,1,1,1,0,1
302,0,1,0,0,1,0,1,1,1,0
689,1,0,1,0,1,1,0,0,0,1
39,0,0,0,0,1,0,0,1,1,1
16,0,0,0,0,0,1,0,0,0,0
252,0,0,1,1,1,1,1,1,0,0
827,1,1,0,0,1,1,1,0,1,1
844,1,1,0,1,0,0,1,1,0,0
112,0,0,0,1,1,1,0,0,0,0
826,1,1,0,0,1,1,1,0,1,0
917,1,1,1,0,0,1,0,1,0,1
222,0,0,1,1,0,1,1,1,1,0
534,1,0,0,0,0,1,0,1,1,0
738,1,0,1,1,1,0,0,0,1,0
974,1,1,1,1,0,0,1,1,1,0
544,1,0,0,0,1,0,0,0,0,0
857,1,1,0,1,0,1,1,0,0,1
808,1,1,0,0,1,0,1,0,0,0
920,1,1,1,0,0,1,1,0,0,0
82,0,0,0,1,0,1,0,0,1,0
950,1,1,1,0,1,1,0,1,1,0
695,1,0,1,0,1,1,0,1,1,1
80,0,0,0,1,0,1,0,0,0,0
694,1,0,1,0,1,1,0,1,1,0
146,0,0,1,0,0,1,0,0,1,0
718,1,0,1,1,0,0,1,1,1,0
825,1,1,0,0,1,1,1,0,0,1
13,0,0,0,0,0,0,1,1,0,1
831,1,1,0,0,1,1,1,1,1,1
370,0,1,0,1,1,1,0,0,1,0
230,0,0,1,1,1,0,0,1,1,0
985,1,1,1,1,0,1,1,0,0,1
703,1,0,1,0,1,1,1,1,1,1
136,0,0,1,0,0,0,1,0,0,0
890,1,1,0,1,1,1,1,0,1,0
477,0,1,1,1,0,1,1,1,0,1
481,0,1,1,1,1,0,0,0,0,1
313,0,1,0,0,1,1,1,0,0,1
476,0,1,1,1,0,1,1,1,0,0
514,1,0,0,0,0,0,0,0,1,0
889,1,1,0,1,1,1,1,0,0,1
845,1,1,0,1,0,0,1,1,0,1
850,1,1,0,1,0,1,0,0,1,0
1010,1,1,1,1,1,1,0,0,1,0
828,1,1,0,0,1,1,1,1,0,0
540,1,0,0,0,0,1,1,1,0,0
988,1,1,1,1,0,1,1,1,0,0
616,1,0,0,1,1,0,1,0,0,0
481,0,1,1,1,1,0,0,0,0,1
206,0,0,1,1,0,0,1,1,1,0
231,0,0,1,1,1,0,0,1,1,1
220,0,0,1,1,0,1,1,1,0,0
26,0,0,0,0,0,1,1,0,1,0
170,0,0,1,0,1,0,1,0,1,0
935,1,1,1,0,1,0,0,1,1,1
727,1,0,1,1,0,1,0,1,1,1
671,1,0,1,0,0,1,1,1,1,1
202,0,0,1,1,0,0,1,0,1,0
902,1,1,1,0,0,0,0,1,1,0
399,0,1,1,0,0,0,1,1,1,1
329,0,1,0,1,0,0,1,0,0,1
461,0,1,1,1,0,0,1,1,0,1
798,1,1,0,0,0,1,1,1,1,0
358,0,1,0,1,1,0,0,1,1,0
136,0,0,1,0,0,0,1,0,0,0
320,0,1,0,1,0,0,0,0,0,0
993,1,1,1,1,1,0,0,0,0,1
617,1,0,0,1,1,0,1,0,0,1
708,1,0,1,1,0,0,0,1,0,0
438,0,1,1,0,1,1,0,1,1,0
996,1,1,1,1,1,0,0,1,0,0
235,0,0,1,1,1,0,1,0,1,1
326,0,1,0,1,0,0,0,1,1,0
186,0,0,1,0,1,1,1,0,1,0
445,0,1,1,0,1,1,1,1,0,1
1020,1,1,1,1,1,1,1,1,0,0
800,1,1,0,0,1,0,0,0,0,0
87,0,0,0,1,0,1,0,1,1,1
681,1,0,1,0,1,0,1,0,0,1
182,0,0,1,0,1,1,0,1,1,0
192,0,0,1,1,0,0,0,0,0,0
57,0,0,0,0,1,1,1,0,0,1
814,1,1,0,0,1,0,1,1,1,0
715,1,0,1,1,0,0,1,0,1,1
508,0,1,1,1,1,1,1,1,0,0
838,1,1,0,1,0,0,0,1,1,0
397,0,1,1,0,0,0,1,1,0,1
717,1,0,1,1,0,0,1,1,0,1
82,0,0,0,1,0,1,0,0,1,0
401,0,1,1,0,0,1,0,0,0,1
957,1,1,1,0,1,1,1,1,0,1
628,1,0,0,1,1,1,0,1,0,0
174,0,0,1,0,1,0,1,1,1,0
326,0,1,0,1,0,0,0,1,1,0
744,1,0,1,1,1,0,1,0,0,0
839,1,1,0,1,0,0,0,1,1,1
307,0,1,0,0,1,1,0,0,1,1
425,0,1,1,0,1,0,1,0,0,1
945,1,1,1,0,1,1,0,0,0,1
334,0,1,0,1,0,0,1,1,1,0
715,1,0,1,1,0,0,1,0,1,1
1022,1,1,1,1,1,1,1,1,1,0
482,0,1,1,1,1,0,0,0,1,0
34,0,0,0,0,1,0,0,0,1,0
396,0,1,1,0,0,0,1,1,0,0
9,0,0,0,0,0,0,1,0,0,1
784,1,1,0,0,0,1,0,0,0,0
532,1,0,0,0,0,1,0,1,0,0
841,1,1,0,1,0,0,1,0,0,1
549,1,0,0,0,1,0,0,1,0,1
668,1,0,1,0,0,1,1,1,0,0
645,1,0,1,0,0,0,0,1,0,1
162,0,0,1,0,1,0,0,0,1,0
758,1,0,1,1,1,1,0,1,1,0
533,1,0,0,0,0,1,0,1,0,1
375,0,1,0,1,1,1,0,1,1,1
248,0,0,1,1,1,1,1,0,0,0
87,0,0,0,1,0,1,0,1,1,1
633,1,0,0,1,1,1,1,0,0,1
1007,1,1,1,1,1,0,1,1,1,1
936,1,1,1,0,1,0,1,0,0,0
378,0,1,0,1,1,1,1,0,1,0
394,0,1,1,0,0,0,1,0,1,0
349,0,1,0,1,0,1,1,1,0,1
713,1,0,1,1,0,0,1,0,0,1
181,0,0,1,0,1,1,0,1,0,1
625,1,0,0,1,1,1,0,0,0,1
80,0,0,0,1,0,1,0,0,0,0
956,1,1,1,0,1,1,1,1,0,0
881,1,1,0,1,1,1,0,0,0,1
898,1,1,1,0,0,0,0,0,1,0
901,1,1,1,0,0,0,0,1,0,1
844,1,1,0,1,0,0,1,1,0,0
532,1,0,0,0,0,1,0,1,0,0
69,0,0,0,1,0,0,0,1,0,1
491,0,1,1,1,1,0,1,0,1,1
943,1,1,1,0,1,0,1,1,1,1
258,0,1,0,0,0,0,0,0,1,0
25,0,0,0,0,0,1,1,0,0,1
473,0,1,1,1,0,1,1,0,0,1
170,0,0,1,0,1,0,1,0,1,0
594,1,0,0,1,0,1,0,0,1,0
658,1,0,1,0,0,1,0,0,1,0
617,1,0,0,1,1,0,1,0,0,1
917,1,1,1,0,0,1,0,1,0,1
177,0,0,1,0,1,1,0,0,0,1
129,0,0,1,0,0,0,0,0,0,1
110,0,0,0,1,1,0,1,1,1,0
742,1,0,1,1,1,0,0,1,1,0
622,1,0,0,1,1,0,1,1,1,0
1,0,0,0,0,0,0,0,0,0,1
148,0,0,1,0,0,1,0,1,0,0
689,1,0,1,0,1,1,0,0,0,1
761,1,0,1,1,1,1,1,0,0,1
417,0,1,1,0,1,0,0,0,0,1
982,1,1,1,1,0,1,0,1,1,0
820,1,1,0,0,1,1,0,1,0,0
732,1,0,1,1,0,1,1,1,0,0
824,1,1,0,0,1,1,1,0,0,0
660,1,0,1,0,0,1,0,1,0,0
292,0,1,0,0,1,0,0,1,0,0
583,1,0,0,1,0,0,0,1,1,1
624,1,0,0,1,1,1,0,0,0,0
611,1,0,0,1,1,0,0,0,1,1
896,1,1,1,0,0,0,0,0,0,0
664,1,0,1,0,0,1,1,0,0,0
230,0,0,1,1,1,0,0,1,1,0
48,0,0,0,0,1,1,0,0,0,0
44,0,0,0,0,1,0,1,1,0,0
553,1,0,0,0,1,0,1,0,0,1
816,1,1,0,0,1,1,0,0,0,0
281,0,1,0,0,0,1,1,0,0,1
471,0,1,1,1,0,1,0,1,1,1
869,1,1,0,1,1,0,0,1,0,1
859,1,1,0,1,0,1,1,0,1,1
217,0,0,1,1,0,1,1,0,0,1
103,0,0,0,1,1,0,0,1,1,1
620,1,0,0,1,1,0,1,1,0,0
940,1,1,1,0,1,0,1,1,0,0
660,1,0,1,0,0,1,0,1,0,0
890,1,1,0,1,1,1,1,0,1,0
987,1,1,1,1,0,1,1,0,1,1
781,1,1,0,0,0,0,1,1,0,1
575,1,0,0,0,1,1,1,1,1,1
33,0,0,0,0,1,0,0,0,0,1
348,0,1,0,1,0,1,1,1,0,0
458,0,1,1,1,0,0,1,0,1,0
914,1,1,1,0,0,1,0,0,1,0
71,0,0,0,1,0,0,0,1,1,1
367,0,1,0,1,1,0,1,1,1,1
589,1,0,0,1,0,0,1,1,0,1
207,0,0,1,1,0,0,1,1,1,1
800,1,1,0,0,1,0,0,0,0,0
123,0,0,0,1,1,1,1,0,1,1
435,0,1,1,0,1,1,0,0,1,1
755,1,0,1,1,1,1,0,0,1,1
39,0,0,0,0,1,0,0,1,1,1
969,1,1,1,1,0,0,1,0,0,1
37,0,0,0,0,1,0,0,1,0,1
237,0,0,1,1,1,0,1,1,0,1
214,0,0,1,1,0,1,0,1,1,0
355,0,1,0,1,1,0,0,0,1,1
205,0,0,1,1,0,0,1,1,0,1
857,1,1,0,1,0,1,1,0,0,1
83,0,0,0,1,0,1,0,0,1,1
407,0,1,1,0,0,1,0,1,1,1
371,0,1,0,1,1,1,0,0,1,1
355,0,1,0,1,1,0,0,0,1,1
462,0,1,1,1,0,0,1,1,1,0
48,0,0,0,0,1,1,0,0,0,0
967,1,1,1,1,0,0,0,1,1,1
886,1,1,0,1,1,1,0,1,1,0
240,0,0,1,1,1,1,0,0,0,0
733,1,0,1,1,0,1,1,1,0,1
881,1,1,0,1,1,1,0,0,0,1
969,1,1,1,1,0,0,1,0,0,1
627,1,0,0,1,1,1,0,0,1,1
925,1,1,1,0,0,1,1,1,0,1
249,0,0,1,1,1,1,1,0,0,1
963,1,1,1,1,0,0,0,0,1,1
606,1,0,0,1,0,1,1,1,1,0
1005,1,1,1,1,1,0,1,1,0,1
1015,1,1,1,1,1,1,0,1,1,1
467,0,1,1,1,0,1,0,0,1,1
330,0,1,0,1,0,0,1,0,1,0
288,0,1,0,0,1,0,0,0,0,0
941,1,1,1,0,1,0,1,1,0,1
33,0,0,0,0,1,0,0,0,0,1
418,0,1,1,0,1,0,0,0,1,0
554,1,0,0,0,1,0,1,0,1,0
286,0,1,0,0,0,1,1,1,1,0
349,0,1,0,1,0,1,1,1,0,1
555,1,0,0,0,1,0,1,0,1,1
739,1,0,1,1,1,0,0,0,1,1
257,0,1,0,0,0,0,0,0,0,1
682,1,0,1,0,1,0,1,0,1,0
287,0,1,0,0,0,1,1,1,1,1
231,0,0,1,1,1,0,0,1,1,1
440,0,1,1,0,1,1,1,0,0,0
264,0,1,0,0,0,0,1,0,0,0
151,0,0,1,0,0,1,0,1,1,1
938,1,1,1,0,1,0,1,0,1,0
555,1,0,0,0,1,0,1,0,1,1
224,0,0,1,1,1,0,0,0,0,0
198,0,0,1,1,0,0,0,1,1,0
684,1,0,1,0,1,0,1,1,0,0
265,0,1,0,0,0,0,1,0,0,1
6,0,0,0,0,0,0,0,1,1,0
364,0,1,0,1,1,0,1,1,0,0
1,0,0,0,0,0,0,0,0,0,1
831,1,1,0,0,1,1,1,1,1,1
406,0,1,1,0,0,1,0,1,1,0
217,0,0,1,1,0,1,1,0,0,1
523,1,0,0,0,0,0,1,0,1,1
872,1,1,0,1,1,0,1,0,0,0
999,1,1,1,1,1,0,0,1,1,1
760,1,0,1,1,1,1,1,0,0,0
816,1,1,0,0,1,1,0,0,0,0
594,1,0,0,1,0,1,0,0,1,0
885,1,1,0,1,1,1,0,1,0,1
994,1,1,1,1,1,0,0,0,1,0
647,1,0,1,0,0,0,0,1,1,1
389,0,1,1,0,0,0,0,1,0,1
37,0,0,0,0,1,0,0,1,0,1
858,1,1,0,1,0,1,1,0,1,0
618,1,0,0,1,1,0,1,0,1,0
308,0,1,0,0,1,1,0,1,0,0
937,1,1,1,0,1,0,1,0,0,1
82,0,0,0,1,0,1,0,0,1,0
232,0,0,1,1,1,0,1,0,0,0
951,1,1,1,0,1,1,0,1,1,1
908,1,1,1,0,0,0,1,1,0,0
1010,1,1,1,1,1,1,0,0,1,0
355,0,1,0,1,1,0,0,0,1,1
795,1,1,0,0,0,1,1,0,1,1
209,0,0,1,1,0,1,0,0,0,1
35,0,0,0,0,1,0,0,0,1,1
43,0,0,0,0,1,0,1,0,1,1
986,1,1,1,1,0,1,1,0,1,0
951,1,1,1,0,1,1,0,1,1,1
493,0,1,1,1,1,0,1,1,0,1
61,0,0,0,0,1,1,1,1,0,1
439,0,1,1,0,1,1,0,1,1,1
310,0,1,0,0,1,1,0,1,1,0
821,1,1,0,0,1,1,0,1,0,1
688,1,0,1,0,1,1,0,0,0,0
531,1,0,0,0,0,1,0,0,1,1
386,0,1,1,0,0,0,0,0,1,0
931,1,1,1,0,1,0,0,0,1,1
709,1,0,1,1,0,0,0,1,0,1
492,0,1,1,1,1,0,1,1,0,0
397,0,1,1,0,0,0,1,1,0,1
705,1,0,1,1,0,0,0,0,0,1
819,1,1,0,0,1,1,0,0,1,1
724,1,0,1,1,0,1,0,1,0,0
87,0,0,0,1,0,1,0,1,1,1
432,0,1,1,0,1,1,0,0,0,0
877,1,1,0,1,1,0,1,1,0,1
419,0,1,1,0,1,0,0,0,1,1
87,0,0,0,1,0,1,0,1,1,1
910,1,1,1,0,0,0,1,1,1,0
548,1,0,0,0,1,0,0,1,0,0
492,0,1,1,1,1,0,1,1,0,0
615,1,0,0,1,1,0,0,1,1,1
124,0,0,0,1,1,1,1,1,0,0
60,0,0,0,0,1,1,1,1,0,0
463,0,1,1,1,0,0,1,1,1,1
843,1,1,0,1,0,0,1,0,1,1
815,1,1,0,0,1,0,1,1,1,1
563,1,0,0,0,1,1,0,0,1,1
805,1,1,0,0,1,0,0,1,0,1
445,0,1,1,0,1,1,1,1,0,1
93,0,0,0,1,0,1,1,1,0,1
432,0,1,1,0,1,1,0,0,0,0
405,0,1,1,0,0,1,0,1,0,1
615,1,0,0,1,1,0,0,1,1,1
27,0,0,0,0,0,1,1,0,1,1
935,1,1,1,0,1,0,0,1,1,1
657,1,0,1,0,0,1,0,0,0,1
297,0,1,0,0,1,0,1,0,0,1
349,0,1,0,1,0,1,1,1,0,1
471,0,1,1,1,0,1,0,1,1,1
332,0,1,0,1,0,0,1,1,0,0
352,0,1,0,1,1,0,0,0,0,0
141,0,0,1,0,0,0,1,1,0,1
126,0,0,0,1,1,1,1,1,1,0
660,1,0,1,0,0,1,0,1,0,0
548,1,0,0,0,1,0,0,1,0,0
624,1,0,0,1,1,1,0,0,0,0
10,0,0,0,0,0,0,1,0,1,0
917,1,1,1,0,0,1,0,1,0,1
969,1,1,1,1,0,0,1,0,0,1
181,0,0,1,0,1,1,0,1,0,1
897,1,1,1,0,0,0,0,0,0,1
2,0,0,0,0,0,0,0,0,1,0
513,1,0,0,0,0,0,0,0,0,1
795,1,1,0,0,0,1,1,0,1,1
421,0,1,1,0,1,0,0,1,0,1
672,1,0,1,0,1,0,0,0,0,0
127,0,0,0,1,1,1,1,1,1,1
755,1,0,1,1,1,1,0,0,1,1
64,0,0,0,1,0,0,0,0,0,0
798,1,1,0,0,0,1,1,1,1,0
513,1,0,0,0,0,0,0,0,0,1
261,0,1,0,0,0,0,0,1,0,1
472,0,1,1,1,0,1,1,0,0,0
578,1,0,0,1,0,0,0,0,1,0
710,1,0,1,1,0,0,0,1,1,0
532,1,0,0,0,0,1,0,1,0,0
824,1,1,0,0,1,1,1,0,0,0
505,0,1,1,1,1,1,1,0,0,1
665,1,0,1,0,0,1,1,0,0,1
351,0,1,0,1,0,1,1,1,1,1
145,0,0,1,0,0,1,0,0,0,1
174,0,0,1,0,1,0,1,1,1,0
541,1,0,0,0,0,1,1,1,0,1
206,0,0,1,1,0,0,1,1,1,0
307,0,1,0,0,1,1,0,0,1,1
949,1,1,1,0,1,1,0,1,0,1
200,0,0,1,1,0,0,1,0,0,0
668,1,0,1,0,0,1,1,1,0,0
695,1,0,1,0,1,1,0,1,1,1
853,1,1,0,1,0,1,0,1,0,1
555,1,0,0,0,1,0,1,0,1,1
387,0,1,1,0,0,0,0,0,1,1
830,1,1,0,0,1,1,1,1,1,0
972,1,1,1,1,0,0,1,1,0,0
511,0,1,1,1,1,1,1,1,1,1
827,1,1,0,0,1,1,1,0,1,1
678,1,0,1,0,1,0,0,1,1,0
582,1,0,0,1,0,0,0,1,1,0
955,1,1,1,0,1,1,1,0,1,1
469,0,1,1,1,0,1,0,1,0,1
170,0,0,1,0,1,0,1,0,1,0
390,0,1,1,0,0,0,0,1,1,0
792,1,1,0,0,0,1,1,0,0,0
750,1,0,1,1,1,0,1,1,1,0
500,0,1,1,1,1,1,0,1,0,0
941,1,1,1,0,1,0,1,1,0,1
315,0,1,0,0,1,1,1,0,1,1
551,1,0,0,0,1,0,0,1,1,1
534,1,0,0,0,0,1,0,1,1,0
1003,1,1,1,1,1,0,1,0,1,1
136,0,0,1,0,0,0,1,0,0,0
604,1,0,0,1,0,1,1,1,0,0
578,1,0,0,1,0,0,0,0,1,0
939,1,1,1,0,1,0,1,0,1,1
1016,1,1,1,1,1,1,1,0,0,0
660,1,0,1,0,0,1,0,1,0,0
332,0,1,0,1,0,0,1,1,0,0
856,1,1,0,1,0,1,1,0,0,0
499,0,1,1,1,1,1,0,0,1,1
371,0,1,0,1,1,1,0,0,1,1
185,0,0,1,0,1,1,1,0,0,1
940,1,1,1,0,1,0,1,1,0,0
40,0,0,0,0,1,0,1,0,0,0
811,1,1,0,0,1,0,1,0,1,1
135,0,0,1,0,0,0,0,1,1,1
874,1,1,0,1,1,0,1,0,1,0
921,1,1,1,0,0,1,1,0,0,1
2,0,0,0,0,0,0,0,0,1,0
119,0,0,0,1,1,1,0,1,1,1
202,0,0,1,1,0,0,1,0,1,0
1010,1,1,1,1,1,1,0,0,1,0
204,0,0,1,1,0,0,1,1,0,0
7,0,0,0,0,0,0,0,1,1,1
157,0,0,1,0,0,1,1,1,0,1
643,1,0,1,0,0,0,0,0,1,1
210,0,0,1,1,0,1,0,0,1,0
464,0,1,1,1,0,1,0,0,0,0
767,1,0,1,1,1,1,1,1,1,1
653,1,0,1,0,0,0,1,1,0,1
435,0,1,1,0,1,1,0,0,1,1
34,0,0,0,0,1,0,0,0,1,0
690,1,0,1,0,1,1,0,0,1,0
271,0,1,0,0,0,0,1,1,1,1
297,0,1,0,0,1,0,1,0,0,1
214,0,0,1,1,0,1,0,1,1,0
666,1,0,1,0,0,1,1,0,1,0
220,0,0,1,1,0,1,1,1,0,0
550,1,0,0,0,1,0,0,1,1,0
673,1,0,1,0,1,0,0,0,0,1
214,0,0,1,1,0,1,0,1,1,0
61,0,0,0,0,1,1,1,1,0,1
926,1,1,1,0,0,1,1,1,1,0
675,1,0,1,0,1,0,0,0,1,1
214,0,0,1,1,0,1,0,1,1,0
916,1,1,1,0,0,1,0,1,0,0
952,1,1,1,0,1,1,1,0,0,0
833,1,1,0,1,0,0,0,0,0,1
680,1,0,1,0,1,0,1,0,0,0
164,0,0,1,0,1,0,0,1,0,0
41,0,0,0,0,1,0,1,0,0,1
655,1,0,1,0,0,0,1,1,1,1
452,0,1,1,1,0,0,0,1,0,0
386,0,1,1,0,0,0,0,0,1,0
220,0,0,1,1,0,1,1,1,0,0
116,0,0,0,1,1,1,0,1,0,0
883,1,1,0,1,1,1,0,0,1,1
39,0,0,0,0,1,0,0,1,1,1
140,0,0,1,0,0,0,1,1,0,0
104,0,0,0,1,1,0,1,0,0,0
1008,1,1,1,1,1,1,0,0,0,0
894,1,1,0,1,1,1,1,1,1,0
768,1,1,0,0,0,0,0,0,0,0
395,0,1,1,0,0,0,1,0,1,1
774,1,1,0,0,0,0,0,1,1,0
875,1,1,0,1,1,0,1,0,1,1
435,0,1,1,0,1,1,0,0,1,1
323,0,1,0,1,0,0,0,0,1,1
91,0,0,0,1,0,1,1,0,1,1
349,0,1,0,1,0,1,1,1,0,1
793,1,1,0,0,0,1,1,0,0,1
834,1,1,0,1,0,0,0,0,1,0
542,1,0,0,0,0,1,1,1,1,0
794,1,1,0,0,0,1,1,0,1,0
322,0,1,0,1,0,0,0,0,1,0
373,0,1,0,1,1,1,0,1,0,1
878,1,1,0,1,1,0,1,1,1,0
561,1,0,0,0,1,1,0,0,0,1
797,1,1,0,0,0,1,1,1,0,1
752,1,0,1,1,1,1,0,0,0,0
535,1,0,0,0,0,1,0,1,1,1
319,0,1,0,0,1,1,1,1,1,1
131,0,0,1,0,0,0,0,0,1,1
217,0,0,1,1,0,1,1,0,0,1
40,0,0,0,0,1,0,1,0,0,0
31,0,0,0,0,0,1,1,1,1,1
60,0,0,0,0,1,1,1,1,0,0
397,0,1,1,0,0,0,1,1,0,1
124,0,0,0,1,1,1,1,1,0,0
890,1,1,0,1,1,1,1,0,1,0
803,1,1,0,0,1,0,0,0,1,1
882,1,1,0,1,1,1,0,0,1,0
308,0,1,0,0,1,1,0,1,0,0
547,1,0,0,0,1,0,0,0,1,1
720,1,0,1,1,0,1,0,0,0,0
257,0,1,0,0,0,0,0,0,0,1
872,1,1,0,1,1,0,1,0,0,0
360,0,1,0,1,1,0,1,0,0,0
716,1,0,1,1,0,0,1,1,0,0
112,0,0,0,1,1,1,0,0,0,0
982,1,1,1,1,0,1,0,1,1,0
94,0,0,0,1,0,1,1,1,1,0
412,0,1,1,0,0,1,1,1,0,0
1008,1,1,1,1,1,1,0,0,0,0
350,0,1,0,1,0,1,1,1,1,0
215,0,0,1,1,0,1,0,1,1,1
674,1,0,1,0,1,0,0,0,1,0
324,0,1,0,1,0,0,0,1,0,0
1016,1,1,1,1,1,1,1,0,0,0
661,1,0,1,0,0,1,0,1,0,1
931,1,1,1,0,1,0,0,0,1,1
869,1,1,0,1,1,0,0,1,0,1
654,1,0,1,0,0,0,1,1,1,0
785,1,1,0,0,0,1,0,0,0,1
629,1,0,0,1,1,1,0,1,0,1
680,1,0,1,0,1,0,1,0,0,0
101,0,0,0,1,1,0,0,1,0,1
537,1,0,0,0,0,1,1,0,0,1
377,0,1,0,1,1,1,1,0,0,1
772,1,1,0,0,0,0,0,1,0,0
237,0,0,1,1,1,0,1,1,0,1
362,0,1,0,1,1,0,1,0,1,0
905,1,1,1,0,0,0,1,0,0,1
69,0,0,0,1,0,0,0,1,0,1
304,0,1,0,0,1,1,0,0,0,0
247,0,0,1,1,1,1,0,1,1,1
718,1,0,1,1,0,0,1,1,1,0
608,1,0,0,1,1,0,0,0,0,0
487,0,1,1,1,1,0,0,1,1,1
831,1,1,0,0,1,1,1,1,1,1
885,1,1,0,1,1,1,0,1,0,1
229,0,0,1,1,1,0,0,1,0,1
387,0,1,1,0,0,0,0,0,1,1
127,0,0,0,1,1,1,1,1,1,1
481,0,1,1,1,1,0,0,0,0,1
273,0,1,0,0,0,1,0,0,0,1
981,1,1,1,1,0,1,0,1,0,1
466,0,1,1,1,0,1,0,0,1,0
665,1,0,1,0,0,1,1,0,0,1
21,0,0,0,0,0,1,0,1,0,1
812,1,1,0,0,1,0,1,1,0,0
212,0,0,1,1,0,1,0,1,0,0
748,1,0,1,1,1,0,1,1,0,0
458,0,1,1,1,0,0,1,0,1,0
124,0,0,0,1,1,1,1,1,0,0
221,0,0,1,1,0,1,1,1,0,1
261,0,1,0,0,0,0,0,1,0,1
748,1,0,1,1,1,0,1,1,0,0
999,1,1,1,1,1,0,0,1,1,1
611,1,0,0,1,1,0,0,0,1,1
659,1,0,1,0,0,1,0,0,1,1
289,0,1,0,0,1,0,0,0,0,1
356,0,1,0,1,1,0,0,1,0,0
709,1,0,1,1,0,0,0,1,0,1
296,0,1,0,0,1,0,1,0,0,0
533,1,0,0,0,0,1,0,1,0,1
669,1,0,1,0,0,1,1,1,0,1
599,1,0,0,1,0,1,0,1,1,1
891,1,1,0,1,1,1,1,0,1,1
220,0,0,1,1,0,1,1,1,0,0
546,1,0,0,0,1,0,0,0,1,0
666,1,0,1,0,0,1,1,0,1,0
664,1,0,1,0,0,1,1,0,0,0
767,1,0,1,1,1,1,1,1,1,1
191,0,0,1,0,1,1,1,1,1,1
903,1,1,1,0,0,0,0,1,1,1
29,0,0,0,0,0,1,1,1,0,1
343,0,1,0,1,0,1,0,1,1,1
230,0,0,1,1,1,0,0,1,1,0
146,0,0,1,0,0,1,0,0,1,0
976,1,1,1,1,0,1,0,0,0,0
545,1,0,0,0,1,0,0,0,0,1
986,1,1,1,1,0,1,1,0,1,0
606,1,0,0,1,0,1,1,1,1,0
32,0,0,0,0,1,0,0,0,0,0
720,1,0,1,1,0,1,0,0,0,0
183,0,0,1,0,1,1,0,1,1,1
588,1,0,0,1,0,0,1,1,0,0
697,1,0,1,0,1,1,1,0,0,1
604,1,0,0,1,0,1,1,1,0,0
606,1,0,0,1,0,1,1,1,1,0
307,0,1,0,0,1,1,0,0,1,1
578,1,0,0,1,0,0,0,0,1,0
497,0,1,1,1,1,1,0,0,0,1
709,1,0,1,1,0,0,0,1,0,1
15,0,0,0,0,0,0,1,1,1,1
923,1,1,1,0,0,1,1,0,1,1
203,0,0,1,1,0,0,1,0,1,1
167,0,0,1,0,1,0,0,1,1,1
674,1,0,1,0,1,0,0,0,1,0
846,1,1,0,1,0,0,1,1,1,0
436,0,1,1,0,1,1,0,1,0,0
661,1,0,1,0,0,1,0,1,0,1
603,1,0,0,1,0,1,1,0,1,1
451,0,1,1,1,0,0,0,0,1,1
871,1,1,0,1,1,0,0,1,1,1
606,1,0,0,1,0,1,1,1,1,0
686,1,0,1,0,1,0,1,1,1,0
217,0,0,1,1,0,1,1,0,0,1
465,0,1,1,1,0,1,0,0,0,1
397,0,1,1,0,0,0,1,1,0,1
410,0,1,1,0,0,1,1,0,1,0
258,0,1,0,0,0,0,0,0,1,0
164,0,0,1,0,1,0,0,1,0,0
529,1,0,0,0,0,1,0,0,0,1
579,1,0,0,1,0,0,0,0,1,1
816,1,1,0,0,1,1,0,0,0,0
290,0,1,0,0,1,0,0,0,1,0
67,0,0,0,1,0,0,0,0,1,1
213,0,0,1,1,0,1,0,1,0,1
236,0,0,1,1,1,0,1,1,0,0
667,1,0,1,0,0,1,1,0,1,1
990,1,1,1,1,0,1,1,1,1,0
438,0,1,1,0,1,1,0,1,1,0
790,1,1,0,0,0,1,0,1,1,0
829,1,1,0,0,1,1,1,1,0,1
799,1,1,0,0,0,1,1,1,1,1
904,1,1,1,0,0,0,1,0,0,0
902,1,1,1,0,0,0,0,1,1,0
821,1,1,0,0,1,1,0,1,0,1
412,0,1,1,0,0,1,1,1,0,0
157,0,0,1,0,0,1,1,1,0,1
328,0,1,0,1,0,0,1,0,0,0
981,1,1,1,1,0,1,0,1,0,1
422,0,1,1,0,1,0,0,1,1,0
719,1,0,1,1,0,0,1,1,1,1
184,0,0,1,0,1,1,1,0,0,0
417,0,1,1,0,1,0,0,0,0,1
820,1,1,0,0,1,1,0,1,0,0
849,1,1,0,1,0,1,0,0,0,1
998,1,1,1,1,1,0,0,1,1,0
939,1,1,1,0,1,0,1,0,1,1
100,0,0,0,1,1,0,0,1,0,0
644,1,0,1,0,0,0,0,1,0,0
117,0,0,0,1,1,1,0,1,0,1
672,1,0,1,0,1,0,0,0,0,0
358,0,1,0,1,1,0,0,1,1,0
461,0,1,1,1,0,0,1,1,0,1
70,0,0,0,1,0,0,0,1,1,0
378,0,1,0,1,1,1,1,0,1,0
502,0,1,1,1,1,1,0,1,1,0
666,1,0,1,0,0,1,1,0,1,0
45,0,0,0,0,1,0,1,1,0,1
412,0,1,1,0,0,1,1,1,0,0
601,1,0,0,1,0,1,1,0,0,1
719,1,0,1,1,0,0,1,1,1,1
759,1,0,1,1,1,1,0,1,1,1
592,1,0,0,1,0,1,0,0,0,0
543,1,0,0,0,0,1,1,1,1,1
272,0,1,0,0,0,1,0,0,0,0
625,1,0,0,1,1,1,0,0,0,1
752,1,0,1,1,1,1,0,0,0,0
319,0,1,0,0,1,1,1,1,1,1
866,1,1,0,1,1,0,0,0,1,0
296,0,1,0,0,1,0,1,0,0,0
519,1,0,0,0,0,0,0,1,1,1
852,1,1,0,1,0,1,0,1,0,0
866,1,1,0,1,1,0,0,0,1,0
300,0,1,0,0,1,0,1,1,0,0
1018,1,1,1,1,1,1,1,0,1,0
611,1,0,0,1,1,0,0,0,1,1
738,1,0,1,1,1,0,0,0,1,0
84,0,0,0,1,0,1,0,1,0,0
608,1,0,0,1,1,0,0,0,0,0
521,1,0,0,0,0,0,1,0,0,1
112,0,0,0,1,1,1,0,0,0,0
846,1,1,0,1,0,0,1,1,1,0
499,0,1,1,1,1,1,0,0,1,1
166,0,0,1,0,1,0,0,1,1,0
960,1,1,1,1,0,0,0,0,0,0
740,1,0,1,1,1,0,0,1,0,0
779,1,1,0,0,0,0,1,0,1,1
845,1,1,0,1,0,0,1,1,0,1
745,1,0,1,1,1,0,1,0,0,1
401,0,1,1,0,0,1,0,0,0,1
973,1,1,1,1,0,0,1,1,0,1
758,1,0,1,1,1,1,0,1,1,0
384,0,1,1,0,0,0,0,0,0,0
506,0,1,1,1,1,1,1,0,1,0
1021,1,1,1,1,1,1,1,1,0,1
771,1,1,0,0,0,0,0,0,1,1
817,1,1,0,0,1,1,0,0,0,1
242,0,0,1,1,1,1,0,0,1,0
437,0,1,1,0,1,1,0,1,0,1
403,0,1,1,0,0,1,0,0,1,1
458,0,1,1,1,0,0,1,0,1,0
557,1,0,0,0,1,0,1,1,0,1
251,0,0,1,1,1,1,1,0,1,1
890,1,1,0,1,1,1,1,0,1,0
560,1,0,0,0,1,1,0,0,0,0
446,0,1,1,0,1,1,1,1,1,0
1022,1,1,1,1,1,1,1,1,1,0
417,0,1,1,0,1,0,0,0,0,1
454,0,1,1,1,0,0,0,1,1,0
615,1,0,0,1,1,0,0,1,1,1
513,1,0,0,0,0,0,0,0,0,1
660,1,0,1,0,0,1,0,1,0,0
892,1,1,0,1,1,1,1,1,0,0
881,1,1,0,1,1,1,0,0,0,1
747,1,0,1,1,1,0,1,0,1,1
732,1,0,1,1,0,1,1,1,0,0
384,0,1,1,0,0,0,0,0,0,0
859,1,1,0,1,0,1,1,0,1,1
821,1,1,0,0,1,1,0,1,0,1
834,1,1,0,1,0,0,0,0,1,0
66,0,0,0,1,0,0,0,0,1,0
645,1,0,1,0,0,0,0,1,0,1
165,0,0,1,0,1,0,0,1,0,1
155,0,0,1,0,0,1,1,0,1,1
544,1,0,0,0,1,0,0,0,0,0
937,1,1,1,0,1,0,1,0,0,1
904,1,1,1,0,0,0,1,0,0,0
487,0,1,1,1,1,0,0,1,1,1
319,0,1,0,0,1,1,1,1,1,1
393,0,1,1,0,0,0,1,0,0,1
748,1,0,1,1,1,0,1,1,0,0
254,0,0,1,1,1,1,1,1,1,0
842,1,1,0,1,0,0,1,0,1,0
410,0,1,1,0,0,1,1,0,1,0
835,1,1,0,1,0,0,0,0,1,1
507,0,1,1,1,1,1,1,0,1,1
75,0,0,0,1,0,0,1,0,1,1
1011,1,1,1,1,1,1,0,0,1,1
915,1,1,1,0,0,1,0,0,1,1
742,1,0,1,1,1,0,0,1,1,0
387,0,1,1,0,0,0,0,0,1,1
757,1,0,1,1,1,1,0,1,0,1
390,0,1,1,0,0,0,0,1,1,0
947,1,1,1,0,1,1,0,0,1,1
331,0,1,0,1,0,0,1,0,1,1
952,1,1,1,0,1,1,1,0,0,0
389,0,1,1,0,0,0,0,1,0,1
721,1,0,1,1,0,1,0,0,0,1
623,1,0,0,1,1,0,1,1,1,1
518,1,0,0,0,0,0,0,1,1,0
573,1,0,0,0,1,1,1,1,0,1
826,1,1,0,0,1,1,1,0,1,0
379,0,1,0,1,1,1,1,0,1,1
186,0,0,1,0,1,1,1,0,1,0
456,0,1,1,1,0,0,1,0,0,0
807,1,1,0,0,1,0,0,1,1,1
382,0,1,0,1,1,1,1,1,1,0
650,1,0,1,0,0,0,1,0,1,0
578,1,0,0,1,0,0,0,0,1,0
806,1,1,0,0,1,0,0,1,1,0
110,0,0,0,1,1,0,1,1,1,0
704,1,0,1,1,0,0,0,0,0,0
468,0,1,1,1,0,1,0,1,0,0
478,0,1,1,1,0,1,1,1,1,0
138,0,0,1,0,0,0,1,0,1,0
762,1,0,1,1,1,1,1,0,1,0
557,1,0,0,0,1,0,1,1,0,1
347,0,1,0,1,0,1,1,0,1,1
844,1,1,0,1,0,0,1,1,0,0
916,1,1,1,0,0,1,0,1,0,0
307,0,1,0,0,1,1,0,0,1,1
494,0,1,1,1,1,0,1,1,1,0
660,1,0,1,0,0,1,0,1,0,0
281,0,1,0,0,0,1,1,0,0,1
736,1,0,1,1,1,0,0,0,0,0
890,1,1,0,1,1,1,1,0,1,0
924,1,1,1,0,0,1,1,1,0,0
398,0,1,1,0,0,0,1,1,1,0
504,0,1,1,1,1,1,1,0,0,0
275,0,1,0,0,0,1,0,0,1,1
578,1,0,0,1,0,0,0,0,1,0
650,1,0,1,0,0,0,1,0,1,0
227,0,0,1,1,1,0,0,0,1,1
223,0,0,1,1,0,1,1,1,1,1
162,0,0,1,0,1,0,0,0,1,0
303,0,1,0,0,1,0,1,1,1,1
367,0,1,0,1,1,0,1,1,1,1
355,0,1,0,1,1,0,0,0,1,1
393,0,1,1,0,0,0,1,0,0,1
291,0,1,0,0,1,0,0,0,1,1
481,0,1,1,1,1,0,0,0,0,1
12,0,0,0,0,0,0,1,1,0,0
403,0,1,1,0,0,1,0,0,1,1
732,1,0,1,1,0,1,1,1,0,0
546,1,0,0,0,1,0,0,0,1,0
85,0,0,0,1,0,1,0,1,0,1
850,1,1,0,1,0,1,0,0,1,0
279,0,1,0,0,0,1,0,1,1,1
526,1,0,0,0,0,0,1,1,1,0
574,1,0,0,0,1,1,1,1,1,0
948,1,1,1,0,1,1,0,1,0,0
934,1,1,1,0,1,0,0,1,1,0
752,1,0,1,1,1,1,0,0,0,0
192,0,0,1,1,0,0,0,0,0,0
830,1,1,0,0,1,1,1,1,1,0
1023,1,1,1,1,1,1,1,1,1,1
732,1,0,1,1,0,1,1,1,0,0
339,0,1,0,1,0,1,0,0,1,1
954,1,1,1,0,1,1,1,0,1,0
949,1,1,1,0,1,1,0,1,0,1
749,1,0,1,1,1,0,1,1,0,1
866,1,1,0,1,1,0,0,0,1,0
835,1,1,0,1,0,0,0,0,1,1
595,1,0,0,1,0,1,0,0,1,1
705,1,0,1,1,0,0,0,0,0,1
270,0,1,0,0,0,0,1,1,1,0
993,1,1,1,1,1,0,0,0,0,1
957,1,1,1,0,1,1,1,1,0,1
155,0,0,1,0,0,1,1,0,1,1
80,0,0,0,1,0,1,0,0,0,0
748,1,0,1,1,1,0,1,1,0,0
131,0,0,1,0,0,0,0,0,1,1
188,0,0,1,0,1,1,1,1,0,0
111,0,0,0,1,1,0,1,1,1,1
195,0,0,1,1,0,0,0,0,1,1
691,1,0,1,0,1,1,0,0,1,1
533,1,0,0,0,0,1,0,1,0,1
339,0,1,0,1,0,1,0,0,1,1
7,0,0,0,0,0,0,0,1,1,1
516,1,0,0,0,0,0,0,1,0,0
30,0,0,0,0,0,1,1,1,1,0
860,1,1,0,1,0,1,1,1,0,0
829,1,1,0,0,1,1,1,1,0,1
1,0,0,0,0,0,0,0,0,0,1
294,0,1,0,0,1,0,0,1,1,0
276,0,1,0,0,0,1,0,1,0,0
462,0,1,1,1,0,0,1,1,1,0
303,0,1,0,0,1,0,1,1,1,1
719,1,0,1,1,0,0,1,1,1,1
487,0,1,1,1,1,0,0,1,1,1
294,0,1,0,0,1,0,0,1,1,0
169,0,0,1,0,1,0,1,0,0,1
535,1,0,0,0,0,1,0,1,1,1
919,1,1,1,0,0,1,0,1,1,1
91,0,0,0,1,0,1,1,0,1,1
946,1,1,1,0,1,1,0,0,1,0
546,1,0,0,0,1,0,0,0,1,0
13,0,0,0,0,0,0,1,1,0,1
118,0,0,0,1,1,1,0,1,1,0
6,0,0,0,0,0,0,0,1,1,0
736,1,0,1,1,1,0,0,0,0,0
412,0,1,1,0,0,1,1,1,0,0
1017,1,1,1,1,1,1,1,0,0,1
990,1,1,1,1,0,1,1,1,1,0
8,0,0,0,0,0,0,1,0,0,0
125,0,0,0,1,1,1,1,1,0,1
507,0,1,1,1,1,1,1,0,1,1
823,1,1,0,0,1,1,0,1,1,1
41,0,0,0,0,1,0,1,0,0,1
579,1,0,0,1,0,0,0,0,1,1
211,0,0,1,1,0,1,0,0,1,1
60,0,0,0,0,1,1,1,1,0,0
581,1,0,0,1,0,0,0,1,0,1
726,1,0,1,1,0,1,0,1,1,0
588,1,0,0,1,0,0,1,1,0,0
37,0,0,0,0,1,0,0,1,0,1
571,1,0,0,0,1,1,1,0,1,1
493,0,1,1,1,1,0,1,1,0,1
237,0,0,1,1,1,0,1,1,0,1
92,0,0,0,1,0,1,1,1,0,0
134,0,0,1,0,0,0,0,1,1,0
530,1,0,0,0,0,1,0,0,1,0
481,0,1,1,1,1,0,0,0,0,1
718,1,0,1,1,0,0,1,1,1,0
444,0,1,1,0,1,1,1,1,0,0
602,1,0,0,1,0,1,1,0,1,0
943,1,1,1,0,1,0,1,1,1,1
720,1,0,1,1,0,1,0,0,0,0
3,0,0,0,0,0,0,0,0,1,1
587,1,0,0,1,0,0,1,0,1,1
68,0,0,0,1,0,0,0,1,0,0
583,1,0,0,1,0,0,0,1,1,1
645,1,0,1,0,0,0,0,1,0,1
842,1,1,0,1,0,0,1,0,1,0
113,0,0,0,1,1,1,0,0,0,1
980,1,1,1,1,0,1,0,1,0,0
512,1,0,0,0,0,0,0,0,0,0
863,1,1,0,1,0,1,1,1,1,1
9,0,0,0,0,0,0,1,0,0,1
913,1,1,1,0,0,1,0,0,0,1
886,1,1,0,1,1,1,0,1,1,0
56,0,0,0,0,1,1,1,0,0,0
233,0,0,1,1,1,0,1,0,0,1
303,0,1,0,0,1,0,1,1,1,1
994,1,1,1,1,1,0,0,0,1,0
173,0,0,1,0,1,0,1,1,0,1
619,1,0,0,1,1,0,1,0,1,1
208,0,0,1,1,0,1,0,0,0,0
179,0,0,1,0,1,1,0,0,1,1
408,0,1,1,0,0,1,1,0,0,0
885,1,1,0,1,1,1,0,1,0,1
95,0,0,0,1,0,1,1,1,1,1
171,0,0,1,0,1,0,1,0,1,1
271,0,1,0,0,0,0,1,1,1,1
621,1,0,0,1,1,0,1,1,0,1
123,0,0,0,1,1,1,1,0,1,1
530,1,0,0,0,0,1,0,0,1,0
349,0,1,0,1,0,1,1,1,0,1
759,1,0,1,1,1,1,0,1,1,1
213,0,0,1,1,0,1,0,1,0,1
689,1,0,1,0,1,1,0,0,0,1
1002,1,1,1,1,1,0,1,0,1,0
320,0,1,0,1,0,0,0,0,0,0
486,0,1,1,1,1,0,0,1,1,0
699,1,0,1,0,1,1,1,0,1,1
138,0,0,1,0,0,0,1,0,1,0
639,1,0,0,1,1,1,1,1,1,1
744,1,0,1,1,1,0,1,0,0,0
19,0,0,0,0,0,1,0,0,1,1
1018,1,1,1,1,1,1,1,0,1,0
802,1,1,0,0,1,0,0,0,1,0
196,0,0,1,1,0,0,0,1,0,0
59,0,0,0,0,1,1,1,0,1,1
41,0,0,0,0,1,0,1,0,0,1
968,1,1,1,1,0,0,1,0,0,0
382,0,1,0,1,1,1,1,1,1,0
504,0,1,1,1,1,1,1,0,0,0
166,0,0,1,0,1,0,0,1,1,0
349,0,1,0,1,0,1,1,1,0,1
91,0,0,0,1,0,1,1,0,1,1
733,1,0,1,1,0,1,1,1,0,1
753,1,0,1,1,1,1,0,0,0,1
912,1,1,1,0,0,1,0,0,0,0
388,0,1,1,0,0,0,0,1,0,0
259,0,1,0,0,0,0,0,0,1,1
332,0,1,0,1,0,0,1,1,0,0
475,0,1,1,1,0,1,1,0,1,1
322,0,1,0,1,0,0,0,0,1,0
154,0,0,1,0,0,1,1,0,1,0
330,0,1,0,1,0,0,1,0,1,0
383,0,1,0,1,1,1,1,1,1,1
951,1,1,1,0,1,1,0,1,1,1
635,1,0,0,1,1,1,1,0,1,1
108,0,0,0,1,1,0,1,1,0,0
893,1,1,0,1,1,1,1,1,0,1
878,1,1,0,1,1,0,1,1,1,0
201,0,0,1,1,0,0,1,0,0,1
400,0,1,1,0,0,1,0,0,0,0
229,0,0,1,1,1,0,0,1,0,1
512,1,0,0,0,0,0,0,0,0,0
374,0,1,0,1,1,1,0,1,1,0
29,0,0,0,0,0,1,1,1,0,1
111,0,0,0,1,1,0,1,1,1,1
203,0,0,1,1,0,0,1,0,1,1
223,0,0,1,1,0,1,1,1,1,1
448,0,1,1,1,0,0,0,0,0,0
897,1,1,1,0,0,0,0,0,0,1
286,0,1,0,0,0,1,1,1,1,0
796,1,1,0,0,0,1,1,1,0,0
132,0,0,1,0,0,0,0,1,0,0
661,1,0,1,0,0,1,0,1,0,1
929,1,1,1,0,1,0,0,0,0,1
709,1,0,1,1,0,0,0,1,0,1
459,0,1,1,1,0,0,1,0,1,1
1009,1,1,1,1,1,1,0,0,0,1
418,0,1,1,0,1,0,0,0,1,0
1010,1,1,1,1,1,1,0,0,1,0
531,1,0,0,0,0,1,0,0,1,1
150,0,0,1,0,0,1,0,1,1,0
526,1,0,0,0,0,0,1,1,1,0
627,1,0,0,1,1,1,0,0,1,1
263,0,1,0,0,0,0,0,1,1,1
475,0,1,1,1,0,1,1,0,1,1
322,0,1,0,1,0,0,0,0,1,0
471,0,1,1,1,0,1,0,1,1,1
0,0,0,0,0,0,0,0,0,0,0
246,0,0,1,1,1,1,0,1,1,0
425,0,1,1,0,1,0,1,0,0,1
845,1,1,0,1,0,0,1,1,0,1
145,0,0,1,0,0,1,0,0,0,1
758,1,0,1,1,1,1,0,1,1,0
334,0,1,0,1,0,0,1,1,1,0
552,1,0,0,0,1,0,1,0,0,0
186,0,0,1,0,1,1,1,0,1,0
262,0,1,0,0,0,0,0,1,1,0
477,0,1,1,1,0,1,1,1,0,1
19,0,0,0,0,0,1,0,0,1,1
411,0,1,1,0,0,1,1,0,1,1
109,0,0,0,1,1,0,1,1,0,1
229,0,0,1,1,1,0,0,1,0,1
938,1,1,1,0,1,0,1,0,1,0
418,0,1,1,0,1,0,0,0,1,0
171,0,0,1,0,1,0,1,0,1,1
978,1,1,1,1,0,1,0,0,1,0
697,1,0,1,0,1,1,1,0,0,1
524,1,0,0,0,0,0,1,1,0,0
788,1,1,0,0,0,1,0,1,0,0
690,1,0,1,0,1,1,0,0,1,0
845,1,1,0,1,0,0,1,1,0,1
560,1,0,0,0,1,1,0,0,0,0
882,1,1,0,1,1,1,0,0,1,0
443,0,1,1,0,1,1,1,0,1,1
34,0,0,0,0,1,0,0,0,1,0
508,0,1,1,1,1,1,1,1,0,0
418,0,1,1,0,1,0,0,0,1,0
548,1,0,0,0,1,0,0,1,0,0
152,0,0,1,0,0,1,1,0,0,0
922,1,1,1,0,0,1,1,0,1,0
703,1,0,1,0,1,1,1,1,1,1
355,0,1,0,1,1,0,0,0,1,1
74,0,0,0,1,0,0,1,0,1,0
33,0,0,0,0,1,0,0,0,0,1
491,0,1,1,1,1,0,1,0,1,1
909,1,1,1,0,0,0,1,1,0,1
808,1,1,0,0,1,0,1,0,0,0
308,0,1,0,0,1,1,0,1,0,0
216,0,0,1,1,0,1,1,0,0,0
294,0,1,0,0,1,0,0,1,1,0
363,0,1,0,1,1,0,1,0,1,1
161,0,0,1,0,1,0,0,0,0,1
6,0,0,0,0,0,0,0,1,1,0
648,1,0,1,0,0,0,1,0,0,0
226,0,0,1,1,1,0,0,0,1,0
590,1,0,0,1,0,0,1,1,1,0
386,0,1,1,0,0,0,0,0,1,0
392,0,1,1,0,0,0,1,0,0,0
535,1,0,0,0,0,1,0,1,1,1
92,0,0,0,1,0,1,1,1,0,0
932,1,1,1,0,1,0,0,1,0,0
515,1,0,0,0,0,0,0,0,1,1
134,0,0,1,0,0,0,0,1,1,0
678,1,0,1,0,1,0,0,1,1,0
850,1,1,0,1,0,1,0,0,1,0
365,0,1,0,1,1,0,1,1,0,1
328,0,1,0,1,0,0,1,0,0,0
747,1,0,1,1,1,0,1,0,1,1
668,1,0,1,0,0,1,1,1,0,0
270,0,1,0,0,0,0,1,1,1,0
393,0,1,1,0,0,0,1,0,0,1
140,0,0,1,0,0,0,1,1,0,0
346,0,1,0,1,0,1,1,0,1,0
759,1,0,1,1,1,1,0,1,1,1
786,1,1,0,0,0,1,0,0,1,0
534,1,0,0,0,0,1,0,1,1,0
987,1,1,1,1,0,1,1,0,1,1
787,1,1,0,0,0,1,0,0,1,1
954,1,1,1,0,1,1,1,0,1,0
348,0,1,0,1,0,1,1,1,0,0
128,0,0,1,0,0,0,0,0,0,0
239,0,0,1,1,1,0,1,1,1,1
905,1,1,1,0,0,0,1,0,0,1
925,1,1,1,0,0,1,1,1,0,1
313,0,1,0,0,1,1,1,0,0,1
705,1,0,1,1,0,0,0,0,0,1
195,0,0,1,1,0,0,0,0,1,1
424,0,1,1,0,1,0,1,0,0,0
945,1,1,1,0,1,1,0,0,0,1
228,0,0,1,1,1,0,0,1,0,0
856,1,1,0,1,0,1,1,0,0,0
640,1,0,1,0,0,0,0,0,0,0
473,0,1,1,1,0,1,1,0,0,1
926,1,1,1,0,0,1,1,1,1,0
371,0,1,0,1,1,1,0,0,1,1
240,0,0,1,1,1,1,0,0,0,0
161,0,0,1,0,1,0,0,0,0,1
793,1,1,0,0,0,1,1,0,0,1
380,0,1,0,1,1,1,1,1,0,0
888,1,1,0,1,1,1,1,0,0,0
281,0,1,0,0,0,1,1,0,0,1
544,1,0,0,0,1,0,0,0,0,0
1022,1,1,1,1,1,1,1,1,1,0
395,0,1,1,0,0,0,1,0,1,1
256,0,1,0,0,0,0,0,0,0,0
687,1,0,1,0,1,0,1,1,1,1
420,0,1,1,0,1,0,0,1,0,0
499,0,1,1,1,1,1,0,0,1,1
89,0,0,0,1,0,1,1,0,0,1
594,1,0,0,1,0,1,0,0,1,0
430,0,1,1,0,1,0,1,1,1,0
200,0,0,1,1,0,0,1,0,0,0
668,1,0,1,0,0,1,1,1,0,0
54,0,0,0,0,1,1,0,1,1,0
690,1,0,1,0,1,1,0,0,1,0
714,1,0,1,1,0,0,1,0,1,0
93,0,0,0,1,0,1,1,1,0,1
606,1,0,0,1,0,1,1,1,1,0
625,1,0,0,1,1,1,0,0,0,1
823,1,1,0,0,1,1,0,1,1,1
159,0,0,1,0,0,1,1,1,1,1
30,0,0,0,0,0,1,1,1,1,0
1001,1,1,1,1,1,0,1,0,0,1
156,0,0,1,0,0,1,1,1,0,0
194,0,0,1,1,0,0,0,0,1,0
946,1,1,1,0,1,1,0,0,1,0
111,0,0,0,1,1,0,1,1,1,1
71,0,0,0,1,0,0,0,1,1,1
801,1,1,0,0,1,0,0,0,0,1
489,0,1,1,1,1,0,1,0,0,1
975,1,1,1,1,0,0,1,1,1,1
828,1,1,0,0,1,1,1,1,0,0
664,1,0,1,0,0,1,1,0,0,0
199,0,0,1,1,0,0,0,1,1,1
244,0,0,1,1,1,1,0,1,0,0
30,0,0,0,0,0,1,1,1,1,0
87,0,0,0,1,0,1,0,1,1,1
405,0,1,1,0,0,1,0,1,0,1
201,0,0,1,1,0,0,1,0,0,1
207,0,0,1,1,0,0,1,1,1,1
569,1,0,0,0,1,1,1,0,0,1
318,0,1,0,0,1,1,1,1,1,0
236,0,0,1,1,1,0,1,1,0,0
584,1,0,0,1,0,0,1,0,0,0
847,1,1,0,1,0,0,1,1,1,1
121,0,0,0,1,1,1,1,0,0,1
711,1,0,1,1,0,0,0,1,1,1
776,1,1,0,0,0,0,1,0,0,0
418,0,1,1,0,1,0,0,0,1,0
978,1,1,1,1,0,1,0,0,1,0
486,0,1,1,1,1,0,0,1,1,0
508,0,1,1,1,1,1,1,1,0,0
62,0,0,0,0,1,1,1,1,1,0
5,0,0,0,0,0,0,0,1,0,1
770,1,1,0,0,0,0,0,0,1,0
17,0,0,0,0,0,1,0,0,0,1
905,1,1,1,0,0,0,1,0,0,1
351,0,1,0,1,0,1,1,1,1,1
105,0,0,0,1,1,0,1,0,0,1
458,0,1,1,1,0,0,1,0,1,0
809,1,1,0,0,1,0,1,0,0,1
9,0,0,0,0,0,0,1,0,0,1
276,0,1,0,0,0,1,0,1,0,0
699,1,0,1,0,1,1,1,0,1,1
382,0,1,0,1,1,1,1,1,1,0
28,0,0,0,0,0,1,1,1,0,0
802,1,1,0,0,1,0,0,0,1,0
894,1,1,0,1,1,1,1,1,1,0
152,0,0,1,0,0,1,1,0,0,0
631,1,0,0,1,1,1,0,1,1,1
773,1,1,0,0,0,0,0,1,0,1
85,0,0,0,1,0,1,0,1,0,1
520,1,0,0,0,0,0,1,0,0,0
510,0,1,1,1,1,1,1,1,1,0
199,0,0,1,1,0,0,0,1,1,1
890,1,1,0,1,1,1,1,0,1,0
148,0,0,1,0,0,1,0,1,0,0
967,1,1,1,1,0,0,0,1,1,1
184,0,0,1,0,1,1,1,0,0,0
585,1,0,0,1,0,0,1,0,0,1
129,0,0,1,0,0,0,0,0,0,1
554,1,0,0,0,1,0,1,0,1,0
645,1,0,1,0,0,0,0,1,0,1
815,1,1,0,0,1,0,1,1,1,1
680,1,0,1,0,1,0,1,0,0,0
911,1,1,1,0,0,0,1,1,1,1
998,1,1,1,1,1,0,0,1,1,0
543,1,0,0,0,0,1,1,1,1,1
791,1,1,0,0,0,1,0,1,1,1
134,0,0,1,0,0,0,0,1,1,0
1014,1,1,1,1,1,1,0,1,1,0
186,0,0,1,0,1,1,1,0,1,0
890,1,1,0,1,1,1,1,0,1,0
806,1,1,0,0,1,0,0,1,1,0
126,0,0,0,1,1,1,1,1,1,0
449,0,1,1,1,0,0,0,0,0,1
774,1,1,0,0,0,0,0,1,1,0
527,1,0,0,0,0,0,1,1,1,1
276,0,1,0,0,0,1,0,1,0,0
358,0,1,0,1,1,0,0,1,1,0
522,1,0,0,0,0,0,1,0,1,0
479,0,1,1,1,0,1,1,1,1,1
306,0,1,0,0,1,1,0,0,1,0
38,0,0,0,0,1,0,0,1,1,0
143,0,0,1,0,0,0,1,1,1,1
704,1,0,1,1,0,0,0,0,0,0
922,1,1,1,0,0,1,1,0,1,0
123,0,0,0,1,1,1,1,0,1,1
128,0,0,1,0,0,0,0,0,0,0
422,0,1,1,0,1,0,0,1,1,0
123,0,0,0,1,1,1,1,0,1,1
527,1,0,0,0,0,0,1,1,1,1
42,0,0,0,0,1,0,1,0,1,0
911,1,1,1,0,0,0,1,1,1,1
345,0,1,0,1,0,1,1,0,0,1
774,1,1,0,0,0,0,0,1,1,0
527,1,0,0,0,0,0,1,1,1,1
444,0,1,1,0,1,1,1,1,0,0
740,1,0,1,1,1,0,0,1,0,0
249,0,0,1,1,1,1,1,0,0,1
923,1,1,1,0,0,1,1,0,1,1
847,1,1,0,1,0,0,1,1,1,1
437,0,1,1,0,1,1,0,1,0,1
191,0,0,1,0,1,1,1,1,1,1
835,1,1,0,1,0,0,0,0,1,1
125,0,0,0,1,1,1,1,1,0,1
62,0,0,0,0,1,1,1,1,1,0
912,1,1,1,0,0,1,0,0,0,0
770,1,1,0,0,0,0,0,0,1,0
920,1,1,1,0,0,1,1,0,0,0
189,0,0,1,0,1,1,1,1,0,1
577,1,0,0,1,0,0,0,0,0,1
42,0,0,0,0,1,0,1,0,1,0
346,0,1,0,1,0,1,1,0,1,0
720,1,0,1,1,0,1,0,0,0,0
4,0,0,0,0,0,0,0,1,0,0
276,0,1,0,0,0,1,0,1,0,0
945,1,1,1,0,1,1,0,0,0,1
159,0,0,1,0,0,1,1,1,1,1
432,0,1,1,0,1,1,0,0,0,0
133,0,0,1,0,0,0,0,1,0,1
701,1,0,1,0,1,1,1,1,0,1
339,0,1,0,1,0,1,0,0,1,1
927,1,1,1,0,0,1,1,1,1,1
119,0,0,0,1,1,1,0,1,1,1
14,0,0,0,0,0,0,1,1,1,0
98,0,0,0,1,1,0,0,0,1,0
799,1,1,0,0,0,1,1,1,1,1
546,1,0,0,0,1,0,0,0,1,0
301,0,1,0,0,1,0,1,1,0,1
26,0,0,0,0,0,1,1,0,1,0
66,0,0,0,1,0,0,0,0,1,0
991,1,1,1,1,0,1,1,1,1,1
214,0,0,1,1,0,1,0,1,1,0
852,1,1,0,1,0,1,0,1,0,0
427,0,1,1,0,1,0,1,0,1,1
1009,1,1,1,1,1,1,0,0,0,1
512,1,0,0,0,0,0,0,0,0,0
461,0,1,1,1,0,0,1,1,0,1
1021,1,1,1,1,1,1,1,1,0,1
127,0,0,0,1,1,1,1,1,1,1
886,1,1,0,1,1,1,0,1,1,0
618,1,0,0,1,1,0,1,0,1,0
556,1,0,0,0,1,0,1,1,0,0
594,1,0,0,1,0,1,0,0,1,0
637,1,0,0,1,1,1,1,1,0,1
1012,1,1,1,1,1,1,0,1,0,0
208,0,0,1,1,0,1,0,0,0,0
501,0,1,1,1,1,1,0,1,0,1
12,0,0,0,0,0,0,1,1,0,0
686,1,0,1,0,1,0,1,1,1,0
791,1,1,0,0,0,1,0,1,1,1
769,1,1,0,0,0,0,0,0,0,1
965,1,1,1,1,0,0,0,1,0,1
706,1,0,1,1,0,0,0,0,1,0
115,0,0,0,1,1,1,0,0,1,1
307,0,1,0,0,1,1,0,0,1,1
736,1,0,1,1,1,0,0,0,0,0
651,1,0,1,0,0,0,1,0,1,1
423,0,1,1,0,1,0,0,1,1,1
599,1,0,0,1,0,1,0,1,1,1
619,1,0,0,1,1,0,1,0,1,1
51,0,0,0,0,1,1,0,0,1,1
602,1,0,0,1,0,1,1,0,1,0
895,1,1,0,1,1,1,1,1,1,1
341,0,1,0,1,0,1,0,1,0,1
1010,1,1,1,1,1,1,0,0,1,0
373,0,1,0,1,1,1,0,1,0,1
746,1,0,1,1,1,0,1,0,1,0
369,0,1,0,1,1,1,0,0,0,1
896,1,1,1,0,0,0,0,0,0,0
392,0,1,1,0,0,0,1,0,0,0
126,0,0,0,1,1,1,1,1,1,0
685,1,0,1,0,1,0,1,1,0,1
779,1,1,0,0,0,0,1,0,1,1
887,1,1,0,1,1,1,0,1,1,1
827,1,1,0,0,1,1,1,0,1,1
989,1,1,1,1,0,1,1,1,0,1
110,0,0,0,1,1,0,1,1,1,0
465,0,1,1,1,0,1,0,0,0,1
748,1,0,1,1,1,0,1,1,0,0
471,0,1,1,1,0,1,0,1,1,1
874,1,1,0,1,1,0,1,0,1,0
178,0,0,1,0,1,1,0,0,1,0
267,0,1,0,0,0,0,1,0,1,1
722,1,0,1,1,0,1,0,0,1,0
728,1,0,1,1,0,1,1,0,0,0
680,1,0,1,0,1,0,1,0,0,0
66,0,0,0,1,0,0,0,0,1,0
871,1,1,0,1,1,0,0,1,1,1
798,1,1,0,0,0,1,1,1,1,0
313,0,1,0,0,1,1,1,0,0,1
285,0,1,0,0,0,1,1,1,0,1
131,0,0,1,0,0,0,0,0,1,1
645,1,0,1,0,0,0,0,1,0,1
900,1,1,1,0,0,0,0,1,0,0
144,0,0,1,0,0,1,0,0,0,0
803,1,1,0,0,1,0,0,0,1,1
973,1,1,1,1,0,0,1,1,0,1
832,1,1,0,1,0,0,0,0,0,0
895,1,1,0,1,1,1,1,1,1,1
392,0,1,1,0,0,0,1,0,0,0
479,0,1,1,1,0,1,1,1,1,1
823,1,1,0,0,1,1,0,1,1,1
80,0,0,0,1,0,1,0,0,0,0
499,0,1,1,1,1,1,0,0,1,1
818,1,1,0,0,1,1,0,0,1,0
681,1,0,1,0,1,0,1,0,0,1
827,1,1,0,0,1,1,1,0,1,1
274,0,1,0,0,0,1,0,0,1,0
331,0,1,0,1,0,0,1,0,1,1
288,0,1,0,0,1,0,0,0,0,0
186,0,0,1,0,1,1,1,0,1,0
865,1,1,0,1,1,0,0,0,0,1
230,0,0,1,1,1,0,0,1,1,0
230,0,0,1,1,1,0,0,1,1,0
534,1,0,0,0,0,1,0,1,1,0
1002,1,1,1,1,1,0,1,0,1,0
914,1,1,1,0,0,1,0,0,1,0
531,1,0,0,0,0,1,0,0,1,1
795,1,1,0,0,0,1,1,0,1,1
201,0,0,1,1,0,0,1,0,0,1
893,1,1,0,1,1,1,1,1,0,1
667,1,0,1,0,0,1,1,0,1,1
897,1,1,1,0,0,0,0,0,0,1
626,1,0,0,1,1,1,0,0,1,0
471,0,1,1,1,0,1,0,1,1,1
746,1,0,1,1,1,0,1,0,1,0
18,0,0,0,0,0,1,0,0,1,0
483,0,1,1,1,1,0,0,0,1,1
877,1,1,0,1,1,0,1,1,0,1
713,1,0,1,1,0,0,1,0,0,1
918,1,1,1,0,0,1,0,1,1,0
879,1,1,0,1,1,0,1,1,1,1
883,1,1,0,1,1,1,0,0,1,1
540,1,0,0,0,0,1,1,1,0,0
330,0,1,0,1,0,0,1,0,1,0
302,0,1,0,0,1,0,1,1,1,0
733,1,0,1,1,0,1,1,1,0,1
29,0,0,0,0,0,1,1,1,0,1
876,1,1,0,1,1,0,1,1,0,0
163,0,0,1,0,1,0,0,0,1,1
793,1,1,0,0,0,1,1,0,0,1
561,1,0,0,0,1,1,0,0,0,1
572,1,0,0,0,1,1,1,1,0,0
931,1,1,1,0,1,0,0,0,1,1
806,1,1,0,0,1,0,0,1,1,0
686,1,0,1,0,1,0,1,1,1,0
832,1,1,0,1,0,0,0,0,0,0
678,1,0,1,0,1,0,0,1,1,0
403,0,1,1,0,0,1,0,0,1,1
251,0,0,1,1,1,1,1,0,1,1
604,1,0,0,1,0,1,1,1,0,0
346,0,1,0,1,0,1,1,0,1,0
888,1,1,0,1,1,1,1,0,0,0
615,1,0,0,1,1,0,0,1,1,1
609,1,0,0,1,1,0,0,0,0,1
444,0,1,1,0,1,1,1,1,0,0
421,0,1,1,0,1,0,0,1,0,1
414,0,1,1,0,0,1,1,1,1,0
462,0,1,1,1,0,0,1,1,1,0
474,0,1,1,1,0,1,1,0,1,0
564,1,0,0,0,1,1,0,1,0,0
366,0,1,0,1,1,0,1,1,1,0
598,1,0,0,1,0,1,0,1,1,0
51,0,0,0,0,1,1,0,0,1,1
650,1,0,1,0,0,0,1,0,1,0
798,1,1,0,0,0,1,1,1,1,0
717,1,0,1,1,0,0,1,1,0,1
546,1,0,0,0,1,0,0,0,1,0
855,1,1,0,1,0,1,0,1,1,1
164,0,0,1,0,1,0,0,1,0,0
833,1,1,0,1,0,0,0,0,0,1
630,1,0,0,1,1,1,0,1,1,0
910,1,1,1,0,0,0,1,1,1,0
477,0,1,1,1,0,1,1,1,0,1
151,0,0,1,0,0,1,0,1,1,1
566,1,0,0,0,1,1,0,1,1,0
465,0,1,1,1,0,1,0,0,0,1
92,0,0,0,1,0,1,1,1,0,0
752,1,0,1,1,1,1,0,0,0,0
859,1,1,0,1,0,1,1,0,1,1
117,0,0,0,1,1,1,0,1,0,1
878,1,1,0,1,1,0,1,1,1,0
810,1,1,0,0,1,0,1,0,1,0
271,0,1,0,0,0,0,1,1,1,1
133,0,0,1,0,0,0,0,1,0,1
497,0,1,1,1,1,1,0,0,0,1
509,0,1,1,1,1,1,1,1,0,1
530,1,0,0,0,0,1,0,0,1,0
441,0,1,1,0,1,1,1,0,0,1
770,1,1,0,0,0,0,0,0,1,0
255,0,0,1,1,1,1,1,1,1,1
32,0,0,0,0,1,0,0,0,0,0
744,1,0,1,1,1,0,1,0,0,0
622,1,0,0,1,1,0,1,1,1,0
520,1,0,0,0,0,0,1,0,0,0
738,1,0,1,1,1,0,0,0,1,0
332,0,1,0,1,0,0,1,1,0,0
290,0,1,0,0,1,0,0,0,1,0
765,1,0,1,1,1,1,1,1,0,1
136,0,0,1,0,0,0,1,0,0,0
804,1,1,0,0,1,0,0,1,0,0
494,0,1,1,1,1,0,1,1,1,0
340,0,1,0,1,0,1,0,1,0,0
819,1,1,0,0,1,1,0,0,1,1
83,0,0,0,1,0,1,0,0,1,1
595,1,0,0,1,0,1,0,0,1,1
538,1,0,0,0,0,1,1,0,1,0
810,1,1,0,0,1,0,1,0,1,0
722,1,0,1,1,0,1,0,0,1,0
36,0,0,0,0,1,0,0,1,0,0
925,1,1,1,0,0,1,1,1,0,1
379,0,1,0,1,1,1,1,0,1,1
736,1,0,1,1,1,0,0,0,0,0
371,0,1,0,1,1,1,0,0,1,1
736,1,0,1,1,1,0,0,0,0,0
935,1,1,1,0,1,0,0,1,1,1
458,0,1,1,1,0,0,1,0,1,0
604,1,0,0,1,0,1,1,1,0,0
890,1,1,0,1,1,1,1,0,1,0
120,0,0,0,1,1,1,1,0,0,0
584,1,0,0,1,0,0,1,0,0,0
154,0,0,1,0,0,1,1,0,1,0
346,0,1,0,1,0,1,1,0,1,0
88,0,0,0,1,0,1,1,0,0,0
453,0,1,1,1,0,0,0,1,0,1
319,0,1,0,0,1,1,1,1,1,1
1007,1,1,1,1,1,0,1,1,1,1
634,1,0,0,1,1,1,1,0,1,0
86,0,0,0,1,0,1,0,1,1,0
79,0,0,0,1,0,0,1,1,1,1
547,1,0,0,0,1,0,0,0,1,1
62,0,0,0,0,1,1,1,1,1,0
860,1,1,0,1,0,1,1,1,0,0
316,0,1,0,0,1,1,1,1,0,0
451,0,1,1,1,0,0,0,0,1,1
536,1,0,0,0,0,1,1,0,0,0
543,1,0,0,0,0,1,1,1,1,1
9,0,0,0,0,0,0,1,0,0,1
829,1,1,0,0,1,1,1,1,0,1
589,1,0,0,1,0,0,1,1,0,1
523,1,0,0,0,0,0,1,0,1,1
949,1,1,1,0,1,1,0,1,0,1
159,0,0,1,0,0,1,1,1,1,1
767,1,0,1,1,1,1,1,1,1,1
565,1,0,0,0,1,1,0,1,0,1
939,1,1,1,0,1,0,1,0,1,1
772,1,1,0,0,0,0,0,1,0,0
269,0,1,0,0,0,0,1,1,0,1
767,1,0,1,1,1,1,1,1,1,1
457,0,1,1,1,0,0,1,0,0,1
4,0,0,0,0,0,0,0,1,0,0
468,0,1,1,1,0,1,0,1,0,0
498,0,1,1,1,1,1,0,0,1,0
592,1,0,0,1,0,1,0,0,0,0
887,1,1,0,1,1,1,0,1,1,1
630,1,0,0,1,1,1,0,1,1,0
256,0,1,0,0,0,0,0,0,0,0
887,1,1,0,1,1,1,0,1,1,1
744,1,0,1,1,1,0,1,0,0,0
567,1,0,0,0,1,1,0,1,1,1
410,0,1,1,0,0,1,1,0,1,0
365,0,1,0,1,1,0,1,1,0,1
247,0,0,1,1,1,1,0,1,1,1
76,0,0,0,1,0,0,1,1,0,0
774,1,1,0,0,0,0,0,1,1,0
997,1,1,1,1,1,0,0,1,0,1
697,1,0,1,0,1,1,1,0,0,1
372,0,1,0,1,1,1,0,1,0,0
102,0,0,0,1,1,0,0,1,1,0
97,0,0,0,1,1,0,0,0,0,1
334,0,1,0,1,0,0,1,1,1,0
625,1,0,0,1,1,1,0,0,0,1
698,1,0,1,0,1,1,1,0,1,0
85,0,0,0,1,0,1,0,1,0,1
245,0,0,1,1,1,1,0,1,0,1
767,1,0,1,1,1,1,1,1,1,1
891,1,1,0,1,1,1,1,0,1,1
415,0,1,1,0,0,1,1,1,1,1
312,0,1,0,0,1,1,1,0,0,0
860,1,1,0,1,0,1,1,1,0,0
568,1,0,0,0,1,1,1,0,0,0
120,0,0,0,1,1,1,1,0,0,0
499,0,1,1,1,1,1,0,0,1,1
280,0,1,0,0,0,1,1,0,0,0
38,0,0,0,0,1,0,0,1,1,0
606,1,0,0,1,0,1,1,1,1,0
123,0,0,0,1,1,1,1,0,1,1
911,1,1,1,0,0,0,1,1,1,1
199,0,0,1,1,0,0,0,1,1,1
397,0,1,1,0,0,0,1,1,0,1
780,1,1,0,0,0,0,1,1,0,0
852,1,1,0,1,0,1,0,1,0,0
641,1,0,1,0,0,0,0,0,0,1
506,0,1,1,1,1,1,1,0,1,0
38,0,0,0,0,1,0,0,1,1,0
780,1,1,0,0,0,0,1,1,0,0
42,0,0,0,0,1,0,1,0,1,0
773,1,1,0,0,0,0,0,1,0,1
542,1,0,0,0,0,1,1,1,1,0
754,1,0,1,1,1,1,0,0,1,0
939,1,1,1,0,1,0,1,0,1,1
